0,4a80bb53-a111-49ef-8dbc-3dc71e933440,235167237,2021-01-13T21:45:37.701Z,2021-01-13T21:45:37.701Z,1,看起來好像沒比較方便耶~~,0.0,M,nknu,https://www.dcard.tw/f/nknu/p/235167237,dcard,comment,看起來好像沒比較方便耶,"['看起來', '好像', '沒', '比較', '方便', '耶']","['好像', '比較', '方便', '耶']",[],positive
1,d4de3bd8-e554-448c-acc0-d5d636958b24,235165137,2021-01-14T00:26:01.824Z,2021-01-14T00:26:01.824Z,1,讀高師，被笑死,0.0,M,nknu,https://www.dcard.tw/f/nknu/p/235165137,dcard,comment,讀高師被笑死,"['讀', '高師', '被', '笑死']","['讀', '高師', '笑死']",[],positive
2,21243bbe-9dfc-490e-a201-7fd3481d513b,235165137,2021-01-14T00:26:43.345Z,2021-01-14T00:26:43.345Z,2,半三小，字打好,0.0,M,nknu,https://www.dcard.tw/f/nknu/p/235165137,dcard,comment,半三小字打好,"['半', '三', '小', '字', '打好']","['小', '字', '打好']",[],neutral
3,c22e5d5c-109c-4ea9-8c3a-7be74e24670a,235165137,2021-01-14T02:11:07.776Z,2021-01-14T02:11:07.776Z,3,該退,0.0,M,nknu,https://www.dcard.tw/f/nknu/p/235165137,dcard,comment,該退,"['該', '退']",['退'],[],neutral
4,c3d351f2-7a5a-40e0-8ca6-8a54c01882f5,235165137,2021-01-14T02:48:26.065Z,2021-01-14T02:48:26.065Z,4,"比廢物還不如。
結案",0.0,M,nknu,https://www.dcard.tw/f/nknu/p/235165137,dcard,comment,比廢物還不如結案,"['比', '廢物', '還不如', '結案']","['廢物', '還不如', '結案']",[],negative
5,a8b9937a-fb7d-4f5f-9868-c3bed0122746,235164277,2021-01-13T09:35:20.636Z,2021-01-13T09:35:20.636Z,1,全部無感,0.0,M,nknu,https://www.dcard.tw/f/nknu/p/235164277,dcard,comment,全部無感,"['全部', '無', '感']","['全部', '無', '感']",[],neutral
6,da0ea49a-e246-4c42-8525-5113651e2b51,235164277,2021-01-13T10:40:24.068Z,2021-01-13T10:40:24.068Z,2,抱歉只體驗過3,0.0,M,nknu,https://www.dcard.tw/f/nknu/p/235164277,dcard,comment,抱歉只體驗過,"['抱歉', '只', '體驗', '過']","['抱歉', '只', '體驗']",[],negative
7,750bbaf9-eea3-40a9-9953-afa39ff88794,235164277,2021-01-14T02:49:05.599Z,2021-01-14T02:49:05.599Z,3,5,0.0,M,nknu,https://www.dcard.tw/f/nknu/p/235164277,dcard,comment,,,[],[],neutral
8,dd3eef7c-c249-4c56-aa9d-49c1a8e1e3c6,235163309,2021-01-13T08:17:18.736Z,2021-01-13T08:17:18.736Z,1,比另一班詞選輕鬆就是了。,1.0,M,nknu,https://www.dcard.tw/f/nknu/p/235163309,dcard,comment,比另一班詞選輕鬆就是了,"['比', '另', '一', '班', '詞選', '輕鬆', '就是了']","['班', '詞選', '輕鬆', '就是了']",[],positive
9,9cbf9344-bf58-42b1-8a38-d5cbb5bef6da,235163309,2021-01-13T10:25:54.098Z,2021-01-13T10:25:54.098Z,2,"一個字 佛
兩個字 超佛
三個字 超級佛",1.0,M,nknu,https://www.dcard.tw/f/nknu/p/235163309,dcard,comment,一個字佛兩個字超佛三個字超級佛,"['一', '個', '字', '佛', '兩', '個', '字', '超佛', '三', '個', '字', '超級', '佛']","['字', '佛', '兩', '字', '超佛', '字', '超級', '佛']",[],neutral
10,c6ab5fbd-ac08-4c58-b5e3-e3b389a94e12,235163309,2021-01-13T11:00:17.941Z,2021-01-13T11:00:17.941Z,3,B1 B2 謝謝你們！😍,0.0,F,nknu,https://www.dcard.tw/f/nknu/p/235163309,dcard,comment,謝謝你們,"['謝謝', '你們']",['謝謝'],[],positive
11,acf2af89-d852-4d3e-80bb-5a542be96221,235163309,2021-01-13T11:15:27.523Z,2021-01-13T11:15:27.523Z,4,但惠美人還是很好的……,0.0,F,nknu,https://www.dcard.tw/f/nknu/p/235163309,dcard,comment,但惠美人還是很好的,"['但', '惠', '美人', '還是', '很', '好', '的']","['惠', '美人', '好']",[],positive
12,5987f5be-a4ff-43c5-8c53-4e21982b43d5,235158196,2021-01-12T09:40:39.453Z,2021-01-12T09:40:39.453Z,1,"我這邊早就撥款了喔
我也拿去買台積電了",0.0,M,nknu,https://www.dcard.tw/f/nknu/p/235158196,dcard,comment,我這邊早就撥款了喔我也拿去買台積電了,"['我', '這邊', '早', '就', '撥款', '了', '喔', '我', '也', '拿去', '買', '台積電', '了']","['早', '撥款', '拿去', '買', '台積電']",[],neutral
13,bafce59a-a5e3-4163-8957-ca38b57ed406,235155474,2021-01-11T16:41:42.408Z,2021-01-11T17:18:03.512Z,1,,,,nknu,https://www.dcard.tw/f/nknu/p/235155474,dcard,comment,,,[],[],neutral
14,635a22ff-ec7f-4174-b1ed-959e1bc91a2f,235155474,2021-01-12T00:41:16.271Z,2021-01-12T00:41:16.271Z,2,我想要看妹仔尻尻,0.0,M,nknu,https://www.dcard.tw/f/nknu/p/235155474,dcard,comment,我想要看妹仔尻尻,"['我', '想要', '看', '妹仔尻', '尻']","['想要', '妹仔尻', '尻']",[],neutral
15,296228ad-11c8-4014-b356-a32e5d2b7176,235155474,2021-01-12T08:48:15.591Z,2021-01-12T08:48:15.591Z,3,muse 阿,0.0,M,nknu,https://www.dcard.tw/f/nknu/p/235155474,dcard,comment,阿,阿,[],[],neutral
16,4dbea19b-a0b4-445d-bd88-fe9c854e268c,235155474,2021-01-12T10:54:36.604Z,2021-01-12T10:54:36.604Z,4,有妹子在跟,0.0,M,nknu,https://www.dcard.tw/f/nknu/p/235155474,dcard,comment,有妹子在跟,"['有', '妹子', '在', '跟']",['妹子'],[],neutral
17,ed154b73-3b97-49d2-855e-40bb9d813329,235155474,2021-01-12T14:08:15.367Z,2021-01-12T14:08:15.367Z,5,去你家可以嗎,0.0,F,nknu,https://www.dcard.tw/f/nknu/p/235155474,dcard,comment,去你家可以嗎,"['去', '你', '家', '可以', '嗎']",['家'],[],neutral
18,ca469265-5bbe-48df-9c26-c5d8cb80ce3b,235155474,2021-01-12T16:36:29.845Z,2021-01-12T16:36:29.845Z,6,"B3 走啊
B4 有是有但不缺男的
B5 當然可以呀～",0.0,M,nknu,https://www.dcard.tw/f/nknu/p/235155474,dcard,comment,走啊有是有但不缺男的當然可以呀,"['走', '啊', '有', '是', '有', '但', '不', '缺男', '的', '當然', '可以', '呀']","['走', '缺男']",[],positive
19,3527819c-a8ff-494f-bed1-3a2162c15399,235155474,2021-01-13T06:06:36.315Z,2021-01-13T06:06:36.315Z,7,想去夜店幹+9妹的鮑鮑,0.0,M,nknu,https://www.dcard.tw/f/nknu/p/235155474,dcard,comment,想去夜店幹妹的鮑鮑,"['想', '去', '夜店', '幹', '妹', '的', '鮑', '鮑']","['想', '夜店', '幹', '妹', '鮑', '鮑']",[],neutral
20,cc81cba6-5e05-4e51-9bf0-e3297e1c31e5,235155474,2021-01-14T02:07:40.611Z,2021-01-14T02:07:40.611Z,8,高雄夜店去膩了,0.0,M,nknu,https://www.dcard.tw/f/nknu/p/235155474,dcard,comment,高雄夜店去膩了,"['高雄', '夜店', '去', '膩', '了']","['高雄', '夜店', '膩']",[],neutral
21,35e2d669-19f6-4a34-97e2-b12b90409aaa,235154790,2021-01-11T16:14:26.063Z,2021-01-11T16:14:26.063Z,1,看來以後繳交文件要跟停車一樣先拍照了,6.0,M,nknu,https://www.dcard.tw/f/nknu/p/235154790,dcard,comment,看來以後繳交文件要跟停車一樣先拍照了,"['看來', '以後', '繳交', '文件', '要', '跟', '停車', '一樣', '先', '拍照', '了']","['以後', '繳交', '文件', '停車', '先', '拍照']",[],neutral
22,9fc66a4d-4db6-4343-94fd-6247bad3a942,235154790,2021-01-12T00:41:31.721Z,2021-01-12T00:41:31.721Z,2,是 你活該,1.0,M,nknu,https://www.dcard.tw/f/nknu/p/235154790,dcard,comment,是你活該,"['是', '你', '活該']",['活該'],[],negative
23,28242203-2cb1-4c95-b3d5-b42c1e8bf3e3,235154790,2021-01-12T06:51:33.114Z,2021-01-12T06:51:33.114Z,3,B2 對啦，你有得活該？,1.0,M,nknu,https://www.dcard.tw/f/nknu/p/235154790,dcard,comment,對啦你有得活該,"['對', '啦', '你', '有得', '活該']","['有得', '活該']",[],negative
24,895c04fe-fcfb-4958-a954-6e555f3f1ca6,235154790,2021-01-12T07:00:31.619Z,2021-01-12T07:00:31.619Z,4,好奇如果當下有繳交紀錄的證明，師培中心的人不知道會怎麼處理，幫你寫一份嗎😂,1.0,M,nknu,https://www.dcard.tw/f/nknu/p/235154790,dcard,comment,好奇如果當下有繳交紀錄的證明師培中心的人不知道會怎麼處理幫你寫一份嗎,"['好奇', '如果', '當下', '有', '繳交', '紀錄', '的', '證明', '師培', '中心', '的', '人', '不', '知道', '會', '怎麼', '處理', '幫', '你', '寫', '一', '份', '嗎']","['好奇', '繳交', '紀錄', '證明', '師培', '中心', '人', '知道', '處理', '幫', '寫', '份']",[],positive
25,4d5ce81e-4079-456c-801c-e0b4020a1184,235154790,2021-01-12T10:47:30.202Z,2021-01-12T10:47:30.202Z,5,"我以為燕巢行政很爛和平還好
沒想到🤷‍♀️",0.0,F,nknu,https://www.dcard.tw/f/nknu/p/235154790,dcard,comment,我以為燕巢行政很爛和平還好沒想到,"['我', '以為', '燕巢', '行政', '很', '爛', '和平', '還好', '沒想到']","['以為', '燕巢', '行政', '爛', '和平', '還好', '沒想到']",[],negative
26,cbc2e967-235f-4629-9b6c-55a18142da79,235154790,2021-01-12T17:34:34.738Z,2021-01-12T17:34:34.738Z,6,B4 說真的我也很好奇，至少得賠償損失吧,0.0,M,nknu,https://www.dcard.tw/f/nknu/p/235154790,dcard,comment,說真的我也很好奇至少得賠償損失吧,"['說真的', '我', '也', '很', '好奇', '至少', '得', '賠償', '損失', '吧']","['說真的', '好奇', '至少', '賠償', '損失']",[],negative
27,293bf93f-9642-4fe7-85e0-791477113bed,235154790,2021-01-12T17:35:00.611Z,2021-01-12T17:35:00.611Z,7,B5 行政處理之爛難以想像,0.0,M,nknu,https://www.dcard.tw/f/nknu/p/235154790,dcard,comment,行政處理之爛難以想像,"['行政', '處理', '之', '爛', '難以', '想像']","['行政', '處理', '爛', '難以', '想像']",[],negative
28,432831db-652e-4c57-9dea-df0e22c1141d,235154790,2021-01-13T00:35:39.845Z,2021-01-13T00:35:39.845Z,8,又不是今天才爛 爛很久了尤其師培中心的行政真的是爛的有剩,0.0,M,nknu,https://www.dcard.tw/f/nknu/p/235154790,dcard,comment,又不是今天才爛爛很久了尤其師培中心的行政真的是爛的有剩,"['又', '不', '是', '今天', '才', '爛爛', '很', '久', '了', '尤其', '師培', '中心', '的', '行政', '真的', '是', '爛', '的', '有', '剩']","['今天', '爛爛', '久', '尤其', '師培', '中心', '行政', '真的', '爛', '剩']",[],neutral
29,be2c3692-bea2-4249-96a4-405c48057e61,235154790,2021-01-13T06:05:06.761Z,2021-01-13T06:05:06.761Z,9,還想當老師啊,0.0,M,nknu,https://www.dcard.tw/f/nknu/p/235154790,dcard,comment,還想當老師啊,"['還', '想', '當', '老師', '啊']","['想', '老師']",[],neutral
30,c3ee5796-60a5-4068-ac10-e474e719352e,235154790,2021-01-13T06:11:21.161Z,2021-01-13T06:11:21.161Z,10,"B7 是你活該
還敢怪學校R",0.0,M,nknu,https://www.dcard.tw/f/nknu/p/235154790,dcard,comment,是你活該還敢怪學校,"['是', '你', '活該', '還', '敢', '怪', '學校']","['活該', '學校']",[],negative
31,49f2da13-2643-4c92-80c0-190e03bca8e3,235154790,2021-01-13T06:12:16.932Z,2021-01-13T06:12:16.932Z,11,B10 對啊，你下次如果文件被承辦方遺失，肯定也是你活該,3.0,M,nknu,https://www.dcard.tw/f/nknu/p/235154790,dcard,comment,對啊你下次如果文件被承辦方遺失肯定也是你活該,"['對', '啊', '你', '下', '次', '如果', '文件', '被', '承辦', '方', '遺失', '肯定', '也', '是', '你', '活該']","['下', '次', '文件', '承辦', '遺失', '肯定', '活該']",[],negative
32,0c8068a5-f663-4f93-b01f-a765e1887594,235154790,2021-01-13T17:24:21.024Z,2021-01-13T17:24:21.024Z,12,"感謝原po出來發文 
看來以後交什麼文件要稍微準備一下錄音什麼的了：(
不然等等志工卡被搞丟 修課證明被搞丟
師培三年等於白唸",0.0,F,nknu,https://www.dcard.tw/f/nknu/p/235154790,dcard,comment,感謝原出來發文看來以後交什麼文件要稍微準備一下錄音什麼的了不然等等志工卡被搞丟修課證明被搞丟師培三年等於白唸,"['感謝', '原', '出來', '發文', '看來', '以後', '交', '什麼', '文件', '要', '稍微', '準備', '一下', '錄音', '什麼', '的', '了', '不然', '等等', '志工卡', '被', '搞丟', '修課', '證明', '被', '搞丟', '師培', '三年', '等於', '白', '唸']","['感謝', '原', '發文', '以後', '交', '文件', '稍微', '準備', '一下', '錄音', '志工卡', '搞丟', '修課', '證明', '搞丟', '師培', '三年', '等於', '唸']",[],positive
33,f02f63f4-436f-4aa8-9580-46e4493b6363,235152143,2021-01-11T09:16:00.205Z,2021-01-11T09:16:00.205Z,1,是什麼樣的事 可能可以講一下讓他們了解,0.0,M,nknu,https://www.dcard.tw/f/nknu/p/235152143,dcard,comment,是什麼樣的事可能可以講一下讓他們了解,"['是', '什麼', '樣', '的', '事', '可能', '可以', '講', '一下', '讓', '他們', '了解']","['樣', '事', '講', '一下', '了解']",[],neutral
34,f9d7b3e7-edf4-452f-aa75-08b2899c5c33,235152143,2021-01-11T10:59:54.397Z,2021-01-11T10:59:54.397Z,2,"笑死 不爽就不要去學校阿
好好辦證很難？
學校你家開的嗎問題這麼多？",1.0,M,nknu,https://www.dcard.tw/f/nknu/p/235152143,dcard,comment,笑死不爽就不要去學校阿好好辦證很難學校你家開的嗎問題這麼多,"['笑死', '不', '爽', '就', '不要', '去', '學校', '阿', '好好', '辦證', '很', '難', '學校', '你', '家', '開', '的', '嗎', '問題', '這麼多']","['笑死', '爽', '學校', '好好', '辦證', '難', '學校', '家', '開', '問題', '這麼多']",[],negative
35,c8d45832-9175-4a52-9761-e40bc48035a9,235152143,2021-01-11T11:04:31.317Z,2021-01-11T11:04:31.317Z,3,"你是來亂的嗎？，，
今天如果像和平校區有“選擇“的權力，那學校愛開多少我都沒意見，我有需要我就會辦
但是在燕巢呢？想想警衛室離教室多遠，你肯定沒住過燕巢吧，嘴炮仔？",1.0,M,nknu,https://www.dcard.tw/f/nknu/p/235152143,dcard,comment,你是來亂的嗎今天如果像和平校區有選擇的權力那學校愛開多少我都沒意見我有需要我就會辦但是在燕巢呢想想警衛室離教室多遠你肯定沒住過燕巢吧嘴炮仔,"['你', '是', '來', '亂', '的', '嗎', '今天', '如果', '像', '和平', '校區', '有', '選擇', '的', '權力', '那', '學校', '愛', '開', '多少', '我', '都', '沒', '意見', '我', '有', '需要', '我', '就', '會', '辦', '但是', '在', '燕巢', '呢', '想想', '警衛室', '離', '教室', '多', '遠', '你', '肯定', '沒', '住', '過', '燕巢', '吧', '嘴', '炮', '仔']","['亂', '今天', '和平', '校區', '選擇', '權力', '學校', '愛', '開', '意見', '需要', '辦', '燕巢', '想想', '警衛室', '教室', '遠', '肯定', '住', '燕巢', '嘴', '炮', '仔']",[],positive
36,463b34be-59ac-4bca-bd06-71e7efc2caa9,235152143,2021-01-11T11:05:58.179Z,2021-01-11T11:05:58.179Z,4,"B3 不爽就不要讀阿
討甚麼拍",0.0,M,nknu,https://www.dcard.tw/f/nknu/p/235152143,dcard,comment,不爽就不要讀阿討甚麼拍,"['不', '爽', '就', '不要', '讀', '阿討', '甚麼', '拍']","['爽', '讀', '阿討', '拍']",[],negative
37,5a88641a-862c-45ec-b2a3-4c45647bf0c2,235152143,2021-01-11T11:07:42.502Z,2021-01-11T11:10:30.364Z,5,"我只要寒假進出，卻要辦一學期的？
你肯定沒同理心吧，我也不需要與你討拍，純粹抱怨與分享，你要看不看隨便你",0.0,M,nknu,https://www.dcard.tw/f/nknu/p/235152143,dcard,comment,我只要寒假進出卻要辦一學期的你肯定沒同理心吧我也不需要與你討拍純粹抱怨與分享你要看不看隨便你,"['我', '只要', '寒假', '進出', '卻', '要', '辦', '一', '學期', '的', '你', '肯定', '沒', '同理心', '吧', '我', '也', '不', '需要', '與', '你', '討拍', '純粹', '抱怨', '與', '分享', '你', '要', '看', '不', '看', '隨便', '你']","['寒假', '進出', '卻', '辦', '學期', '肯定', '同理心', '需要', '討拍', '抱怨', '分享', '隨便']",[],negative
38,6605d915-54f6-4b78-a724-0732cf589c37,235152143,2021-01-11T11:09:39.338Z,2021-01-11T11:09:39.338Z,6,B5 那請你刪文,0.0,M,nknu,https://www.dcard.tw/f/nknu/p/235152143,dcard,comment,那請你刪文,"['那', '請', '你', '刪', '文']","['請', '刪', '文']",[],neutral
39,939c199f-1ffe-471b-8428-d73d7f69487b,235152143,2021-01-11T11:10:54.579Z,2021-01-11T11:10:54.579Z,7,B6 你管真大,0.0,M,nknu,https://www.dcard.tw/f/nknu/p/235152143,dcard,comment,你管真大,"['你', '管', '真', '大']",['真'],[],neutral
40,2c2fa965-1d25-4baa-8112-beacc50e0375,235152143,2021-01-11T11:32:29.905Z,2021-01-11T11:32:29.905Z,8,"不太懂和平有「選擇」的權利這部分
哪種選擇？",0.0,M,nknu,https://www.dcard.tw/f/nknu/p/235152143,dcard,comment,不太懂和平有選擇的權利這部分哪種選擇,"['不', '太', '懂', '和平', '有', '選擇', '的', '權利', '這', '部分', '哪', '種', '選擇']","['太', '懂', '和平', '選擇', '權利', '部分', '種', '選擇']",[],positive
41,b7bfc039-2a6e-4054-83c3-e7e90b79cf0c,235152143,2021-01-11T11:34:19.384Z,2021-01-11T11:34:19.384Z,9,"B8 你可以選擇辦不辦車證
辦車證：你可以停遮雨棚
不辦車證：你可以停外面車格
但核心的點，”進出校園上課“不會受到影響",0.0,M,nknu,https://www.dcard.tw/f/nknu/p/235152143,dcard,comment,你可以選擇辦不辦車證辦車證你可以停遮雨棚不辦車證你可以停外面車格但核心的點進出校園上課不會受到影響,"['你', '可以', '選擇', '辦', '不', '辦車證', '辦車證', '你', '可以', '停', '遮', '雨棚', '不', '辦車證', '你', '可以', '停', '外面', '車格', '但', '核心', '的', '點', '進出', '校園', '上課', '不會', '受到', '影響']","['選擇', '辦', '辦車證', '辦車證', '停', '遮', '雨棚', '辦車證', '停', '外面', '車格', '核心', '點', '進出', '校園', '上課', '受到', '影響']",[],negative
42,9140a457-fbe3-44c1-9ccd-b083cbba0a94,235152143,2021-01-11T11:35:34.966Z,2021-01-11T11:35:34.966Z,10,"B9 有好有壞啦  你要知道和平規定只能辦兩校區的車證
停外面常常沒位置
有事沒事警察又會來抓",0.0,M,nknu,https://www.dcard.tw/f/nknu/p/235152143,dcard,comment,有好有壞啦你要知道和平規定只能辦兩校區的車證停外面常常沒位置有事沒事警察又會來抓,"['有好有壞', '啦', '你', '要', '知道', '和平', '規定', '只', '能', '辦', '兩', '校區', '的', '車證', '停', '外面', '常常', '沒', '位置', '有事', '沒', '事', '警察', '又', '會', '來', '抓']","['有好有壞', '知道', '和平', '規定', '只', '辦', '兩', '校區', '車證', '停', '外面', '位置', '有事', '事', '警察', '抓']",[],positive
43,3b1c2147-62ef-4405-a9c0-de64565d3f11,235152143,2021-01-11T11:39:16.437Z,2021-01-11T11:39:16.437Z,11,"B10 是這樣沒錯，確實和平外面機車格有不夠的現象，但不會影響進出學校等問題
燕巢則不一樣，照學校的意思，不辦車證連上課的權利都很難獲取
並不是所有人都住學校或搭校車的",0.0,M,nknu,https://www.dcard.tw/f/nknu/p/235152143,dcard,comment,是這樣沒錯確實和平外面機車格有不夠的現象但不會影響進出學校等問題燕巢則不一樣照學校的意思不辦車證連上課的權利都很難獲取並不是所有人都住學校或搭校車的,"['是', '這樣', '沒', '錯', '確實', '和平', '外面', '機車', '格', '有', '不', '夠', '的', '現象', '但', '不會', '影響', '進出', '學校', '等', '問題', '燕巢', '則', '不', '一樣', '照', '學校', '的', '意思', '不', '辦車證', '連', '上課', '的', '權利', '都', '很', '難', '獲取', '並', '不', '是', '所有人', '都', '住', '學校', '或', '搭', '校車', '的']","['錯', '確實', '和平', '外面', '機車', '格', '夠', '現象', '影響', '進出', '學校', '問題', '燕巢', '學校', '意思', '辦車證', '上課', '權利', '難', '獲取', '所有人', '住', '學校', '搭', '校車']",[],negative
44,e5a332e6-a69d-423c-a4af-ea98dfa43c02,235152143,2021-01-11T11:41:27.284Z,2021-01-11T11:41:27.284Z,12,B11 高師你別期待啦  校車要錢  游泳池要錢  飲水機還拆掉,3.0,M,nknu,https://www.dcard.tw/f/nknu/p/235152143,dcard,comment,高師你別期待啦校車要錢游泳池要錢飲水機還拆掉,"['高師', '你', '別', '期待', '啦', '校車', '要', '錢', '游泳池', '要', '錢', '飲水機', '還', '拆掉']","['高師', '期待', '校車', '錢', '游泳池', '錢', '飲水機', '拆掉']",[],positive
45,c23fb579-98b0-411d-8833-6e79c775a578,235152143,2021-01-11T15:33:24.852Z,2021-01-11T15:33:24.852Z,13,"有想過和平人四年根本就沒幾次去燕巢的機會卻被強迫辦兩校區車證的困擾ㄇ

比較驚訝的是有好好說明來卻還完全不讓進校？太呱張了吧",3.0,M,nknu,https://www.dcard.tw/f/nknu/p/235152143,dcard,comment,有想過和平人四年根本就沒幾次去燕巢的機會卻被強迫辦兩校區車證的困擾比較驚訝的是有好好說明來卻還完全不讓進校太呱張了吧,"['有', '想', '過', '和平人', '四年', '根本', '就', '沒', '幾', '次', '去', '燕巢', '的', '機會', '卻', '被', '強迫', '辦', '兩', '校區', '車證', '的', '困擾', '比較', '驚訝', '的', '是', '有', '好好', '說明', '來', '卻', '還', '完全', '不', '讓', '進校', '太', '呱', '張', '了', '吧']","['想', '和平人', '四年', '根本', '次', '燕巢', '機會', '卻', '強迫', '辦', '兩', '校區', '車證', '困擾', '比較', '驚訝', '好好', '說明', '卻', '完全', '進校', '太', '呱', '張']",[],negative
46,991bd104-27b9-4fe4-a20b-954118ff166f,235152143,2021-01-11T15:35:27.198Z,2021-01-11T15:35:27.198Z,14,還有另一個選擇：跟著7A或E04公車尾巴進來,2.0,F,nknu,https://www.dcard.tw/f/nknu/p/235152143,dcard,comment,還有另一個選擇跟著或公車尾巴進來,"['還', '有', '另', '一', '個', '選擇', '跟', '著', '或', '公車', '尾巴', '進來']","['選擇', '公車', '尾巴']",[],neutral
47,26a54e49-04c5-4616-9b2e-2860785d9be5,235152143,2021-01-12T10:33:28.922Z,2021-01-12T10:33:28.922Z,15,B14 還有跟車進來哈哈哈 這幾天進出的機車量也不算少 等一下就有了 或者看看有沒有認識的人 有車證的哈哈幫開個,0.0,F,nknu,https://www.dcard.tw/f/nknu/p/235152143,dcard,comment,還有跟車進來哈哈哈這幾天進出的機車量也不算少等一下就有了或者看看有沒有認識的人有車證的哈哈幫開個,"['還', '有', '跟', '車', '進來', '哈', '哈哈', '這', '幾', '天', '進出', '的', '機車量', '也', '不', '算', '少', '等一下', '就', '有', '了', '或者', '看看', '有沒有', '認識', '的', '人', '有', '車', '證', '的', '哈哈', '幫', '開', '個']","['車', '天', '進出', '機車量', '算', '少', '等一下', '看看', '有沒有', '認識', '人', '車', '證', '幫', '開']",[],positive
48,d17fc5ce-e231-4f89-ba27-505b7228108e,235152143,2021-01-12T13:34:15.543Z,2021-01-12T13:34:15.543Z,16,B13 按照學校的說法是和平地價比較貴  要收比較多,0.0,M,nknu,https://www.dcard.tw/f/nknu/p/235152143,dcard,comment,按照學校的說法是和平地價比較貴要收比較多,"['按照', '學校', '的', '說法', '是', '和平', '地價', '比較', '貴要', '收', '比', '較多']","['學校', '說法', '和平', '地價', '比較', '貴要', '收', '較多']",[],positive
49,a231c449-922e-475e-89d8-d723a6528393,235151133,2021-01-11T18:22:06.265Z,2021-01-11T18:22:06.265Z,1,"小朋友才搞排擠啦
都大學了應該知道什麼影片適合自己吧(｡•́-ก̀｡)",3.0,F,nknu,https://www.dcard.tw/f/nknu/p/235151133,dcard,comment,小朋友才搞排擠啦都大學了應該知道什麼影片適合自己吧,"['小朋友', '才', '搞', '排擠', '啦', '都', '大學', '了', '應該', '知道', '什麼', '影片', '適合', '自己', '吧']","['小朋友', '搞', '排擠', '大學', '應該', '知道', '影片', '適合']",[],positive
50,1ee97310-4373-4094-bdef-d82862aee1ba,235151133,2021-01-12T14:19:34.636Z,2021-01-12T14:19:34.636Z,2,"這有需要放校版？
甘高師屁事
要發去自己個版發啦",1.0,F,nknu,https://www.dcard.tw/f/nknu/p/235151133,dcard,comment,這有需要放校版甘高師屁事要發去自己個版發啦,"['這', '有', '需要', '放校版甘', '高師', '屁事', '要', '發', '去', '自己', '個版發', '啦']","['需要', '放校版甘', '高師', '屁事', '發', '個版發']",[],negative
51,d3dff97d-2aed-4259-aad1-0d3802e4168d,235141684,2021-01-09T09:08:55.498Z,2021-01-09T09:08:55.498Z,1,很多你這種引戰仔或釣魚仔：）,5.0,F,nknu,https://www.dcard.tw/f/nknu/p/235141684,dcard,comment,很多你這種引戰仔或釣魚仔,"['很多', '你', '這', '種', '引戰仔', '或', '釣魚', '仔']","['種', '引戰仔', '釣魚', '仔']",[],positive
52,22620019-a527-49da-9036-8c4cb7dcf007,235141684,2021-01-10T02:47:49.589Z,2021-01-10T02:47:49.589Z,2,"我老婆交大畢業
剛剛問她有沒有這回事
她瞪我一下，我就乖乖去餵小孩了",1.0,M,nknu,https://www.dcard.tw/f/nknu/p/235141684,dcard,comment,我老婆交大畢業剛剛問她有沒有這回事她瞪我一下我就乖乖去餵小孩了,"['我', '老婆', '交大', '畢業', '剛剛', '問', '她', '有沒有', '這', '回', '事', '她', '瞪', '我', '一下', '我', '就', '乖乖', '去', '餵', '小孩', '了']","['老婆', '交大', '畢業', '剛剛', '問', '有沒有', '回', '事', '瞪', '一下', '乖乖', '小孩']",[],neutral
53,0c68e9f7-0c5e-4dce-b9fa-ec90b90cecc3,235134410,2021-01-08T09:55:17.897Z,2021-01-08T09:55:17.897Z,1,安安 不推薦 考試背誦+報告這樣,0.0,F,nknu,https://www.dcard.tw/f/nknu/p/235134410,dcard,comment,安安不推薦考試背誦報告這樣,"['安安', '不', '推薦', '考試', '背誦', '報告', '這樣']","['安安', '推薦', '考試', '背誦', '報告']",[],positive
54,b3cd18fb-a33c-4700-8b7f-09f806134e41,235134410,2021-01-08T13:46:49.772Z,2021-01-08T13:46:49.772Z,2,"基本上是背多分 考試大概3、4次就把ppt的內容背下來 
偶爾上課會小組個案討論
期末有報告",0.0,F,nknu,https://www.dcard.tw/f/nknu/p/235134410,dcard,comment,基本上是背多分考試大概次就把的內容背下來偶爾上課會小組個案討論期末有報告,"['基本', '上', '是', '背', '多', '分', '考試', '大概', '次', '就', '把', '的', '內容', '背下來', '偶爾', '上課', '會', '小組', '個案', '討論', '期末', '有', '報告']","['背', '分', '考試', '次', '內容', '背下來', '上課', '小組', '個案', '討論', '期末', '報告']",[],neutral
55,dc7de6ec-7491-41ab-807b-7217e965389e,235134410,2021-01-08T14:58:28.245Z,2021-01-08T14:58:28.245Z,3,B1 B2 謝謝你們的回應～,0.0,F,nknu,https://www.dcard.tw/f/nknu/p/235134410,dcard,comment,謝謝你們的回應,"['謝謝', '你們', '的', '回應']","['謝謝', '回應']",[],positive
56,a4d58661-2942-460f-9b3a-69d8d4588c68,235132039,2021-01-08T10:32:36.062Z,2021-01-08T10:32:36.062Z,1,"是不是要跟他說快逃啊
以這兩個系來看都不是很好...",0.0,M,nknu,https://www.dcard.tw/f/nknu/p/235132039,dcard,comment,是不是要跟他說快逃啊以這兩個系來看都不是很好,"['是', '不', '是', '要', '跟', '他', '說', '快', '逃', '啊', '以', '這', '兩', '個', '系', '來', '看', '都', '不', '是', '很', '好']","['說', '逃', '兩', '系', '好']",[],neutral
57,b4426c77-887e-411d-a039-ae36b98598b4,235132039,2021-01-09T04:32:19.297Z,2021-01-09T04:32:19.297Z,2,不要誤入歧途啊,0.0,M,nknu,https://www.dcard.tw/f/nknu/p/235132039,dcard,comment,不要誤入歧途啊,"['不要', '誤入歧途', '啊']",['誤入歧途'],[],negative
58,3d388a38-d8ae-459b-b727-cbadf6af68bf,235132039,2021-01-09T06:57:46.070Z,2021-01-09T06:57:46.070Z,3,垃圾破店別來,0.0,M,nknu,https://www.dcard.tw/f/nknu/p/235132039,dcard,comment,垃圾破店別來,"['垃圾', '破店', '別', '來']","['垃圾', '破店']",[],negative
59,2bfe5746-0e34-419c-978c-e4e6c4b66396,235131990,2021-01-07T14:19:11.749Z,2021-01-07T14:19:11.749Z,1,"這是什麼？
電鋸嗎？",2.0,M,nknu,https://www.dcard.tw/f/nknu/p/235131990,dcard,comment,這是什麼電鋸嗎,"['這', '是', '什麼', '電鋸', '嗎']",['電鋸'],[],neutral
60,3bd8c7de-0a62-4a16-a0d0-c8297f128027,235131881,2021-01-08T18:11:26.284Z,2021-01-08T18:11:26.284Z,1,NYKD武士最讚啦，其他都拉基,2.0,M,nknu,https://www.dcard.tw/f/nknu/p/235131881,dcard,comment,武士最讚啦其他都拉基,"['武士', '最', '讚', '啦', '其他', '都', '拉', '基']","['武士', '最', '讚', '拉', '基']",[],neutral
61,cf8f0e88-476b-497e-be09-160c82ee4481,235131881,2021-01-09T04:32:58.193Z,2021-01-09T04:32:58.193Z,2,B1 唯一真理NYKD-54,1.0,M,nknu,https://www.dcard.tw/f/nknu/p/235131881,dcard,comment,唯一真理,"['唯一', '真理']","['唯一', '真理']",[],positive
62,1f0d6704-34e3-441f-a5e4-afcb411dac8b,235130374,2021-01-07T11:50:56.016Z,2021-01-07T11:50:56.016Z,1,看成高帥,0.0,F,nknu,https://www.dcard.tw/f/nknu/p/235130374,dcard,comment,看成高帥,"['看成', '高', '帥']","['看成', '高', '帥']",[],neutral
63,72854882-00a0-4273-95ba-896155473b21,235128967,2021-01-07T07:43:21.947Z,2021-01-07T07:43:21.947Z,1,不要看啊,0.0,F,nknu,https://www.dcard.tw/f/nknu/p/235128967,dcard,comment,不要看啊,"['不要', '看', '啊']",[],[],negative
64,721243bd-7697-4855-979d-99638b03ba7b,235128967,2021-01-07T07:43:37.650Z,2021-01-07T07:44:23.353Z,2,為啥不去問粉專或ig 啊 上面不是寫清清楚楚購買方式了嗎,0.0,F,nknu,https://www.dcard.tw/f/nknu/p/235128967,dcard,comment,為啥不去問粉專或啊上面不是寫清清楚楚購買方式了嗎,"['為啥', '不', '去', '問', '粉專', '或', '啊', '上面', '不', '是', '寫', '清清楚楚', '購買', '方式', '了', '嗎']","['為啥', '問', '粉專', '上面', '寫', '清清楚楚', '購買', '方式']",[],neutral
65,eb455966-5050-4224-99c5-412582db3f9b,235128967,2021-01-07T10:00:06.205Z,2021-01-07T10:00:06.205Z,3,"體表都辦這麼多年了
第一次看到有人看不懂購票資訊🤣🤣🤣",1.0,F,nknu,https://www.dcard.tw/f/nknu/p/235128967,dcard,comment,體表都辦這麼多年了第一次看到有人看不懂購票資訊,"['體表', '都', '辦', '這麼多', '年', '了', '第一', '次', '看到', '有', '人', '看', '不', '懂', '購', '票', '資訊']","['體表', '辦', '這麼多', '年', '第一', '次', '看到', '人', '懂', '購', '票', '資訊']",[],neutral
66,95c1acc7-d3a1-40a4-b8d9-2f4ec8bef47f,235128967,2021-01-08T05:01:57.956Z,2021-01-08T05:01:57.956Z,4,3/2-3/12的平日12:00-13:00在活動中心門口外可以換票喔，vip票是購買週邊商品滿額即可換票，一般票有以下三種方式：發票20張、15張發票+購買一個杯套、5張發票+購買一條毛巾,1.0,F,nknu,https://www.dcard.tw/f/nknu/p/235128967,dcard,comment,的平日在活動中心門口外可以換票喔票是購買週邊商品滿額即可換票一般票有以下三種方式發票張張發票購買一個杯套張發票購買一條毛巾,"['的', '平日', '在', '活動中心', '門口', '外', '可以', '換票', '喔', '票', '是', '購買', '週邊', '商品', '滿額', '即可', '換票', '一般票', '有', '以下', '三', '種', '方式', '發票', '張張', '發票', '購買', '一', '個', '杯', '套張', '發票', '購買', '一', '條', '毛巾']","['平日', '活動中心', '門口', '外', '換票', '票', '購買', '週邊', '商品', '滿額', '即可', '換票', '一般票', '以下', '種', '方式', '發票', '張張', '發票', '購買', '杯', '套張', '發票', '購買', '條', '毛巾']",[],neutral
67,730c9fd0-5f06-4911-9a57-14b9ff8584b0,235126129,2021-01-06T17:46:03.700Z,2021-01-06T17:46:03.700Z,1,"我是學測同時上成大了卻跑來高師唸
選了自己想要的科系
剛開始朋友家人都覺得我瘋了
畢業的我覺得自己是……算了…",2.0,M,nknu,https://www.dcard.tw/f/nknu/p/235126129,dcard,comment,我是學測同時上成大了卻跑來高師唸選了自己想要的科系剛開始朋友家人都覺得我瘋了畢業的我覺得自己是算了,"['我', '是', '學', '測', '同時', '上', '成大', '了卻', '跑來', '高師', '唸', '選', '了', '自己', '想要', '的', '科系', '剛', '開始', '朋友', '家人', '都', '覺得', '我', '瘋', '了', '畢業', '的', '我', '覺得', '自己', '是', '算了']","['學', '測', '成大', '了卻', '跑來', '高師', '唸', '選', '想要', '科系', '朋友', '家人', '覺得', '瘋', '畢業', '覺得', '算了']",[],negative
68,d970503b-e437-465b-8f58-17f994aa5959,235126129,2021-01-07T00:43:59.639Z,2021-01-07T00:43:59.639Z,2,那個南大的世界是只有台南484,0.0,F,nknu,https://www.dcard.tw/f/nknu/p/235126129,dcard,comment,那個南大的世界是只有台南,"['那', '個', '南', '大', '的', '世界', '是', '只有', '台南']","['南', '世界', '台南']",[],neutral
69,b30d9caa-b338-40d9-965f-942561359cf0,235125722,2021-01-07T05:12:32.747Z,2021-01-07T05:12:32.747Z,1,請正名潮褲好嗎？,0.0,M,nknu,https://www.dcard.tw/f/nknu/p/235125722,dcard,comment,請正名潮褲好嗎,"['請', '正名', '潮褲', '好', '嗎']","['請', '正名', '潮褲', '好']",[],neutral
70,111758ac-0fe1-480f-96bf-ef054c660536,235125722,2021-01-07T12:21:49.923Z,2021-01-07T12:21:49.923Z,2,屏中褲算嗎？,0.0,M,nknu,https://www.dcard.tw/f/nknu/p/235125722,dcard,comment,屏中褲算嗎,"['屏中褲算', '嗎']",['屏中褲算'],[],neutral
71,96a80b9e-6119-4f76-b148-034ef09cf8bb,235124334,2021-01-06T12:58:37.557Z,2021-01-06T12:58:37.557Z,1,"已經通知她了～
謝謝你！！！！😭❤️🥰
真是太太太感謝 
你人真的太好了
一定會有好報 (⸝⸝⸝ᵒ̴̶̷̥́ ⌑ ᵒ̴̶̷̣̥̀⸝⸝⸝)",1.0,F,nknu,https://www.dcard.tw/f/nknu/p/235124334,dcard,comment,已經通知她了謝謝你真是太太太感謝你人真的太好了一定會有好報,"['已經', '通知', '她', '了', '謝謝', '你', '真是', '太', '太太', '感謝', '你', '人', '真的', '太', '好了', '一定', '會', '有', '好報']","['已經', '通知', '謝謝', '真是', '太', '太太', '感謝', '人', '真的', '太', '好了', '一定', '好報']",[],positive
72,dcaa42c1-7cb5-4b1f-b4ac-975d6687e33e,235124334,2021-01-06T13:01:07.425Z,2021-01-06T13:02:18.547Z,2,"B1 還好妳有看到嗚嗚

我放在9那格的最後面

再請她去拿ㄛᐠ( ˙⑅̆˙ )ᐟ♡

https://i.imgur.com/BcRPiW0.jpg",1.0,F,nknu,https://www.dcard.tw/f/nknu/p/235124334,dcard,comment,還好妳有看到嗚嗚我放在那格的最後面再請她去拿,"['還好', '妳', '有', '看到', '嗚嗚', '我', '放', '在', '那', '格', '的', '最', '後面', '再', '請', '她', '去', '拿']","['還好', '妳', '看到', '嗚嗚', '放', '格', '最', '後面', '再', '請']",[],neutral
73,d3fafa3a-9532-4c18-9abc-e404828ac2f4,235124334,2021-01-06T13:01:55.667Z,2021-01-06T13:01:55.667Z,3,"B2 豪的沒問題！
謝謝你❤️❤️",0.0,F,nknu,https://www.dcard.tw/f/nknu/p/235124334,dcard,comment,豪的沒問題謝謝你,"['豪', '的', '沒', '問題', '謝謝', '你']","['豪', '問題', '謝謝']",[],negative
74,d9acd2a7-ee4b-468e-b491-9252b5090e18,235124334,2021-01-07T02:33:14.711Z,2021-01-07T02:33:14.711Z,4,B3 有拿到ㄌ嗎♡,0.0,F,nknu,https://www.dcard.tw/f/nknu/p/235124334,dcard,comment,有拿到嗎,"['有', '拿到', '嗎']",['拿到'],[],neutral
75,79329bea-5142-4271-abc2-5a9744f7876b,235116622,2021-01-05T09:44:10.722Z,2021-01-05T09:44:10.722Z,1,"不能喔 因為他已經綁定你的姓名了
會寄罰單到你家叫你繳費喔
之前有認識的學長就這樣處理 
現在應該也是一樣",0.0,M,nknu,https://www.dcard.tw/f/nknu/p/235116622,dcard,comment,不能喔因為他已經綁定你的姓名了會寄罰單到你家叫你繳費喔之前有認識的學長就這樣處理現在應該也是一樣,"['不能', '喔', '因為', '他', '已經', '綁定', '你', '的', '姓名', '了', '會', '寄', '罰單', '到', '你', '家', '叫', '你', '繳費', '喔', '之前', '有', '認識', '的', '學長', '就', '這樣', '處理', '現在', '應該', '也', '是', '一樣']","['已經', '綁定', '姓名', '寄', '罰單', '家', '繳費', '之前', '認識', '學長', '處理', '現在', '應該']",[],negative
76,b1132de8-e971-4d01-a0ca-9b433a18efdc,235116622,2021-01-05T09:45:37.527Z,2021-01-05T09:45:37.527Z,2,B1 我怎麼從來都沒收過？已經有半年以上沒繳了,0.0,M,nknu,https://www.dcard.tw/f/nknu/p/235116622,dcard,comment,我怎麼從來都沒收過已經有半年以上沒繳了,"['我', '怎麼', '從來', '都', '沒收', '過', '已經', '有', '半', '年', '以上', '沒', '繳', '了']","['沒收', '已經', '年', '以上', '繳']",[],negative
77,2f2694c7-4d46-4586-aaf4-d29de3901f51,235116622,2021-01-05T09:47:51.578Z,2021-01-05T09:47:51.578Z,3,"之前是聽說會打電話知會家長
然後就會寄罰單到家",0.0,M,nknu,https://www.dcard.tw/f/nknu/p/235116622,dcard,comment,之前是聽說會打電話知會家長然後就會寄罰單到家,"['之前', '是', '聽說', '會', '打電話', '知會', '家長', '然後', '就', '會', '寄', '罰單', '到', '家']","['之前', '聽說', '打電話', '知會', '家長', '寄', '罰單', '家']",[],neutral
78,4b189076-3119-4ed1-89ec-e904423ff836,235116622,2021-01-05T09:49:49.962Z,2021-01-05T09:49:49.962Z,4,B3 我是想問能不能拿到畢業證書的問題，不是他要不要追討罰款，拿到畢業證書的話可以不用理他了,0.0,M,nknu,https://www.dcard.tw/f/nknu/p/235116622,dcard,comment,我是想問能不能拿到畢業證書的問題不是他要不要追討罰款拿到畢業證書的話可以不用理他了,"['我', '是', '想', '問', '能不能', '拿到', '畢業', '證書', '的', '問題', '不', '是', '他', '要不要', '追討', '罰款', '拿到', '畢業', '證書', '的', '話', '可以', '不用', '理', '他', '了']","['想', '問', '能不能', '拿到', '畢業', '證書', '問題', '要不要', '追討', '罰款', '拿到', '畢業', '證書', '話', '不用', '理']",[],negative
79,bd1bd552-9449-4d9d-8416-b73100dac077,235116622,2021-01-05T10:05:25.295Z,2021-01-05T10:05:25.295Z,5,B不能 要你繳完費才會給你,0.0,M,nknu,https://www.dcard.tw/f/nknu/p/235116622,dcard,comment,不能要你繳完費才會給你,"['不能', '要', '你', '繳', '完', '費', '才', '會', '給', '你']","['繳', '完', '費']",[],negative
80,8a4047e0-a02a-4823-a8df-22e70f267fea,235116622,2021-01-05T11:30:58.713Z,2021-01-05T11:30:58.713Z,6,轉學的話倒是有可能,1.0,M,nknu,https://www.dcard.tw/f/nknu/p/235116622,dcard,comment,轉學的話倒是有可能,"['轉學', '的', '話', '倒是', '有', '可能']","['轉學', '話']",[],neutral
81,bca508bb-74ce-4132-b895-ef716c3e8af2,235116622,2021-01-07T14:29:35.876Z,2021-01-07T14:29:35.876Z,7,"https://m.facebook.com/story.php?story_fbid=103896551473702&id=102366428293381
可以告告看喔
我已經準備好了
看有沒有人要一起",0.0,M,nknu,https://www.dcard.tw/f/nknu/p/235116622,dcard,comment,可以告告看喔我已經準備好了看有沒有人要一起,"['可以', '告', '告', '看', '喔', '我', '已經', '準備好', '了', '看', '有沒有', '人', '要', '一起']","['告', '告', '已經', '準備好', '有沒有', '人', '一起']",[],neutral
82,337dcd8a-113b-455f-90e0-866013878817,235116622,2021-01-12T19:02:33.565Z,2021-01-12T19:02:33.565Z,8,"怎麼可能會收啦哭啊
我去年畢業的 有朋友欠了10幾張還不是正常畢業
學校不太可能真的拿畢業證書來威脅
根本就違法的事最好是敢拿出來威脅
還不吉爆",0.0,M,nknu,https://www.dcard.tw/f/nknu/p/235116622,dcard,comment,怎麼可能會收啦哭啊我去年畢業的有朋友欠了幾張還不是正常畢業學校不太可能真的拿畢業證書來威脅根本就違法的事最好是敢拿出來威脅還不吉爆,"['怎麼', '可能', '會', '收', '啦', '哭', '啊', '我', '去年', '畢業', '的', '有', '朋友', '欠', '了', '幾', '張', '還不是', '正常', '畢業', '學校', '不', '太', '可能', '真的', '拿', '畢業', '證書', '來', '威脅', '根本', '就', '違法', '的', '事', '最好', '是', '敢', '拿出來', '威脅', '還', '不', '吉', '爆']","['收', '哭', '去年', '畢業', '朋友', '欠', '張', '還不是', '正常', '畢業', '學校', '太', '真的', '畢業', '證書', '威脅', '根本', '違法', '事', '最好', '拿出來', '威脅', '吉', '爆']",[],negative
83,f500f0ad-f266-4e37-aca4-148e39e4ba53,235115375,2021-01-05T06:30:17.159Z,2021-01-05T06:30:17.159Z,1,應該會先用系版或公用的版詢問～,0.0,F,nknu,https://www.dcard.tw/f/nknu/p/235115375,dcard,comment,應該會先用系版或公用的版詢問,"['應該', '會', '先', '用', '系', '版', '或', '公用', '的', '版', '詢問']","['應該', '先', '系', '版', '公用', '版', '詢問']",[],neutral
84,2d78281d-af52-449d-8ef9-2ebb41387fde,235115375,2021-01-05T08:03:47.808Z,2021-01-05T08:03:47.808Z,2,"先去生輔組找找
或是po二手拍問看看吧
可能好心人撿走了",0.0,M,nknu,https://www.dcard.tw/f/nknu/p/235115375,dcard,comment,先去生輔組找找或是二手拍問看看吧可能好心人撿走了,"['先', '去', '生', '輔組', '找找', '或是', '二手', '拍問', '看看', '吧', '可能', '好心人', '撿走', '了']","['先', '生', '輔組', '找找', '二手', '拍問', '看看', '好心人', '撿走']",[],neutral
85,6f45eecc-83ea-4336-9e2f-fa0edec740a7,235115375,2021-01-06T14:17:00.020Z,2021-01-06T14:17:00.020Z,3,先去問瀚祥比較快,0.0,M,nknu,https://www.dcard.tw/f/nknu/p/235115375,dcard,comment,先去問瀚祥比較快,"['先', '去', '問瀚祥', '比較', '快']","['先', '問瀚祥', '比較']",[],neutral
86,75adb02b-761c-47bd-8e35-7fa139197d77,235112671,2021-01-05T01:53:34.987Z,2021-01-05T01:54:11.088Z,1,"英語系好爽
南非黑人屌有夠長==
妹子把到就升天了",1.0,M,nknu,https://www.dcard.tw/f/nknu/p/235112671,dcard,comment,英語系好爽南非黑人屌有夠長妹子把到就升天了,"['英語系', '好', '爽', '南非', '黑人', '屌', '有夠', '長', '妹子', '把', '到', '就', '升天', '了']","['英語系', '好', '爽', '南非', '黑人', '屌', '有夠', '長', '妹子', '升天']",[],negative
87,1f91fb11-8be5-4b9d-b820-5ed178d57e99,235112671,2021-01-05T06:26:46.107Z,2021-01-05T06:30:57.733Z,2,B1 你是不是用過？哈哈哈,2.0,M,nknu,https://www.dcard.tw/f/nknu/p/235112671,dcard,comment,你是不是用過哈哈哈,"['你', '是', '不', '是', '用', '過', '哈', '哈哈']",[],[],positive
88,6c0272c7-4728-4eba-9baa-12cfb0be4136,235112671,2021-01-05T11:30:19.282Z,2021-01-05T11:30:19.282Z,3,"B2 黑人屌又臭又長
誰要用",0.0,M,nknu,https://www.dcard.tw/f/nknu/p/235112671,dcard,comment,黑人屌又臭又長誰要用,"['黑人', '屌', '又', '臭', '又', '長', '誰', '要', '用']","['黑人', '屌', '長']",[],neutral
89,041fa968-7e41-4156-aa6d-6ad0f968d24f,235112671,2021-01-05T13:09:27.863Z,2021-01-05T13:09:27.863Z,4,B3 那你覺得白人的如何,0.0,M,nknu,https://www.dcard.tw/f/nknu/p/235112671,dcard,comment,那你覺得白人的如何,"['那', '你', '覺得', '白人', '的', '如何']","['覺得', '白人']",[],neutral
90,6c7b3b5d-5219-4138-b49c-7603db7d2fb8,235112671,2021-01-05T13:13:11.377Z,2021-01-05T13:13:11.377Z,5,B4 很讚,0.0,M,nknu,https://www.dcard.tw/f/nknu/p/235112671,dcard,comment,很讚,"['很', '讚']",['讚'],[],neutral
91,172c359e-64d0-48e3-9a75-8952848612f1,235112671,2021-01-05T13:14:16.760Z,2021-01-05T13:14:28.059Z,6,,,,nknu,https://www.dcard.tw/f/nknu/p/235112671,dcard,comment,,,[],[],neutral
92,ed3390d4-9ae0-46ea-beb3-07496e59f529,235112671,2021-01-05T16:16:25.132Z,2021-01-05T16:16:25.132Z,7,南非的名字好猛...,0.0,F,nknu,https://www.dcard.tw/f/nknu/p/235112671,dcard,comment,南非的名字好猛,"['南非', '的', '名字', '好', '猛']","['南非', '名字', '好', '猛']",[],neutral
93,a0392d2a-a335-4206-904e-b60f46125762,235112671,2021-01-06T09:40:46.949Z,2021-01-06T09:40:46.949Z,8,B1 南非很多白人耶 搞不好不是你想的那樣～🤣,0.0,F,nknu,https://www.dcard.tw/f/nknu/p/235112671,dcard,comment,南非很多白人耶搞不好不是你想的那樣,"['南非', '很多', '白人', '耶', '搞不好', '不', '是', '你', '想', '的', '那樣']","['南非', '白人', '耶', '搞不好', '想']",[],positive
94,7ce38261-7631-461e-93e4-ace4197c78bf,235112671,2021-01-06T09:46:25.055Z,2021-01-06T09:46:25.055Z,9,B8 白人雞雞不好嗎,0.0,M,nknu,https://www.dcard.tw/f/nknu/p/235112671,dcard,comment,白人雞雞不好嗎,"['白人', '雞', '雞', '不', '好', '嗎']","['白人', '雞', '雞', '好']",[],neutral
95,43dc4760-c643-4574-a613-311fb8d6a14f,235112671,2021-01-06T09:56:10.730Z,2021-01-06T09:56:10.730Z,10,白人黑人我都覺得很讚 我都用過 哈哈哈,0.0,M,nknu,https://www.dcard.tw/f/nknu/p/235112671,dcard,comment,白人黑人我都覺得很讚我都用過哈哈哈,"['白人', '黑人', '我', '都', '覺得', '很', '讚', '我', '都', '用', '過', '哈', '哈哈']","['白人', '黑人', '覺得', '讚']",[],positive
96,fbb2392f-dae3-43b2-87f2-f4862db3235a,235110278,2021-01-04T10:46:57.854Z,2021-01-04T10:46:57.854Z,1,看書研究啊，在這邊問還不如去讓自己更吸引人,0.0,M,nknu,https://www.dcard.tw/f/nknu/p/235110278,dcard,comment,看書研究啊在這邊問還不如去讓自己更吸引人,"['看書', '研究', '啊', '在', '這邊', '問', '還不如', '去', '讓', '自己', '更', '吸引人']","['看書', '研究', '問', '還不如', '吸引人']",[],positive
97,7bc93ec7-c4e8-417b-88d0-9fcfaf054b51,235110278,2021-01-04T10:53:40.867Z,2021-01-04T10:53:40.867Z,2,"建議不要浪費時間，青春很珍貴的。
不要想說什麼日久生情
我他媽七年不離不棄被當北七
給你參考",1.0,M,nknu,https://www.dcard.tw/f/nknu/p/235110278,dcard,comment,建議不要浪費時間青春很珍貴的不要想說什麼日久生情我他媽七年不離不棄被當北七給你參考,"['建議', '不要', '浪費', '時間', '青春', '很', '珍貴', '的', '不要', '想', '說', '什麼', '日久生情', '我', '他媽', '七年', '不', '離', '不', '棄', '被', '當', '北七', '給', '你', '參考']","['建議', '浪費', '時間', '青春', '珍貴', '想', '說', '日久生情', '他媽', '七年', '棄', '北七', '參考']",[],negative
98,d2ad05d0-6c6e-4d2c-afaa-ee79131bfd80,235110278,2021-01-04T11:42:35.413Z,2021-01-04T11:42:35.413Z,3,建議你調整心態，用吃到就算賺到的心去面對,0.0,M,nknu,https://www.dcard.tw/f/nknu/p/235110278,dcard,comment,建議你調整心態用吃到就算賺到的心去面對,"['建議', '你', '調整', '心態', '用', '吃到', '就算', '賺到', '的', '心', '去', '面對']","['建議', '調整', '心態', '吃到', '賺到', '心', '面對']",[],neutral
99,3fa6e11d-d5d4-498a-a829-ab6369ec4015,235110278,2021-01-04T16:11:53.697Z,2021-01-04T16:11:53.697Z,4,"可以追蹤她 觀察她的日常
像我也會追蹤心儀的對象一路就跟到霽遠樓了",0.0,M,nknu,https://www.dcard.tw/f/nknu/p/235110278,dcard,comment,可以追蹤她觀察她的日常像我也會追蹤心儀的對象一路就跟到霽遠樓了,"['可以', '追蹤', '她', '觀察', '她', '的', '日常', '像', '我', '也', '會', '追蹤', '心儀', '的', '對象', '一路', '就', '跟到', '霽遠樓', '了']","['追蹤', '觀察', '日常', '追蹤', '心儀', '對象', '一路', '跟到', '霽遠樓']",[],negative
100,6d28bb1e-693c-4f4c-ac50-fb0e545e4353,235110278,2021-01-04T16:23:27.588Z,2021-01-04T16:23:27.588Z,5,"約出來相處比較快啦
有約出來就是有可能
約不出來就別想了
我是說兩個人說好你跟她的那種約",1.0,M,nknu,https://www.dcard.tw/f/nknu/p/235110278,dcard,comment,約出來相處比較快啦有約出來就是有可能約不出來就別想了我是說兩個人說好你跟她的那種約,"['約出', '來', '相處', '比較', '快', '啦', '有約', '出來', '就是', '有', '可能', '約', '不', '出來', '就', '別', '想', '了', '我', '是', '說', '兩', '個', '人', '說好', '你', '跟', '她', '的', '那', '種', '約']","['約出', '相處', '比較', '有約', '約', '想', '說', '兩', '人', '說好', '種', '約']",[],neutral
101,2b6d8fed-c6ec-4d97-9ea6-03451e43c040,235110278,2021-01-04T18:34:08.215Z,2021-01-04T18:34:08.215Z,6,這女的可以去死一死了，浪費別人青春很好玩嗎？,1.0,M,nknu,https://www.dcard.tw/f/nknu/p/235110278,dcard,comment,這女的可以去死一死了浪費別人青春很好玩嗎,"['這', '女', '的', '可以', '去', '死', '一', '死', '了', '浪費', '別人', '青春', '很', '好玩', '嗎']","['女', '死', '死', '浪費', '青春', '好玩']",[],negative
102,91351331-10c8-42ee-a2c1-b6dfed5c971b,235110278,2021-01-04T19:26:24.549Z,2021-01-04T19:26:24.549Z,7,"B6 我知道有些人會討厭她這樣
但是我很愛她 希望你可以不要說的這麼難聽
畢竟這也是我的問題",0.0,M,nknu,https://www.dcard.tw/f/nknu/p/235110278,dcard,comment,我知道有些人會討厭她這樣但是我很愛她希望你可以不要說的這麼難聽畢竟這也是我的問題,"['我', '知道', '有', '些', '人', '會', '討厭', '她', '這樣', '但是', '我', '很', '愛', '她', '希望', '你', '可以', '不要', '說', '的', '這麼', '難聽', '畢竟', '這', '也', '是', '我', '的', '問題']","['知道', '些', '人', '討厭', '愛', '希望', '說', '難聽', '問題']",[],negative
103,324641e7-ffcf-4b68-b722-661cc4ce7589,235110278,2021-01-05T01:56:32.808Z,2021-01-05T01:56:32.808Z,8,沒有什麼是偷拍解決不了的事情,0.0,M,nknu,https://www.dcard.tw/f/nknu/p/235110278,dcard,comment,沒有什麼是偷拍解決不了的事情,"['沒有', '什麼', '是', '偷拍', '解決不了', '的', '事情']","['偷拍', '解決不了', '事情']",[],negative
104,8c593707-5f45-40e5-bc1e-484838466bb4,235110278,2021-01-05T03:34:33.914Z,2021-01-05T03:34:33.914Z,9,你是不是沒聽過林宥嘉的浪費,2.0,M,nknu,https://www.dcard.tw/f/nknu/p/235110278,dcard,comment,你是不是沒聽過林宥嘉的浪費,"['你', '是', '不', '是', '沒', '聽', '過', '林宥嘉', '的', '浪費']","['聽', '林宥嘉', '浪費']",[],negative
105,69f2f020-769d-4e57-ba4b-b159562f49c1,235110278,2021-01-05T05:15:17.515Z,2021-01-05T05:15:17.515Z,10,當你個版？,0.0,M,nknu,https://www.dcard.tw/f/nknu/p/235110278,dcard,comment,當你個版,"['當', '你', '個', '版']",['版'],[],neutral
106,1698552d-5478-43e4-a6d7-5f363ca47801,235110278,2021-01-05T06:29:09.956Z,2021-01-05T06:29:09.956Z,11,"你就是備胎啊😒質疑嗎？不用抱有期望吧 
那麼痴情幹嘛？當行動管理大師還比較划算吧？撈起來",1.0,M,nknu,https://www.dcard.tw/f/nknu/p/235110278,dcard,comment,你就是備胎啊質疑嗎不用抱有期望吧那麼痴情幹嘛當行動管理大師還比較划算吧撈起來,"['你', '就是', '備胎', '啊', '質疑', '嗎', '不用', '抱有', '期望', '吧', '那麼', '痴情', '幹嘛', '當', '行動', '管理', '大師', '還', '比較', '划算', '吧', '撈起', '來']","['備胎', '質疑', '不用', '抱有', '期望', '痴情', '幹嘛', '行動', '管理', '大師', '比較', '划算', '撈起']",[],positive
107,7b1c06b8-a246-48fa-b425-af48f769a66c,235110278,2021-01-05T06:48:42.111Z,2021-01-05T06:48:42.111Z,12,好暈要看醫生,0.0,M,nknu,https://www.dcard.tw/f/nknu/p/235110278,dcard,comment,好暈要看醫生,"['好', '暈', '要', '看醫生']","['好', '暈', '看醫生']",[],neutral
108,86e932c0-0626-4456-bc76-6dbd45468b6c,235110278,2021-01-05T08:29:42.014Z,2021-01-05T08:29:42.014Z,13,去輔導室聊天～,0.0,F,nknu,https://www.dcard.tw/f/nknu/p/235110278,dcard,comment,去輔導室聊天,"['去', '輔導室', '聊天']","['輔導室', '聊天']",[],neutral
109,7b915af8-a7e7-4960-9502-30c96a450073,235110278,2021-01-05T09:07:02.358Z,2021-01-05T09:07:02.358Z,14,B13 +1輔導室真的超級讚！！,1.0,F,nknu,https://www.dcard.tw/f/nknu/p/235110278,dcard,comment,輔導室真的超級讚,"['輔導室', '真的', '超級', '讚']","['輔導室', '真的', '超級', '讚']",[],neutral
110,a24343c6-2d53-473a-b291-a9cc98527d02,235110278,2021-01-05T11:14:28.689Z,2021-01-05T11:14:28.689Z,15,B4 真的，像我早在面試的時候就注意到我這屆的同學，一直默默關注著她的臉書和IG,0.0,M,nknu,https://www.dcard.tw/f/nknu/p/235110278,dcard,comment,真的像我早在面試的時候就注意到我這屆的同學一直默默關注著她的臉書和,"['真的', '像', '我', '早', '在', '面試', '的', '時候', '就', '注意到', '我', '這', '屆', '的', '同學', '一直', '默默', '關注', '著', '她', '的', '臉', '書', '和']","['真的', '早', '面試', '注意到', '屆', '同學', '一直', '默默', '關注', '臉', '書']",[],negative
111,3542eb84-3490-4f88-9b94-699f237154b2,235110278,2021-01-05T12:48:03.872Z,2021-01-05T12:48:03.872Z,16,我也好暈,0.0,M,nknu,https://www.dcard.tw/f/nknu/p/235110278,dcard,comment,我也好暈,"['我', '也好', '暈']",['暈'],[],neutral
112,4306338d-027d-4d9f-9762-6ce425643547,235110278,2021-01-06T18:34:05.433Z,2021-01-06T18:34:05.433Z,17,我們都在暈,0.0,M,nknu,https://www.dcard.tw/f/nknu/p/235110278,dcard,comment,我們都在暈,"['我們', '都', '在', '暈']",['暈'],[],neutral
113,8ea560ac-9839-4144-b6e6-94d32515845b,235109237,2021-01-04T10:51:00.490Z,2021-01-04T10:51:00.490Z,1,全家旁邊的用餐區,2.0,M,nknu,https://www.dcard.tw/f/nknu/p/235109237,dcard,comment,全家旁邊的用餐區,"['全家', '旁邊', '的', '用餐', '區']","['全家', '旁邊', '用餐', '區']",[],neutral
114,88446404-11fa-471f-8eef-40e2508ff180,235109237,2021-01-04T13:27:29.112Z,2021-01-04T13:27:29.112Z,2,泥火山🤤,0.0,F,nknu,https://www.dcard.tw/f/nknu/p/235109237,dcard,comment,泥火山,"['泥', '火山']","['泥', '火山']",[],neutral
115,6e25600e-0b41-4818-83f8-4cb6fe79ae8e,235109237,2021-01-06T17:50:54.751Z,2021-01-06T17:50:54.751Z,3,土雞城啦，香不香,0.0,M,nknu,https://www.dcard.tw/f/nknu/p/235109237,dcard,comment,土雞城啦香不香,"['土雞城', '啦', '香', '不', '香']","['土雞城', '香', '香']",[],neutral
116,3d9d38f6-ccc4-4f26-bf53-f7c63fc5c10c,235108895,2021-01-04T10:48:57.066Z,2021-01-04T10:48:57.066Z,1,手嗎？怎麼會搞丟這種東西呢？叫妳男朋友牽好啊,1.0,M,nknu,https://www.dcard.tw/f/nknu/p/235108895,dcard,comment,手嗎怎麼會搞丟這種東西呢叫妳男朋友牽好啊,"['手', '嗎', '怎麼', '會', '搞丟', '這', '種', '東西', '呢', '叫', '妳', '男朋友', '牽好', '啊']","['手', '搞丟', '種', '東西', '妳', '男朋友', '牽好']",[],negative
117,daaf8449-3747-40f9-a007-514285ce5fa2,235108895,2021-01-04T10:51:43.206Z,2021-01-04T10:51:43.206Z,2,我們永遠感謝你,1.0,M,nknu,https://www.dcard.tw/f/nknu/p/235108895,dcard,comment,我們永遠感謝你,"['我們', '永遠', '感謝', '你']","['永遠', '感謝']",[],positive
118,76c32d85-240d-4f09-9184-ad8c646994eb,235108895,2021-01-05T14:03:50.515Z,2021-01-05T14:03:50.515Z,3,推推,1.0,F,nknu,https://www.dcard.tw/f/nknu/p/235108895,dcard,comment,推推,['推推'],['推推'],[],neutral
119,b99d4333-f864-4e2a-9d6a-4cf01be94762,235108058,2021-01-04T04:40:12.152Z,2021-01-04T04:40:12.152Z,1,"偷拍都不會被退學了
所以你就算考再爛也不會被退",4.0,F,nknu,https://www.dcard.tw/f/nknu/p/235108058,dcard,comment,偷拍都不會被退學了所以你就算考再爛也不會被退,"['偷拍', '都', '不會', '被', '退學', '了', '所以', '你', '就算', '考', '再', '爛', '也', '不會', '被', '退']","['偷拍', '退學', '考', '再', '爛', '退']",[],negative
120,655854a3-6a5c-450b-b663-8ef410258677,235108058,2021-01-04T04:49:43.658Z,2021-01-04T04:49:43.658Z,2,前幾年取消了,1.0,M,nknu,https://www.dcard.tw/f/nknu/p/235108058,dcard,comment,前幾年取消了,"['前', '幾年', '取消', '了']","['前', '幾年', '取消']",[],negative
121,3843075d-634c-4fc1-9e16-6ad39d75d6f7,235108058,2021-01-04T05:11:13.253Z,2021-01-04T05:11:13.253Z,3,B2已經確定取消了？,0.0,F,nknu,https://www.dcard.tw/f/nknu/p/235108058,dcard,comment,已經確定取消了,"['已經', '確定', '取消', '了']","['已經', '確定', '取消']",[],negative
122,a47179a3-22af-4f68-b28d-14ef37dfd692,235108058,2021-01-04T07:33:17.577Z,2021-01-04T07:33:17.577Z,4,"B3 是真的
我一學期只過3學分你覺得呢",0.0,M,nknu,https://www.dcard.tw/f/nknu/p/235108058,dcard,comment,是真的我一學期只過學分你覺得呢,"['是', '真的', '我', '一', '學期', '只', '過', '學分', '你', '覺得', '呢']","['真的', '學期', '只', '學分', '覺得']",[],neutral
123,d47e6d38-7c23-4948-a486-c09e49e4f4be,235108058,2021-01-04T10:47:57.389Z,2021-01-04T10:47:57.389Z,5,取消了，不放心的話可以問學生會,0.0,M,nknu,https://www.dcard.tw/f/nknu/p/235108058,dcard,comment,取消了不放心的話可以問學生會,"['取消', '了', '不', '放心', '的', '話', '可以', '問', '學生會']","['取消', '放心', '話', '問', '學生會']",[],negative
124,e707af0d-d985-44a1-a6c5-2c0e282f55f2,235108058,2021-01-04T10:50:01.436Z,2021-01-04T10:50:19.624Z,6,"B1 B2 B3 B4 B5 感謝各位我放心了
終於可以認真鑽研攝影技術！💪💪💪",1.0,M,nknu,https://www.dcard.tw/f/nknu/p/235108058,dcard,comment,感謝各位我放心了終於可以認真鑽研攝影技術,"['感謝', '各位', '我', '放心', '了', '終於', '可以', '認真', '鑽研', '攝影', '技術']","['感謝', '放心', '終於', '認真', '鑽研', '攝影', '技術']",[],positive
125,9dd84367-064b-404b-9ed5-b67932f58b49,235108058,2021-01-05T01:58:24.136Z,2021-01-05T01:58:24.136Z,7,B6 攝影技術？？你要確定欸哥😦,0.0,M,nknu,https://www.dcard.tw/f/nknu/p/235108058,dcard,comment,攝影技術你要確定欸哥,"['攝影', '技術', '你', '要', '確定', '欸', '哥']","['攝影', '技術', '確定', '欸', '哥']",[],positive
126,7682863f-ef43-4219-b2cd-3c066b919765,235105169,2021-01-04T01:08:54.321Z,2021-01-04T01:08:54.321Z,1,沒聽過的學校...,1.0,M,nknu,https://www.dcard.tw/f/nknu/p/235105169,dcard,comment,沒聽過的學校,"['沒', '聽', '過', '的', '學校']","['聽', '學校']",[],neutral
127,5d49efdb-b4f6-4361-831e-899468ddf3d9,235105169,2021-01-04T04:36:32.007Z,2021-01-04T04:36:32.007Z,2,高師是不是很少台中人🥺,0.0,M,nknu,https://www.dcard.tw/f/nknu/p/235105169,dcard,comment,高師是不是很少台中人,"['高師', '是', '不', '是', '很少', '台中', '人']","['高師', '台中', '人']",[],neutral
128,bd686713-d173-44c8-bf99-6d86adde15e3,235095392,2021-01-01T18:19:04.993Z,2021-01-01T18:19:04.993Z,1,我原本也有考慮交換，可是也是因為疫情><,0.0,F,nknu,https://www.dcard.tw/f/nknu/p/235095392,dcard,comment,我原本也有考慮交換可是也是因為疫情,"['我', '原本', '也', '有', '考慮', '交換', '可', '是也', '是', '因為', '疫情']","['原本', '考慮', '交換', '是也', '疫情']",[],positive
129,90c1b7e4-a117-47fd-a5fb-8d15f337584e,235095392,2021-01-01T18:58:28.653Z,2021-01-01T18:58:28.653Z,2,妳一出去就換我們在臺灣的人壓力大了,2.0,M,nknu,https://www.dcard.tw/f/nknu/p/235095392,dcard,comment,妳一出去就換我們在臺灣的人壓力大了,"['妳', '一', '出去', '就', '換', '我們', '在', '臺灣', '的', '人', '壓力', '大', '了']","['妳', '換', '臺灣', '人', '壓力']",[],negative
130,ff2c3fd5-12aa-4679-ae30-3baa8ce8c4bb,235095392,2021-01-01T18:58:51.049Z,2021-01-01T18:59:10.467Z,3,"B2 沒啦這是2022 才有可能出去 最快
啊基本上疫情太嚴重會直接取消 
不用擔心這個....",0.0,F,nknu,https://www.dcard.tw/f/nknu/p/235095392,dcard,comment,沒啦這是才有可能出去最快啊基本上疫情太嚴重會直接取消不用擔心這個,"['沒', '啦', '這', '是', '才', '有', '可能', '出去', '最', '快', '啊', '基本', '上', '疫情', '太', '嚴重', '會', '直接', '取消', '不用', '擔心', '這', '個']","['最', '疫情', '太', '嚴重', '直接', '取消', '不用', '擔心']",[],negative
131,49955f27-e181-43c0-bd2a-91a443f0cbdc,235095392,2021-01-02T01:01:33.399Z,2021-01-02T01:01:33.399Z,4,"比起疫情嚴重，在學校被X祥偷拍比較煎熬吧
支持出國
除非X祥跟來",3.0,M,nknu,https://www.dcard.tw/f/nknu/p/235095392,dcard,comment,比起疫情嚴重在學校被祥偷拍比較煎熬吧支持出國除非祥跟來,"['比起', '疫情', '嚴重', '在', '學校', '被', '祥', '偷拍', '比較', '煎熬', '吧', '支持', '出國', '除非', '祥', '跟來']","['疫情', '嚴重', '學校', '祥', '偷拍', '比較', '煎熬', '支持', '出國', '祥', '跟來']",[],negative
132,36e8e6ba-e9e3-4623-9118-4275aefaef65,235093718,2021-01-01T16:37:20.299Z,2021-01-01T16:37:20.299Z,1,一起讓工設仔跟偷拍祥下去,1.0,M,nknu,https://www.dcard.tw/f/nknu/p/235093718,dcard,comment,一起讓工設仔跟偷拍祥下去,"['一起', '讓', '工設仔', '跟', '偷拍', '祥', '下去']","['一起', '工設仔', '偷拍', '祥', '下去']",[],neutral
133,09235e63-8f38-4430-9470-e6d177941ee9,235093718,2021-01-01T22:16:56.856Z,2021-01-01T22:16:56.856Z,2,"祥祥我要一份
為了研究用途",1.0,M,nknu,https://www.dcard.tw/f/nknu/p/235093718,dcard,comment,祥祥我要一份為了研究用途,"['祥祥', '我', '要', '一', '份', '為了', '研究', '用途']","['祥祥', '份', '研究', '用途']",[],neutral
134,468e223c-1290-4619-9565-f0900aefc9e1,235093718,2021-01-02T11:06:46.774Z,2021-01-02T11:06:46.774Z,3,貓咪就貓咪什麼叫卯咪,0.0,M,nknu,https://www.dcard.tw/f/nknu/p/235093718,dcard,comment,貓咪就貓咪什麼叫卯咪,"['貓咪', '就', '貓咪', '什麼', '叫', '卯', '咪']","['貓咪', '貓咪', '卯', '咪']",[],neutral
135,6fee3bdb-6a63-4dea-9ea3-fa2e5cf23cd6,235093718,2021-01-02T17:07:20.132Z,2021-01-02T17:07:20.132Z,4,"只遇過這隻兩次
https://i.imgur.com/TX95trl.jpg",1.0,F,nknu,https://www.dcard.tw/f/nknu/p/235093718,dcard,comment,只遇過這隻兩次,"['只', '遇', '過', '這', '隻', '兩', '次']","['只', '遇', '隻', '兩', '次']",[],neutral
136,8f98418b-605c-455d-8a92-2e46f59a8419,235093718,2021-01-02T17:59:50.113Z,2021-01-02T17:59:50.113Z,5,B4 還有這隻！！太可愛！！,1.0,F,nknu,https://www.dcard.tw/f/nknu/p/235093718,dcard,comment,還有這隻太可愛,"['還', '有', '這', '隻', '太', '可愛']","['隻', '太', '可愛']",[],positive
137,f7ff6e7e-c29f-4110-98b0-c9299ff076e2,235093718,2021-01-03T06:18:33.813Z,2021-01-03T06:18:33.813Z,6,B4 原來有黑白的！！好想巧遇😍,0.0,F,nknu,https://www.dcard.tw/f/nknu/p/235093718,dcard,comment,原來有黑白的好想巧遇,"['原來', '有', '黑白', '的', '好', '想', '巧遇']","['原來', '黑白', '好', '想', '巧遇']",[],neutral
138,581e75ce-bb96-4208-b5b9-969b5663b118,235093718,2021-01-03T08:49:03.027Z,2021-01-03T08:49:03.027Z,7,祥祥也愛pussy,1.0,M,nknu,https://www.dcard.tw/f/nknu/p/235093718,dcard,comment,祥祥也愛,"['祥祥', '也', '愛']","['祥祥', '愛']",[],neutral
139,e412b634-2dfc-4168-bb72-a39a13f08e1a,235093718,2021-01-06T16:15:31.468Z,2021-01-06T16:15:31.468Z,8,有貓就給❤ 昨天傍晚在圖書館看書，往窗外看有看到牠，玻璃太髒一開始以為是一團紙XD,1.0,M,nknu,https://www.dcard.tw/f/nknu/p/235093718,dcard,comment,有貓就給昨天傍晚在圖書館看書往窗外看有看到牠玻璃太髒一開始以為是一團紙,"['有', '貓', '就', '給', '昨天', '傍晚', '在', '圖書館', '看書', '往', '窗', '外', '看', '有', '看到', '牠', '玻璃', '太', '髒', '一', '開始', '以為', '是', '一', '團', '紙']","['貓', '昨天', '傍晚', '圖書館', '看書', '窗', '外', '看到', '牠', '玻璃', '太', '髒', '以為', '團', '紙']",[],neutral
140,6bdea061-3652-4cea-9627-a445baec7563,235093362,2021-01-03T13:49:46.495Z,2021-01-03T13:50:11.474Z,1,都傳給耗伊了,0.0,M,nknu,https://www.dcard.tw/f/nknu/p/235093362,dcard,comment,都傳給耗伊了,"['都', '傳給', '耗伊', '了']","['傳給', '耗伊']",[],neutral
141,e40644b5-c6a0-4ae7-908c-faf29ec9cf5d,235090866,2021-01-01T12:23:33.816Z,2021-01-01T12:24:02.704Z,1,自曝其短很可憐 多做學問再出來賣傻吧！,1.0,M,nknu,https://www.dcard.tw/f/nknu/p/235090866,dcard,comment,自曝其短很可憐多做學問再出來賣傻吧,"['自曝', '其', '短', '很', '可憐', '多', '做', '學問', '再', '出來', '賣', '傻', '吧']","['自曝', '短', '可憐', '做', '學問', '再', '賣', '傻']",[],negative
142,29a711aa-3bfa-4816-b9e4-68cfc23574f5,235090325,2021-01-01T04:02:27.711Z,2021-01-01T04:02:27.711Z,1,我以前住逸清也有遇過！嚇死,0.0,F,nknu,https://www.dcard.tw/f/nknu/p/235090325,dcard,comment,我以前住逸清也有遇過嚇死,"['我', '以前', '住', '逸清', '也', '有', '遇', '過', '嚇死']","['以前', '住', '逸清', '遇', '嚇死']",[],neutral
143,1d5cc9bd-6535-4333-af99-ba398b5bcf47,235090325,2021-01-01T04:17:10.387Z,2021-01-01T04:17:10.387Z,2,那個警報是防止瀚祥進去偷拍,0.0,M,nknu,https://www.dcard.tw/f/nknu/p/235090325,dcard,comment,那個警報是防止瀚祥進去偷拍,"['那', '個', '警報', '是', '防止', '瀚祥', '進去', '偷拍']","['警報', '防止', '瀚祥', '偷拍']",[],negative
144,cf9822c5-8b9f-482c-b179-8fe2e4a1ed7f,235090325,2021-01-01T06:29:48.502Z,2021-01-01T06:29:48.502Z,3,B2 哦好幽默哦==,0.0,F,nknu,https://www.dcard.tw/f/nknu/p/235090325,dcard,comment,哦好幽默哦,"['哦', '好', '幽默', '哦']","['好', '幽默']",[],positive
145,baacb255-9a41-4cdd-a679-92eb1d0d21e6,235090325,2021-01-01T16:40:06.209Z,2021-01-01T16:40:06.209Z,4,B3 小B好了啦,0.0,M,nknu,https://www.dcard.tw/f/nknu/p/235090325,dcard,comment,小好了啦,"['小', '好了', '啦']","['小', '好了']",[],neutral
146,e64e222c-ed35-4006-8df5-d832d96d3bf6,235090325,2021-01-02T08:18:01.079Z,2021-01-02T08:18:01.079Z,5,笑鼠很派捏,1.0,F,nknu,https://www.dcard.tw/f/nknu/p/235090325,dcard,comment,笑鼠很派捏,"['笑鼠', '很', '派', '捏']","['笑鼠', '派', '捏']",[],neutral
147,69059d2a-3a42-4352-8365-49ceb43a9a28,235089160,2021-01-01T12:09:37.046Z,2021-01-01T12:09:37.046Z,1,求影片,0.0,M,nknu,https://www.dcard.tw/f/nknu/p/235089160,dcard,comment,求影片,"['求', '影片']","['求', '影片']",[],neutral
148,f58ebbfb-8e2e-4a6a-b137-cb761c9dd7db,235085655,2021-01-02T11:09:49.614Z,2021-01-02T11:09:49.614Z,1,義大還要考？不是一手交錢就可以了嗎？,0.0,M,nknu,https://www.dcard.tw/f/nknu/p/235085655,dcard,comment,義大還要考不是一手交錢就可以了嗎,"['義大', '還要', '考', '不', '是', '一手交錢', '就', '可以', '了', '嗎']","['義大', '還要', '考', '一手交錢']",[],neutral
149,68f34b30-0dca-4f1f-babf-0aa7fa071973,235085283,2020-12-31T06:21:47.282Z,2020-12-31T06:21:47.282Z,1,"我是覺得有這時間討論別人 通常都考不好
阿阿阿 還是說你是弱勢加分仔
你可以考慮樹德 義大
可惜妹子搞不到",0.0,M,nknu,https://www.dcard.tw/f/nknu/p/235085283,dcard,comment,我是覺得有這時間討論別人通常都考不好阿阿阿還是說你是弱勢加分仔你可以考慮樹德義大可惜妹子搞不到,"['我', '是', '覺得', '有', '這時', '間', '討論', '別人', '通常', '都', '考', '不', '好', '阿', '阿阿', '還是', '說', '你', '是', '弱勢', '加分仔', '你', '可以', '考慮', '樹德', '義大', '可惜', '妹子', '搞', '不', '到']","['覺得', '間', '討論', '通常', '考', '好', '阿阿', '說', '弱勢', '加分仔', '考慮', '樹德', '義大', '可惜', '妹子', '搞']",[],negative
150,22c3577a-4bdb-4cfd-a095-391961f2356e,235085283,2020-12-31T07:16:42.133Z,2020-12-31T07:16:42.133Z,2,B1 嘴真的不用那麼臭,14.0,M,nknu,https://www.dcard.tw/f/nknu/p/235085283,dcard,comment,嘴真的不用那麼臭,"['嘴', '真的', '不用', '那麼', '臭']","['嘴', '真的', '不用']",[],neutral
151,42f0e766-ebad-4ff6-9cc4-8592fee54dad,235085283,2020-12-31T12:17:55.141Z,2020-12-31T12:18:32.860Z,3,"B1 工設護航仔要不要臉？
每個貼文都有你，帳號後面是瀚祥？",3.0,M,nknu,https://www.dcard.tw/f/nknu/p/235085283,dcard,comment,工設護航仔要不要臉每個貼文都有你帳號後面是瀚祥,"['工設', '護航仔', '要不要', '臉', '每', '個', '貼文', '都', '有', '你', '帳號', '後面', '是', '瀚', '祥']","['工設', '護航仔', '要不要', '臉', '貼文', '帳號', '後面', '瀚', '祥']",[],neutral
152,3f1f5ac5-c520-4ce4-8034-3d17029c079b,235085283,2020-12-31T13:34:33.326Z,2021-01-01T09:28:54.484Z,4,,,,nknu,https://www.dcard.tw/f/nknu/p/235085283,dcard,comment,,,[],[],neutral
153,a727da4d-a301-4139-beb4-5ccf1916b831,235085283,2021-01-01T03:15:36.695Z,2021-01-01T03:15:36.695Z,5,B4 轉到哪R,0.0,M,nknu,https://www.dcard.tw/f/nknu/p/235085283,dcard,comment,轉到哪,"['轉到', '哪']",['轉到'],[],neutral
154,ab1d0f5a-f727-40ed-9fb7-078ba1095ad5,235085283,2021-01-01T03:37:36.336Z,2021-01-01T09:28:34.671Z,6,,,,nknu,https://www.dcard.tw/f/nknu/p/235085283,dcard,comment,,,[],[],neutral
155,1b136349-6abc-4bb7-9c41-033349f3b827,235085283,2021-01-01T03:48:19.697Z,2021-01-01T03:48:19.697Z,7,B6 NTPU吧哈哈,0.0,M,nknu,https://www.dcard.tw/f/nknu/p/235085283,dcard,comment,吧哈哈,"['吧', '哈哈']",[],[],positive
156,fc8e7df0-c2fb-4efa-8032-b5f351b27aee,235085283,2021-01-01T03:53:17.070Z,2021-01-01T09:28:23.336Z,8,,,,nknu,https://www.dcard.tw/f/nknu/p/235085283,dcard,comment,,,[],[],neutral
157,ce486435-7d1f-4b58-958a-0893fd34e5b2,235085283,2021-01-01T03:54:11.779Z,2021-01-01T03:54:35.446Z,9,"B8 學霸...
我也要好好加油脫離偷拍大學",0.0,M,nknu,https://www.dcard.tw/f/nknu/p/235085283,dcard,comment,學霸我也要好好加油脫離偷拍大學,"['學霸', '我', '也', '要', '好好', '加油', '脫離', '偷拍', '大學']","['學霸', '好好', '加油', '脫離', '偷拍', '大學']",[],negative
158,e3372206-df9d-426b-be97-8c038d6bdfa6,235085283,2021-01-01T04:03:59.574Z,2021-01-01T04:03:59.574Z,10,B9 別間學校也有啦你如果要這麼執著會永遠一直在轉學喔,0.0,F,nknu,https://www.dcard.tw/f/nknu/p/235085283,dcard,comment,別間學校也有啦你如果要這麼執著會永遠一直在轉學喔,"['別', '間', '學校', '也', '有', '啦', '你', '如果', '要', '這麼', '執著', '會', '永遠', '一直', '在', '轉學', '喔']","['間', '學校', '執著', '永遠', '一直', '轉學']",[],neutral
159,c5e8b393-d228-4c60-b62c-6c1f90595ebb,235085283,2021-01-01T04:07:18.086Z,2021-01-01T04:07:18.086Z,11,"B10 重點是他們對偷拍的處分都是退學
高師呢…嘻嘻",1.0,M,nknu,https://www.dcard.tw/f/nknu/p/235085283,dcard,comment,重點是他們對偷拍的處分都是退學高師呢嘻嘻,"['重點', '是', '他們', '對', '偷拍', '的', '處分', '都', '是', '退學', '高師', '呢', '嘻嘻']","['重點', '偷拍', '處分', '退學', '高師', '嘻嘻']",[],negative
160,aa3599cd-45c3-4c96-a6ad-d0696d7962b3,235085283,2021-01-01T04:20:00.682Z,2021-01-01T09:28:18.773Z,12,,,,nknu,https://www.dcard.tw/f/nknu/p/235085283,dcard,comment,,,[],[],neutral
161,5f4a7f18-f0f6-44b3-889b-662f98f5bba6,235085283,2021-01-01T06:30:59.925Z,2021-01-01T06:30:59.925Z,13,你們忘了還有沒被抓到的躲在裡面,1.0,F,nknu,https://www.dcard.tw/f/nknu/p/235085283,dcard,comment,你們忘了還有沒被抓到的躲在裡面,"['你們', '忘', '了', '還', '有', '沒', '被', '抓到', '的', '躲', '在', '裡面']","['忘', '抓到', '躲', '裡面']",[],neutral
162,17443cf0-e4d5-4ccb-9064-df8567d76f9d,235085283,2021-01-01T16:22:22.953Z,2021-01-01T16:22:22.953Z,14,"他已經被退學了好不好
到底是要多閒才會一直在那邊關注一個已經被退學的人
還是你有看到他本人在校園出沒是不是？",1.0,F,nknu,https://www.dcard.tw/f/nknu/p/235085283,dcard,comment,他已經被退學了好不好到底是要多閒才會一直在那邊關注一個已經被退學的人還是你有看到他本人在校園出沒是不是,"['他', '已經', '被', '退學', '了', '好不好', '到底', '是', '要', '多', '閒', '才', '會', '一直', '在', '那邊', '關注', '一', '個', '已經', '被', '退學', '的', '人', '還是', '你', '有', '看到', '他', '本人', '在', '校園', '出沒', '是', '不', '是']","['已經', '退學', '好不好', '閒', '一直', '關注', '已經', '退學', '人', '看到', '校園', '出沒']",[],negative
163,5dc672aa-5046-4829-a2f6-2fc923811c9d,235085283,2021-01-01T16:33:13.665Z,2021-01-01T16:33:13.665Z,15,B14 小B不要騙人啦,0.0,M,nknu,https://www.dcard.tw/f/nknu/p/235085283,dcard,comment,小不要騙人啦,"['小', '不要', '騙人', '啦']","['小', '騙人']",[],negative
164,e8696783-3c4f-4133-9290-d58d7f722684,235085283,2021-01-01T17:21:48.746Z,2021-01-01T17:21:48.746Z,16,B15 你不要逃避啦你有沒有看到啦不要只會一直洗版假消息好不好 不要每個粉頭都小B,0.0,F,nknu,https://www.dcard.tw/f/nknu/p/235085283,dcard,comment,你不要逃避啦你有沒有看到啦不要只會一直洗版假消息好不好不要每個粉頭都小,"['你', '不要', '逃避', '啦', '你', '有沒有', '看到', '啦', '不要', '只', '會', '一直', '洗', '版假', '消息', '好不好', '不要', '每', '個', '粉', '頭', '都', '小']","['逃避', '有沒有', '看到', '只', '一直', '洗', '版假', '消息', '好不好', '粉', '頭', '小']",[],negative
165,e0d2271a-51db-4d59-854b-21952854988d,235085283,2021-01-03T08:51:47.327Z,2021-01-03T08:51:47.327Z,17,說退學的是睜眼說瞎話？,0.0,M,nknu,https://www.dcard.tw/f/nknu/p/235085283,dcard,comment,說退學的是睜眼說瞎話,"['說', '退學', '的', '是', '睜眼', '說瞎話']","['說', '退學', '睜眼', '說瞎話']",[],negative
166,3a490da0-a07a-425d-84fc-ec3971e8671e,235085283,2021-01-03T13:37:53.439Z,2021-01-03T13:37:53.439Z,18,B17 你看到鬼？他有沒有來上課國文系的都心知肚明啦 別系麥來亂,0.0,F,nknu,https://www.dcard.tw/f/nknu/p/235085283,dcard,comment,你看到鬼他有沒有來上課國文系的都心知肚明啦別系麥來亂,"['你', '看到', '鬼', '他', '有沒有', '來', '上課', '國文系', '的', '都', '心知肚明', '啦', '別', '系', '麥', '來', '亂']","['看到', '鬼', '有沒有', '上課', '國文系', '心知肚明', '系', '麥', '亂']",[],neutral
167,600a758a-d420-4a79-bdd4-e17d1431a4d3,235085283,2021-01-03T13:47:50.580Z,2021-01-03T13:47:50.580Z,19,"B18 是真的好像沒有什麼看到他
但大四課少本來就少出現
還有退學這事妳是聽誰說的？",0.0,M,nknu,https://www.dcard.tw/f/nknu/p/235085283,dcard,comment,是真的好像沒有什麼看到他但大四課少本來就少出現還有退學這事妳是聽誰說的,"['是', '真的', '好像', '沒有', '什麼', '看到', '他', '但', '大四課', '少', '本來', '就', '少', '出現', '還', '有', '退學', '這', '事', '妳', '是', '聽', '誰', '說', '的']","['真的', '好像', '看到', '大四課', '少', '本來', '少', '出現', '退學', '事', '妳', '聽', '說']",[],negative
168,f728b5aa-89e1-4229-a9f6-870cecc23abb,235085283,2021-01-03T13:48:46.578Z,2021-01-03T13:48:46.578Z,20,退學但照片都還沒刪喔 嘻嘻,1.0,M,nknu,https://www.dcard.tw/f/nknu/p/235085283,dcard,comment,退學但照片都還沒刪喔嘻嘻,"['退學', '但', '照片', '都', '還', '沒', '刪', '喔', '嘻嘻']","['退學', '照片', '刪', '嘻嘻']",[],negative
169,f456cbd9-dc96-4e89-8cb8-4c6e738f541d,235085283,2021-01-03T13:55:12.923Z,2021-01-03T13:55:12.923Z,21,B17 我跟他同班同組的，這學期他真的都沒來過學校,1.0,F,nknu,https://www.dcard.tw/f/nknu/p/235085283,dcard,comment,我跟他同班同組的這學期他真的都沒來過學校,"['我', '跟', '他', '同班', '同組', '的', '這', '學期', '他', '真的', '都', '沒', '來過', '學校']","['同班', '同組', '學期', '真的', '來過', '學校']",[],neutral
170,3558fb8c-2fc6-44e0-886b-b070193ce68c,235085283,2021-01-03T14:32:50.245Z,2021-01-03T14:32:50.245Z,22,"變態休學一兩年
風波過後 回來又是一條好漢",1.0,M,nknu,https://www.dcard.tw/f/nknu/p/235085283,dcard,comment,變態休學一兩年風波過後回來又是一條好漢,"['變態', '休學', '一兩年', '風波', '過後', '回來', '又', '是', '一', '條', '好漢']","['變態', '休學', '一兩年', '風波', '過後', '回來', '條', '好漢']",[],negative
171,ec6f352e-8adf-48db-a681-6d3f7425e5ff,235085283,2021-01-03T18:12:12.624Z,2021-01-03T18:12:12.624Z,23,B20 你有看過他手機？這不是護航，我只是要跟你說有沒有刪你也不會知道，搞不好手機被收走全部都被用掉了,0.0,F,nknu,https://www.dcard.tw/f/nknu/p/235085283,dcard,comment,你有看過他手機這不是護航我只是要跟你說有沒有刪你也不會知道搞不好手機被收走全部都被用掉了,"['你', '有', '看過', '他', '手機', '這', '不', '是', '護航', '我', '只是', '要', '跟', '你', '說', '有沒有', '刪', '你', '也', '不會', '知道', '搞不好', '手機', '被', '收走', '全部', '都', '被', '用掉', '了']","['看過', '手機', '護航', '說', '有沒有', '刪', '知道', '搞不好', '手機', '收走', '全部', '用掉']",[],negative
172,6b79e0f5-6bbf-4780-9c4d-ab3587ce9102,235085283,2021-01-03T18:48:57.327Z,2021-01-03T18:49:42.559Z,24,,,,nknu,https://www.dcard.tw/f/nknu/p/235085283,dcard,comment,,,[],[],neutral
173,f40d3b39-e62c-4495-b88f-6fdcc3fedd13,235085283,2021-01-03T18:49:49.274Z,2021-01-03T18:51:45.582Z,25,"B23 是啊 搞不好搞不好
也沒有人知道這樣一個偷拍累犯
是不是會存到電腦或雲端裡又或者傳給別人分享呢
也不曉得哪天會不會外流到網路上啊
還是他真的很單純 只會傻傻的把每次偷拍到的照片影片都存在同一隻手機裡讓人蒐證呢？
這麼多可能性 妳看起來倒很相信他 是為什麼呢
這樣真的沒關係嗎？還是出事妳要負責嗎？",0.0,M,nknu,https://www.dcard.tw/f/nknu/p/235085283,dcard,comment,是啊搞不好搞不好也沒有人知道這樣一個偷拍累犯是不是會存到電腦或雲端裡又或者傳給別人分享呢也不曉得哪天會不會外流到網路上啊還是他真的很單純只會傻傻的把每次偷拍到的照片影片都存在同一隻手機裡讓人蒐證呢這麼多可能性妳看起來倒很相信他是為什麼呢這樣真的沒關係嗎還是出事妳要負責嗎,"['是', '啊', '搞不好', '搞不好', '也', '沒有', '人', '知道', '這樣', '一', '個', '偷拍', '累犯', '是', '不', '是', '會', '存到', '電腦', '或', '雲端', '裡', '又', '或者', '傳給', '別人', '分享', '呢', '也', '不', '曉得', '哪', '天', '會不會', '外流', '到', '網路', '上', '啊', '還是', '他', '真的', '很', '單純', '只', '會', '傻傻', '的', '把', '每', '次', '偷拍', '到', '的', '照片', '影片', '都', '存在', '同一', '隻', '手機', '裡', '讓', '人', '蒐證', '呢', '這麼多', '可能性', '妳', '看起來', '倒', '很', '相信', '他', '是', '為什麼', '呢', '這樣', '真的', '沒關係', '嗎', '還是', '出事', '妳', '要', '負責', '嗎']","['搞不好', '搞不好', '人', '知道', '偷拍', '累犯', '存到', '電腦', '雲端', '裡', '傳給', '分享', '曉得', '天', '會不會', '外流', '網路', '真的', '只', '傻傻', '次', '偷拍', '照片', '影片', '存在', '同一', '隻', '手機', '裡', '人', '蒐證', '這麼多', '可能性', '妳', '倒', '相信', '真的', '沒關係', '出事', '妳', '負責']",[],positive
174,8d592669-1066-41f7-b523-432e92488d3c,235085283,2021-01-04T07:01:12.282Z,2021-01-04T07:01:12.282Z,26,B25 對啊，但是我針對的不是他有沒有對照片幹嘛，像你說搞不好，我不反對也沒有意見，但上面那個直接篤定說還沒刪，也沒有證據，重點在不能一口咬定,0.0,F,nknu,https://www.dcard.tw/f/nknu/p/235085283,dcard,comment,對啊但是我針對的不是他有沒有對照片幹嘛像你說搞不好我不反對也沒有意見但上面那個直接篤定說還沒刪也沒有證據重點在不能一口咬定,"['對', '啊', '但是', '我', '針對', '的', '不', '是', '他', '有沒有', '對', '照片', '幹嘛', '像', '你', '說', '搞不好', '我', '不', '反對', '也', '沒有', '意見', '但', '上面', '那', '個', '直接', '篤定', '說', '還', '沒', '刪', '也', '沒有', '證據', '重點', '在', '不能', '一口咬定']","['針對', '有沒有', '照片', '幹嘛', '說', '搞不好', '反對', '意見', '上面', '直接', '篤定', '說', '刪', '證據', '重點', '一口咬定']",[],negative
175,3354a7d5-6d5f-4662-a67d-8da3a9b72535,235085283,2021-01-04T11:29:53.352Z,2021-01-04T11:29:53.352Z,27,"哇 居然能看到有國文女生在幫瀚祥說話
原來現在風向是這樣吹啊
之前那些義憤填膺的去哪了 還是我錯過什麼了😦",0.0,M,nknu,https://www.dcard.tw/f/nknu/p/235085283,dcard,comment,哇居然能看到有國文女生在幫瀚祥說話原來現在風向是這樣吹啊之前那些義憤填膺的去哪了還是我錯過什麼了,"['哇', '居然', '能', '看到', '有', '國文', '女生', '在', '幫', '瀚祥', '說話', '原來', '現在', '風向', '是', '這樣', '吹', '啊', '之前', '那些', '義憤填膺', '的', '去', '哪', '了', '還是', '我', '錯過', '什麼', '了']","['看到', '國文', '女生', '幫', '瀚祥', '說話', '原來', '現在', '風向', '吹', '之前', '義憤填膺', '錯過']",[],negative
176,e118cd6a-0a44-4b89-a2d0-bddd2c1606e5,235084390,2020-12-31T06:19:36.292Z,2020-12-31T06:19:36.292Z,1,幫你的小枝佬高調嗎 呵呵呵,1.0,M,nknu,https://www.dcard.tw/f/nknu/p/235084390,dcard,comment,幫你的小枝佬高調嗎呵呵呵,"['幫', '你', '的', '小枝佬', '高調', '嗎', '呵', '呵呵']","['幫', '小枝佬', '高調', '呵呵']",[],positive
177,c44c4dfe-d568-4a1b-abbe-73aa7079eae6,235076304,2020-12-29T16:21:00.184Z,2020-12-29T16:21:00.184Z,1,笑死 學校那算健身房喔,1.0,M,nknu,https://www.dcard.tw/f/nknu/p/235076304,dcard,comment,笑死學校那算健身房喔,"['笑死', '學校', '那', '算', '健身房', '喔']","['笑死', '學校', '算', '健身房']",[],positive
178,7207f584-b94a-4ef1-9ef3-02fd033ae2bd,235076304,2020-12-30T07:20:48.700Z,2020-12-30T07:20:48.700Z,2,要不要我的健身房會員！我還有4個月，在環球影城隔壁的健身工廠！,1.0,F,nknu,https://www.dcard.tw/f/nknu/p/235076304,dcard,comment,要不要我的健身房會員我還有個月在環球影城隔壁的健身工廠,"['要不要', '我', '的', '健身房', '會員', '我', '還', '有', '個', '月', '在', '環球影城', '隔壁', '的', '健身', '工廠']","['要不要', '健身房', '會員', '月', '環球影城', '隔壁', '健身', '工廠']",[],neutral
179,fcdc305d-10f8-4310-ba83-323ce4005f7d,235076304,2020-12-30T07:22:49.714Z,2020-12-30T07:22:49.714Z,3,妳是去健身還是欣賞風景,0.0,M,nknu,https://www.dcard.tw/f/nknu/p/235076304,dcard,comment,妳是去健身還是欣賞風景,"['妳', '是', '去', '健身', '還是', '欣賞', '風景']","['妳', '健身', '欣賞', '風景']",[],positive
180,2862fa19-1f1c-45de-965f-84afd79b5ad5,235076304,2020-12-30T13:25:14.324Z,2020-12-30T13:25:14.324Z,4,和平健身房已經夠好了 燕巢的什麼屁都沒有,0.0,M,nknu,https://www.dcard.tw/f/nknu/p/235076304,dcard,comment,和平健身房已經夠好了燕巢的什麼屁都沒有,"['和平', '健身房', '已經', '夠', '好了', '燕巢', '的', '什麼', '屁', '都', '沒有']","['和平', '健身房', '已經', '夠', '好了', '燕巢', '屁']",[],negative
181,ee207746-fe3a-496c-883f-d9258db086f3,235076304,2020-12-30T14:29:18.947Z,2020-12-30T14:29:18.947Z,5,器材一般該有的都有！（不算很多）通常都是體育系的會在使用（4-6人） 以免費的標準來說我個人覺得已經很好了～,0.0,F,nknu,https://www.dcard.tw/f/nknu/p/235076304,dcard,comment,器材一般該有的都有不算很多通常都是體育系的會在使用人以免費的標準來說我個人覺得已經很好了,"['器材', '一般', '該', '有的', '都', '有', '不', '算', '很多', '通常', '都', '是', '體育系', '的', '會', '在', '使用人', '以', '免費', '的', '標準', '來', '說', '我', '個人', '覺得', '已經', '很', '好了']","['器材', '算', '通常', '體育系', '使用人', '免費', '標準', '說', '覺得', '已經', '好了']",[],positive
182,17a2fe97-911a-4b22-b400-2847b9b0f91d,235076304,2020-12-30T17:12:29.161Z,2020-12-30T17:12:29.161Z,6,"B1 因為沒什麼去過所以問問看😅
B2 因為我寒假也不會在高雄 怕浪費 所以先不用沒關係 不好意思 謝謝你的好意😭🙏
B3 這兩項並不衝突
B4 燕巢真的很鳥不生蛋⋯
B5 真的嗎🥺那會發生器材需要等很久之類的嗎～",0.0,F,nknu,https://www.dcard.tw/f/nknu/p/235076304,dcard,comment,因為沒什麼去過所以問問看因為我寒假也不會在高雄怕浪費所以先不用沒關係不好意思謝謝你的好意這兩項並不衝突燕巢真的很鳥不生蛋真的嗎那會發生器材需要等很久之類的嗎,"['因為', '沒', '什麼', '去', '過', '所以', '問問看', '因為', '我', '寒假', '也', '不會', '在', '高雄', '怕', '浪費', '所以', '先', '不用', '沒關係', '不好意思', '謝謝', '你', '的', '好意', '這', '兩', '項', '並', '不', '衝突', '燕巢', '真的', '很', '鳥', '不', '生', '蛋', '真的', '嗎', '那會', '發生', '器材', '需要', '等', '很', '久', '之類', '的', '嗎']","['問問看', '寒假', '高雄', '浪費', '先', '不用', '沒關係', '不好意思', '謝謝', '好意', '兩', '項', '衝突', '燕巢', '真的', '鳥', '生', '蛋', '真的', '那會', '發生', '器材', '需要', '久']",[],negative
183,66b1df98-fe56-410f-8b03-9b1fe3f16fc1,235076304,2020-12-30T18:12:45.983Z,2020-12-30T18:12:45.983Z,7,是還好啦基本上妳只要有要做器材大家都不太會佔用（除非妳想要臥推，主要都是這個最久）,0.0,M,nknu,https://www.dcard.tw/f/nknu/p/235076304,dcard,comment,是還好啦基本上妳只要有要做器材大家都不太會佔用除非妳想要臥推主要都是這個最久,"['是', '還好', '啦', '基本', '上', '妳', '只要', '有', '要', '做', '器材', '大家', '都', '不', '太', '會', '佔用', '除非', '妳', '想要', '臥推', '主要', '都', '是', '這', '個', '最', '久']","['還好', '妳', '做', '器材', '太', '佔用', '妳', '想要', '臥推', '主要', '最', '久']",[],negative
184,3452ab4d-13f2-4436-bb9b-2d27906ffe3b,235076304,2020-12-30T19:19:13.718Z,2020-12-30T19:19:13.718Z,8,B6 我目前都還沒發生過等很久的情況～,0.0,F,nknu,https://www.dcard.tw/f/nknu/p/235076304,dcard,comment,我目前都還沒發生過等很久的情況,"['我', '目前', '都', '還', '沒', '發生', '過', '等', '很', '久', '的', '情況']","['目前', '發生', '久', '情況']",[],neutral
185,30d3bc7b-826d-4e55-af25-818444cd1688,235076304,2020-12-31T16:51:33.955Z,2020-12-31T16:51:33.955Z,9,"通報 📢
好像有人對這篇文章有新想法唷，快來去看看！
  https://www.dcard.tw/f/nknu/p/235089160",0.0,D,nknu,https://www.dcard.tw/f/nknu/p/235076304,dcard,comment,通報好像有人對這篇文章有新想法唷快來去看看,"['通報', '好像', '有', '人', '對', '這', '篇', '文章', '有', '新', '想法', '唷', '快', '來去', '看看']","['通報', '好像', '人', '篇', '文章', '新', '想法', '唷', '來去', '看看']",[],neutral
186,3c5de39d-cecf-45cd-af8f-b041eccda3b0,235076304,2021-01-01T07:11:07.486Z,2021-01-01T07:11:07.486Z,10,"B7 
B8 好🥺謝謝大好人們 新年快樂！",0.0,F,nknu,https://www.dcard.tw/f/nknu/p/235076304,dcard,comment,好謝謝大好人們新年快樂,"['好', '謝謝', '大', '好人', '們', '新年', '快樂']","['好', '謝謝', '好人', '新年', '快樂']",[],positive
187,e640e523-8767-4ac4-bb56-38a8cb9129e1,235075367,2020-12-30T12:30:55.752Z,2020-12-30T12:30:55.752Z,1,大聲譴責,0.0,M,nknu,https://www.dcard.tw/f/nknu/p/235075367,dcard,comment,大聲譴責,"['大聲', '譴責']","['大聲', '譴責']",[],negative
188,f23709b7-62e2-4fba-868f-e22463c94708,235075367,2020-12-31T06:20:01.981Z,2020-12-31T06:20:01.981Z,2,譴責你這可憐蟲,0.0,M,nknu,https://www.dcard.tw/f/nknu/p/235075367,dcard,comment,譴責你這可憐蟲,"['譴責', '你', '這', '可憐蟲']","['譴責', '可憐蟲']",[],negative
189,de4258a6-4017-44d1-9d45-dbfd1144f740,235075367,2020-12-31T06:26:48.544Z,2020-12-31T06:26:48.544Z,3,"B0 通常有時間跟他們玩 
不就代表你不也跟他們同個level
所以你別問他怎考上高師的
問你自己怎麼只有這樣 可憐",0.0,M,nknu,https://www.dcard.tw/f/nknu/p/235075367,dcard,comment,通常有時間跟他們玩不就代表你不也跟他們同個所以你別問他怎考上高師的問你自己怎麼只有這樣可憐,"['通常', '有', '時間', '跟', '他們', '玩', '不', '就', '代表', '你', '不', '也', '跟', '他們', '同個', '所以', '你', '別', '問', '他', '怎', '考上', '高師', '的', '問', '你', '自己', '怎麼', '只有', '這樣', '可憐']","['通常', '時間', '玩', '代表', '同個', '問', '考上', '高師', '問', '可憐']",[],negative
190,4d87613f-1278-4fde-a26e-04b13ec0cbff,235069523,2020-12-28T23:16:31.593Z,2020-12-28T23:16:31.593Z,1,躲女廁好開心,0.0,M,nknu,https://www.dcard.tw/f/nknu/p/235069523,dcard,comment,躲女廁好開心,"['躲', '女廁', '好', '開心']","['躲', '女廁', '好', '開心']",[],positive
191,11d36747-83cc-4b20-94d4-abbd49e72eb1,235069523,2020-12-28T23:17:27.288Z,2021-01-05T09:45:47.890Z,2,,,,nknu,https://www.dcard.tw/f/nknu/p/235069523,dcard,comment,,,[],[],neutral
192,8f38cde5-ed44-476d-baee-c484d8293961,235069523,2020-12-29T03:46:44.490Z,2020-12-29T03:46:44.490Z,3,"坦白講這只是情緒發洩而已，談不上「公審」。
學學「檢舉達人蘇大媽蘇仙姑出巡粉絲團」吧！成立粉絲團，隨時回報他的行蹤，這才是王道。",0.0,M,nknu,https://www.dcard.tw/f/nknu/p/235069523,dcard,comment,坦白講這只是情緒發洩而已談不上公審學學檢舉達人蘇大媽蘇仙姑出巡粉絲團吧成立粉絲團隨時回報他的行蹤這才是王道,"['坦白', '講', '這', '只是', '情緒', '發洩', '而已', '談不上', '公審', '學學', '檢舉', '達', '人', '蘇', '大媽', '蘇', '仙姑', '出巡', '粉絲團', '吧', '成立', '粉絲團', '隨時', '回報', '他', '的', '行蹤', '這', '才', '是', '王道']","['坦白', '講', '情緒', '發洩', '談不上', '公審', '學學', '檢舉', '達', '人', '蘇', '大媽', '蘇', '仙姑', '出巡', '粉絲團', '成立', '粉絲團', '隨時', '回報', '行蹤', '王道']",[],negative
193,5ab379be-916d-488e-a1ee-eb26fe494dad,235069523,2020-12-29T04:27:57.193Z,2020-12-29T05:38:09.830Z,4,,,,nknu,https://www.dcard.tw/f/nknu/p/235069523,dcard,comment,,,[],[],neutral
194,842699bb-25d2-4474-9323-05351b92d70e,235069523,2020-12-29T04:46:46.286Z,2020-12-29T04:46:46.286Z,5,"B4你是不是他女友
這種人就不該出現在社會上
造成校園內的學生恐慌
累犯行為更是沒有檢討
有夠噁心",7.0,F,nknu,https://www.dcard.tw/f/nknu/p/235069523,dcard,comment,你是不是他女友這種人就不該出現在社會上造成校園內的學生恐慌累犯行為更是沒有檢討有夠噁心,"['你', '是', '不', '是', '他', '女友', '這', '種', '人', '就', '不', '該', '出現', '在', '社會', '上', '造成', '校園', '內', '的', '學生', '恐慌', '累犯', '行為', '更', '是', '沒有', '檢討', '有夠', '噁心']","['女友', '種', '人', '出現', '社會', '造成', '校園', '學生', '恐慌', '累犯', '行為', '檢討', '有夠', '噁心']",[],negative
195,dccc2b03-4d63-4881-91aa-f5d877f1e3eb,235069523,2020-12-29T04:51:04.930Z,2020-12-29T04:51:04.930Z,6,B4 小B,1.0,M,nknu,https://www.dcard.tw/f/nknu/p/235069523,dcard,comment,小,小,['小'],[],neutral
196,911f8e95-5e03-40a8-8896-e7cd3f63a197,235069523,2020-12-29T08:52:28.364Z,2020-12-29T08:52:28.364Z,7,小B管好你的小G,2.0,M,nknu,https://www.dcard.tw/f/nknu/p/235069523,dcard,comment,小管好你的小,"['小管好', '你', '的', '小']","['小管好', '小']",[],neutral
197,86effbb7-c546-4541-801f-374044aac40b,235069523,2020-12-30T04:12:51.495Z,2020-12-30T04:12:51.495Z,8,ca,0.0,M,nknu,https://www.dcard.tw/f/nknu/p/235069523,dcard,comment,,,[],[],neutral
198,83049ecf-a62e-45dd-83f3-7df453f82f77,235069198,2020-12-28T15:29:44.372Z,2020-12-28T15:29:44.372Z,1,幫集氣！！一定回的來！！,0.0,F,nknu,https://www.dcard.tw/f/nknu/p/235069198,dcard,comment,幫集氣一定回的來,"['幫', '集氣', '一定', '回', '的', '來']","['幫', '集氣', '一定', '回']",[],neutral
199,c87193b0-c14f-4ec7-9bde-0b51c0e02b4b,235069198,2020-12-31T06:27:04.670Z,2020-12-31T06:27:04.670Z,2,可以找回來的,0.0,M,nknu,https://www.dcard.tw/f/nknu/p/235069198,dcard,comment,可以找回來的,"['可以', '找回來', '的']",['找回來'],[],neutral
200,d553922d-27dc-4607-8018-242d1f0ad66c,235066344,2020-12-28T13:18:59.861Z,2020-12-28T13:18:59.861Z,1,瀚祥,4.0,M,nknu,https://www.dcard.tw/f/nknu/p/235066344,dcard,comment,瀚祥,"['瀚', '祥']","['瀚', '祥']",[],neutral
201,c7bb8866-9703-4a4e-b68f-218a5ca19957,235066344,2020-12-28T23:17:51.537Z,2021-01-05T09:49:32.124Z,2,,,,nknu,https://www.dcard.tw/f/nknu/p/235066344,dcard,comment,,,[],[],neutral
202,2ac178c1-f5b0-4c0a-9bdb-ca6d9d8a9069,235066344,2020-12-29T08:41:16.033Z,2020-12-29T08:41:16.033Z,3,小B,0.0,M,nknu,https://www.dcard.tw/f/nknu/p/235066344,dcard,comment,小,小,['小'],[],neutral
203,fa173fe0-2e46-4402-98ad-987456b67d2e,235066264,2020-12-28T07:43:32.762Z,2020-12-28T07:43:32.762Z,1,問祥哥阿,1.0,M,nknu,https://www.dcard.tw/f/nknu/p/235066264,dcard,comment,問祥哥阿,"['問', '祥哥', '阿']","['問', '祥哥']",[],neutral
204,5a91c3ab-38c7-4556-9869-f9ae58300230,235066264,2020-12-28T09:05:06.257Z,2020-12-28T09:05:06.257Z,2,快學期末才會撥款,0.0,M,nknu,https://www.dcard.tw/f/nknu/p/235066264,dcard,comment,快學期末才會撥款,"['快', '學期', '末', '才', '會', '撥款']","['學期', '末', '撥款']",[],neutral
205,31a5af9f-38f3-4aa7-bb31-8f6d3b7021cc,235064359,2020-12-28T01:57:40.512Z,2020-12-28T01:57:40.512Z,1,"糞店開轉～
轉呀轉呀七彩霓虹燈",7.0,M,nknu,https://www.dcard.tw/f/nknu/p/235064359,dcard,comment,糞店開轉轉呀轉呀七彩霓虹燈,"['糞店開轉', '轉', '呀', '轉', '呀', '七彩', '霓虹燈']","['糞店開轉', '轉', '轉', '七彩', '霓虹燈']",[],neutral
206,4c9cf9af-504b-41e0-a2f7-c8cf1b5a39c3,235064359,2020-12-28T03:28:42.698Z,2020-12-28T03:28:42.698Z,2,"和平有國文系大四偷拍累犯畜生
鬼山有數學系延畢偷拍變態人渣",14.0,M,nknu,https://www.dcard.tw/f/nknu/p/235064359,dcard,comment,和平有國文系大四偷拍累犯畜生鬼山有數學系延畢偷拍變態人渣,"['和平', '有', '國文系', '大四', '偷拍', '累犯', '畜生', '鬼山', '有', '數學系', '延畢', '偷拍', '變態', '人渣']","['和平', '國文系', '大四', '偷拍', '累犯', '畜生', '鬼山', '數學系', '延畢', '偷拍', '變態', '人渣']",[],negative
207,1abb134a-df29-4d56-999a-ea891a393b09,235064359,2020-12-28T04:35:28.898Z,2020-12-28T04:35:28.898Z,3,"現在媒體都有爆料專線，與其在這抱怨，不如檢附證據直接去投書。
只不過上不上新聞版面這件事，很難說是學校的影響，也有可能是編輯覺得沒啥爆點，懶得處理。",1.0,M,nknu,https://www.dcard.tw/f/nknu/p/235064359,dcard,comment,現在媒體都有爆料專線與其在這抱怨不如檢附證據直接去投書只不過上不上新聞版面這件事很難說是學校的影響也有可能是編輯覺得沒啥爆點懶得處理,"['現在', '媒體', '都', '有', '爆料', '專線', '與', '其', '在', '這', '抱怨', '不如', '檢附', '證據', '直接', '去', '投書', '只不過', '上', '不', '上', '新聞', '版面', '這', '件', '事', '很', '難說', '是', '學校', '的', '影響', '也', '有', '可能', '是', '編輯', '覺得', '沒', '啥', '爆', '點', '懶得', '處理']","['現在', '媒體', '爆料', '專線', '抱怨', '檢附', '證據', '直接', '投書', '只不過', '新聞', '版面', '件', '事', '學校', '影響', '編輯', '覺得', '爆', '點', '懶得', '處理']",[],negative
208,ee2d857a-090a-4dc0-bf5d-0021456e2f97,235064359,2020-12-28T05:00:43.105Z,2020-12-28T05:00:43.105Z,4,"B3 你不知道會在這裡抱怨的
在現實有九成都是聳仔嗎
呵呵呵 看了就好笑 一群聳逼學狗叫
真正聰明的就是會像你說的一樣做有用的事
不然你想高師的底端（B0）在哪裡 
呵呵呵 可憐 說不定未來還跟偷拍仔是一樣的地位",0.0,M,nknu,https://www.dcard.tw/f/nknu/p/235064359,dcard,comment,你不知道會在這裡抱怨的在現實有九成都是聳仔嗎呵呵呵看了就好笑一群聳逼學狗叫真正聰明的就是會像你說的一樣做有用的事不然你想高師的底端在哪裡呵呵呵可憐說不定未來還跟偷拍仔是一樣的地位,"['你', '不', '知道', '會', '在', '這裡', '抱怨', '的', '在', '現實', '有', '九', '成都', '是', '聳仔', '嗎', '呵', '呵呵', '看', '了', '就', '好笑', '一', '群', '聳逼學狗', '叫', '真正', '聰明', '的', '就是', '會', '像', '你', '說', '的', '一樣', '做', '有用', '的', '事', '不然', '你', '想', '高師', '的', '底端', '在', '哪裡', '呵', '呵呵', '可憐', '說不定', '未來', '還', '跟', '偷拍', '仔', '是', '一樣', '的', '地位']","['知道', '這裡', '抱怨', '現實', '成都', '聳仔', '呵呵', '好笑', '群', '聳逼學狗', '真正', '聰明', '說', '做', '有用', '事', '想', '高師', '底端', '哪裡', '呵呵', '可憐', '說不定', '未來', '偷拍', '仔', '地位']",[],positive
209,c2b9f295-4e36-4601-aa0f-98768cf4f650,235064359,2020-12-28T05:35:06.683Z,2020-12-28T05:35:17.251Z,5,B4 你有事嗎,2.0,M,nknu,https://www.dcard.tw/f/nknu/p/235064359,dcard,comment,你有事嗎,"['你', '有事', '嗎']",['有事'],[],neutral
210,6114f538-f13b-41a5-8cae-8cdf54757a9c,235064359,2020-12-28T07:11:19.273Z,2020-12-30T09:39:31.653Z,6,,,,nknu,https://www.dcard.tw/f/nknu/p/235064359,dcard,comment,,,[],[],neutral
211,b006a208-cda3-4286-ba77-1275725bbbb1,235064359,2020-12-29T08:37:36.009Z,2020-12-29T08:37:36.009Z,7,當時系主任要退休 偷拍仔才被強行保住呵呵,0.0,M,nknu,https://www.dcard.tw/f/nknu/p/235064359,dcard,comment,當時系主任要退休偷拍仔才被強行保住呵呵,"['當時', '系主任', '要', '退休', '偷拍', '仔', '才', '被', '強行', '保住', '呵呵']","['當時', '系主任', '退休', '偷拍', '仔', '強行', '保住', '呵呵']",[],positive
212,8bd7de95-4349-4e4f-afc2-9b9ddae7a2f4,235064359,2020-12-29T09:06:33.232Z,2020-12-29T09:07:07.315Z,8,"B6 哈哈哈 好笑
可憐連讀什麼系都不敢秀的
趕快去給ㄔㄜˉㄓㄨㄤ
不要跑出來食史",0.0,M,nknu,https://www.dcard.tw/f/nknu/p/235064359,dcard,comment,哈哈哈好笑可憐連讀什麼系都不敢秀的趕快去給不要跑出來食史,"['哈', '哈哈', '好笑', '可憐', '連', '讀', '什麼', '系', '都', '不', '敢', '秀', '的', '趕快', '去', '給', '不要', '跑出來', '食', '史']","['好笑', '可憐', '讀', '系', '秀', '跑出來', '食', '史']",[],negative
213,674ad994-358e-4806-85ee-9f0f5be2500b,235064359,2020-12-29T09:24:48.044Z,2021-01-05T05:58:15.956Z,9,,,,nknu,https://www.dcard.tw/f/nknu/p/235064359,dcard,comment,,,[],[],neutral
214,3120c07f-5391-4c01-847b-e24668aebd9a,235064359,2020-12-29T09:28:45.085Z,2020-12-29T09:28:45.085Z,10,"B9 好可憐喔 連自己什麼系都不敢秀 
我看是分數太低了齁 好可憐 你可以重考
雖然我看你根本考不上我們系
要不要躺在馬路上放棄人生
但可惜別人應該怕你弄髒他的車不想撞你",0.0,M,nknu,https://www.dcard.tw/f/nknu/p/235064359,dcard,comment,好可憐喔連自己什麼系都不敢秀我看是分數太低了齁好可憐你可以重考雖然我看你根本考不上我們系要不要躺在馬路上放棄人生但可惜別人應該怕你弄髒他的車不想撞你,"['好', '可憐', '喔', '連', '自己', '什麼', '系', '都', '不', '敢', '秀', '我', '看', '是', '分數', '太', '低', '了', '齁', '好', '可憐', '你', '可以', '重考', '雖然', '我', '看', '你', '根本', '考', '不', '上', '我們', '系', '要不要', '躺', '在', '馬路', '上', '放棄', '人生', '但', '可惜', '別人', '應該', '怕', '你', '弄髒', '他', '的', '車', '不', '想', '撞', '你']","['好', '可憐', '系', '秀', '分數', '太', '低', '齁', '好', '可憐', '重考', '根本', '考', '系', '要不要', '躺', '馬路', '放棄', '人生', '可惜', '應該', '弄髒', '車', '想', '撞']",[],negative
215,d1260447-f5db-4a4e-b3e2-39285d6ff2ca,235064359,2020-12-29T09:38:08.270Z,2020-12-29T09:38:08.270Z,11,這工設的是瀚祥麻吉？,0.0,M,nknu,https://www.dcard.tw/f/nknu/p/235064359,dcard,comment,這工設的是瀚祥麻吉,"['這', '工設', '的', '是', '瀚祥麻', '吉']","['工設', '瀚祥麻', '吉']",[],neutral
216,27ac5cdb-770b-45a2-b61a-9dadba95a861,235064359,2020-12-29T09:53:08.683Z,2020-12-30T10:25:50.960Z,12,,,,nknu,https://www.dcard.tw/f/nknu/p/235064359,dcard,comment,,,[],[],neutral
217,09281b11-bde5-4d80-96fa-a8e44a8254d5,235064359,2020-12-29T10:17:46.967Z,2020-12-30T09:37:19.563Z,13,,,,nknu,https://www.dcard.tw/f/nknu/p/235064359,dcard,comment,,,[],[],neutral
218,187b6f0c-a435-4157-bd1e-4b3c1f44d5b9,235064359,2020-12-29T11:04:57.138Z,2020-12-30T08:24:46.094Z,14,,,,nknu,https://www.dcard.tw/f/nknu/p/235064359,dcard,comment,,,[],[],neutral
219,04cba382-ba67-4199-b330-521d5b9baa3e,235064359,2020-12-29T11:12:48.119Z,2020-12-29T16:48:56.646Z,15,,,,nknu,https://www.dcard.tw/f/nknu/p/235064359,dcard,comment,,,[],[],neutral
220,d027361d-9839-49b5-95de-2f49c08c5f4a,235058684,2020-12-27T10:29:18.459Z,2020-12-27T10:29:18.459Z,1,噁,7.0,M,nknu,https://www.dcard.tw/f/nknu/p/235058684,dcard,comment,噁,噁,['噁'],[],neutral
221,ce69784b-fdb8-4689-9124-2352c8e53cf3,235058430,2020-12-27T04:00:57.952Z,2020-12-27T04:00:57.952Z,1,祥哥偶像,1.0,M,nknu,https://www.dcard.tw/f/nknu/p/235058430,dcard,comment,祥哥偶像,"['祥哥', '偶像']","['祥哥', '偶像']",[],neutral
222,1c14923e-2a72-4be2-be3d-bb3b47ad160c,235058430,2020-12-27T08:53:29.918Z,2020-12-27T08:53:29.918Z,2,求分享,0.0,M,nknu,https://www.dcard.tw/f/nknu/p/235058430,dcard,comment,求分享,"['求', '分享']","['求', '分享']",[],neutral
223,e1f9744e-a00d-42a3-9516-99a79bfa44fa,235058430,2020-12-27T09:35:13.795Z,2020-12-27T09:35:13.795Z,3,B2 感覺手機還有備份 快跟@瀚祥索取,0.0,M,nknu,https://www.dcard.tw/f/nknu/p/235058430,dcard,comment,感覺手機還有備份快跟瀚祥索取,"['感覺', '手機', '還', '有', '備份', '快', '跟', '瀚祥', '索取']","['感覺', '手機', '備份', '瀚祥', '索取']",[],neutral
224,35e69bd1-d3be-448d-8e9e-df0db7509551,235058430,2020-12-27T09:57:39.456Z,2020-12-27T09:57:39.456Z,4,"還在學校的數學系才恐怖
重點是 還在學校 而且不知道是誰",14.0,F,nknu,https://www.dcard.tw/f/nknu/p/235058430,dcard,comment,還在學校的數學系才恐怖重點是還在學校而且不知道是誰,"['還', '在', '學校', '的', '數學系', '才', '恐怖', '重點', '是', '還', '在', '學校', '而且', '不', '知道', '是', '誰']","['學校', '數學系', '恐怖', '重點', '學校', '知道']",[],negative
225,c5cdc990-3cd2-42a3-9f26-97c5ad74615c,235058430,2020-12-27T12:17:51.784Z,2020-12-27T12:17:51.784Z,5,"呵呵呵 小雞雞罵小雞雞
一群小雞雞",0.0,M,nknu,https://www.dcard.tw/f/nknu/p/235058430,dcard,comment,呵呵呵小雞雞罵小雞雞一群小雞雞,"['呵', '呵呵', '小雞雞', '罵', '小雞雞', '一', '群', '小雞雞']","['呵呵', '小雞雞', '罵', '小雞雞', '群', '小雞雞']",[],positive
226,fdc50f8a-3952-4569-a35d-7210380716d4,235058430,2020-12-27T14:44:32.171Z,2020-12-27T14:44:32.171Z,6,B4 延畢生,0.0,M,nknu,https://www.dcard.tw/f/nknu/p/235058430,dcard,comment,延畢生,"['延', '畢生']","['延', '畢生']",[],neutral
227,4e226e98-592a-42c3-8d0d-e7b84154106e,235058430,2020-12-27T16:01:46.092Z,2020-12-27T16:01:46.092Z,7,"好噁心 請比照韓國性犯罪者公布姓名好嗎
這種人為什麼要讓他在社會上啊？",0.0,F,nknu,https://www.dcard.tw/f/nknu/p/235058430,dcard,comment,好噁心請比照韓國性犯罪者公布姓名好嗎這種人為什麼要讓他在社會上啊,"['好', '噁心', '請', '比照', '韓國性', '犯罪', '者', '公布', '姓名', '好', '嗎', '這', '種', '人', '為什麼', '要', '讓', '他', '在', '社會', '上', '啊']","['好', '噁心', '請', '韓國性', '犯罪', '公布', '姓名', '好', '種', '人', '社會']",[],negative
228,d1c7e66c-3947-4dfb-8aaa-dda9d763d543,235058430,2020-12-27T17:04:52.623Z,2020-12-27T17:04:52.623Z,8,"https://i.imgur.com/IAtCuez.png
嗚嗚沒跟到留言就被刪掉了
有人有截圖嗎：3？",0.0,F,nknu,https://www.dcard.tw/f/nknu/p/235058430,dcard,comment,嗚嗚沒跟到留言就被刪掉了有人有截圖嗎,"['嗚嗚', '沒', '跟到', '留言', '就', '被', '刪掉', '了', '有', '人', '有', '截', '圖', '嗎']","['嗚嗚', '跟到', '留言', '刪掉', '人', '截', '圖']",[],neutral
229,9d221409-9065-4b86-b955-c3f1428cdb5a,235058430,2020-12-27T17:30:40.393Z,2020-12-27T17:30:40.393Z,9,B7 因為程度有別，且每個個案狀況不同，不能從一而論。持續存在的是問題，不是人，所以要解決的也是問題，是要解決存在於人身上的問題，不是人的個體本身。,1.0,F,nknu,https://www.dcard.tw/f/nknu/p/235058430,dcard,comment,因為程度有別且每個個案狀況不同不能從一而論持續存在的是問題不是人所以要解決的也是問題是要解決存在於人身上的問題不是人的個體本身,"['因為', '程度', '有別', '且', '每', '個', '個案', '狀況', '不同', '不能', '從', '一', '而', '論', '持續', '存在', '的', '是', '問題', '不', '是', '人', '所以', '要', '解決', '的', '也', '是', '問題', '是', '要', '解決', '存在', '於', '人身', '上', '的', '問題', '不', '是', '人', '的', '個體', '本身']","['程度', '有別', '個案', '狀況', '持續', '存在', '問題', '人', '解決', '問題', '解決', '存在', '人身', '問題', '人', '個體']",[],negative
230,6dd9a1dd-dc88-4dad-a1ee-52706f33764a,235058430,2020-12-28T01:13:08.102Z,2020-12-28T01:13:08.102Z,10,"這件事不能沉
支持原PO
別讓一個偷拍之狼造成全校人心惶惶",2.0,M,nknu,https://www.dcard.tw/f/nknu/p/235058430,dcard,comment,這件事不能沉支持原別讓一個偷拍之狼造成全校人心惶惶,"['這', '件', '事', '不能', '沉', '支持', '原', '別', '讓', '一', '個', '偷拍', '之', '狼', '造成', '全', '校', '人心惶惶']","['件', '事', '沉', '支持', '原', '偷拍', '狼', '造成', '全', '校', '人心惶惶']",[],negative
231,2524fabb-1cb9-404f-b015-e86258074f5b,235058430,2020-12-28T01:20:00.395Z,2020-12-28T01:20:00.395Z,11,B4 之前圖書館射精學姊水壺的那個嗎,0.0,M,nknu,https://www.dcard.tw/f/nknu/p/235058430,dcard,comment,之前圖書館射精學姊水壺的那個嗎,"['之前', '圖書館', '射精', '學姊', '水壺', '的', '那', '個', '嗎']","['之前', '圖書館', '射精', '學姊', '水壺']",[],neutral
232,200f2b8c-aad1-490d-b9ca-44eef441ea80,235058430,2020-12-28T01:47:45.557Z,2020-12-28T01:47:45.557Z,12,B5 你這個鬼山猴子不要下山吵 你是那麼支持偷拍行為是不是？可悲,1.0,M,nknu,https://www.dcard.tw/f/nknu/p/235058430,dcard,comment,你這個鬼山猴子不要下山吵你是那麼支持偷拍行為是不是可悲,"['你', '這', '個', '鬼', '山', '猴子', '不要', '下山', '吵', '你', '是', '那麼', '支持', '偷拍', '行為', '是', '不', '是', '可悲']","['鬼', '山', '猴子', '下山', '吵', '支持', '偷拍', '行為', '可悲']",[],negative
233,55f58265-7995-43f3-b840-4908d1881c12,235058430,2020-12-28T01:56:07.899Z,2020-12-28T01:56:07.899Z,13,B10 你確定一個而已嗎,1.0,F,nknu,https://www.dcard.tw/f/nknu/p/235058430,dcard,comment,你確定一個而已嗎,"['你', '確定', '一', '個', '而已', '嗎']",['確定'],[],positive
234,e79ca01f-718a-445d-918e-b7cb17513a95,235058430,2020-12-28T03:44:42.148Z,2020-12-28T03:44:42.148Z,14,"解決人=解決問題
只要知道是誰至少就可以防範跟唾棄他們
讓他們在社會生存不下去
真心希望他們能活不下去",1.0,F,nknu,https://www.dcard.tw/f/nknu/p/235058430,dcard,comment,解決人解決問題只要知道是誰至少就可以防範跟唾棄他們讓他們在社會生存不下去真心希望他們能活不下去,"['解決', '人', '解決', '問題', '只要', '知道', '是', '誰', '至少', '就', '可以', '防範', '跟', '唾棄', '他們', '讓', '他們', '在', '社會', '生存', '不', '下去', '真心', '希望', '他們', '能', '活', '不', '下去']","['解決', '人', '解決', '問題', '知道', '至少', '防範', '唾棄', '社會', '生存', '下去', '真心', '希望', '下去']",[],positive
235,eb08ea16-3641-4213-8554-1f4d112771b9,235058430,2020-12-28T03:45:36.402Z,2020-12-28T03:45:36.402Z,15,"B11 不是哦 是大概十一月的時候數學系延畢仔偷拍女生上廁所哦
做完筆錄跟懲戒 還是回來學校上課了哦",2.0,F,nknu,https://www.dcard.tw/f/nknu/p/235058430,dcard,comment,不是哦是大概十一月的時候數學系延畢仔偷拍女生上廁所哦做完筆錄跟懲戒還是回來學校上課了哦,"['不', '是', '哦', '是', '大概', '十一月', '的', '時候', '數學系', '延畢仔', '偷拍', '女生', '上廁所', '哦', '做完', '筆錄', '跟', '懲戒', '還是', '回來', '學校', '上課', '了', '哦']","['十一月', '數學系', '延畢仔', '偷拍', '女生', '上廁所', '做完', '筆錄', '懲戒', '回來', '學校', '上課']",[],neutral
236,3841c58d-917d-4114-95cc-be28b3584a24,235058430,2020-12-28T04:59:41.748Z,2020-12-28T04:59:41.748Z,16,推,0.0,F,nknu,https://www.dcard.tw/f/nknu/p/235058430,dcard,comment,推,推,['推'],[],neutral
237,80f70be5-208c-4180-af19-a2dd081eb1f2,235058430,2020-12-28T04:59:48.520Z,2020-12-28T04:59:48.520Z,17,"你不知道會在這裡抱怨的
在現實有九成都是聳仔嗎
呵呵呵 看了就好笑 一群聳逼學狗叫
真正聰明的就是會像你說的一樣做有用的事
不然你想高師的底端（B0）在哪裡 
呵呵呵 可憐 說不定未來還跟偷拍仔是一樣的地位
看小雞雞罵小雞雞 爽",0.0,M,nknu,https://www.dcard.tw/f/nknu/p/235058430,dcard,comment,你不知道會在這裡抱怨的在現實有九成都是聳仔嗎呵呵呵看了就好笑一群聳逼學狗叫真正聰明的就是會像你說的一樣做有用的事不然你想高師的底端在哪裡呵呵呵可憐說不定未來還跟偷拍仔是一樣的地位看小雞雞罵小雞雞爽,"['你', '不', '知道', '會', '在', '這裡', '抱怨', '的', '在', '現實', '有', '九', '成都', '是', '聳仔', '嗎', '呵', '呵呵', '看', '了', '就', '好笑', '一', '群', '聳逼學狗', '叫', '真正', '聰明', '的', '就是', '會', '像', '你', '說', '的', '一樣', '做', '有用', '的', '事', '不然', '你', '想', '高師', '的', '底端', '在', '哪裡', '呵', '呵呵', '可憐', '說不定', '未來', '還', '跟', '偷拍', '仔', '是', '一樣', '的', '地位', '看', '小雞', '雞', '罵', '小雞', '雞', '爽']","['知道', '這裡', '抱怨', '現實', '成都', '聳仔', '呵呵', '好笑', '群', '聳逼學狗', '真正', '聰明', '說', '做', '有用', '事', '想', '高師', '底端', '哪裡', '呵呵', '可憐', '說不定', '未來', '偷拍', '仔', '地位', '小雞', '雞', '罵', '小雞', '雞', '爽']",[],positive
238,9d726c48-30bb-40a5-b41e-979577dc10fa,235058430,2020-12-28T05:11:53.503Z,2020-12-28T05:11:53.503Z,18,B15 啊你怎麼那麼清楚？？？受害者知道你在這邊為她發聲嗎？,3.0,F,nknu,https://www.dcard.tw/f/nknu/p/235058430,dcard,comment,啊你怎麼那麼清楚受害者知道你在這邊為她發聲嗎,"['啊', '你', '怎麼', '那麼', '清楚', '受害', '者', '知道', '你', '在', '這邊', '為', '她', '發聲', '嗎']","['清楚', '受害', '知道', '發聲']",[],positive
239,b808bc5b-79e5-415a-93fa-807cd72f2132,235058430,2020-12-28T06:46:20.054Z,2020-12-28T06:46:20.054Z,19,解決人並不會解決問題，會一直有這種人出現就是因為問題沒被解決，事情的根本就是那個「問題」。,0.0,F,nknu,https://www.dcard.tw/f/nknu/p/235058430,dcard,comment,解決人並不會解決問題會一直有這種人出現就是因為問題沒被解決事情的根本就是那個問題,"['解決', '人', '並', '不會', '解決', '問題', '會', '一直', '有', '這', '種', '人', '出現', '就是', '因為', '問題', '沒', '被', '解決', '事情', '的', '根本', '就是', '那', '個', '問題']","['解決', '人', '解決', '問題', '一直', '種', '人', '出現', '問題', '解決', '事情', '根本', '問題']",[],negative
240,8cb29fd8-e498-40b2-82c1-d4955a1a0739,235058430,2020-12-28T07:49:26.690Z,2020-12-28T07:49:26.690Z,20,B15 你很熟哦,1.0,F,nknu,https://www.dcard.tw/f/nknu/p/235058430,dcard,comment,你很熟哦,"['你', '很', '熟', '哦']",['熟'],[],neutral
241,442594ae-4db7-43d1-9af3-7c0c6dedafec,235058430,2020-12-28T10:32:55.482Z,2021-01-01T12:07:39.235Z,21,求分享偷拍的影片,0.0,M,nknu,https://www.dcard.tw/f/nknu/p/235058430,dcard,comment,求分享偷拍的影片,"['求', '分享', '偷拍', '的', '影片']","['求', '分享', '偷拍', '影片']",[],neutral
242,620ea1e9-37a8-432e-be3a-2b5b23d25e22,235058430,2020-12-28T16:35:57.533Z,2020-12-28T16:35:57.533Z,22,"推欸
工設仔下去啦可撥",1.0,F,nknu,https://www.dcard.tw/f/nknu/p/235058430,dcard,comment,推欸工設仔下去啦可撥,"['推', '欸', '工', '設仔', '下去', '啦', '可', '撥']","['推', '欸', '工', '設仔', '下去', '撥']",[],neutral
243,2904e267-dcad-4f4e-97fb-9e754f72f5c0,235058430,2020-12-28T23:15:37.797Z,2020-12-30T10:20:27.121Z,23,,,,nknu,https://www.dcard.tw/f/nknu/p/235058430,dcard,comment,,,[],[],neutral
244,92909dba-51ba-4370-b613-e1720135f8f8,235058430,2020-12-29T08:48:16.422Z,2020-12-29T08:48:16.422Z,24,"模仿效應啊
你今天一個瀚祥不處理
改天就越來越多系的破腦跟著偷拍女生上廁所
反正也不會有事啊",0.0,M,nknu,https://www.dcard.tw/f/nknu/p/235058430,dcard,comment,模仿效應啊你今天一個瀚祥不處理改天就越來越多系的破腦跟著偷拍女生上廁所反正也不會有事啊,"['模仿', '效應', '啊', '你', '今天', '一', '個', '瀚祥', '不', '處理', '改天', '就', '越來越', '多', '系', '的', '破', '腦', '跟', '著', '偷拍', '女生', '上廁所', '反正', '也', '不會', '有事', '啊']","['模仿', '效應', '今天', '瀚祥', '處理', '改天', '越來越', '系', '破', '腦', '偷拍', '女生', '上廁所', '反正', '有事']",[],negative
245,f3af7519-8175-4451-a7aa-43d9d562ba31,235058430,2020-12-30T07:29:06.967Z,2020-12-30T07:29:06.967Z,25,B15 很好奇是誰 如果是延畢仔的話不就是我同學嗎🤣,0.0,M,nknu,https://www.dcard.tw/f/nknu/p/235058430,dcard,comment,很好奇是誰如果是延畢仔的話不就是我同學嗎,"['很', '好奇', '是', '誰', '如果', '是', '延畢仔', '的', '話', '不', '就是', '我', '同學', '嗎']","['好奇', '延畢仔', '話', '同學']",[],positive
246,a97e5db9-3f34-434a-856a-4e92376a025b,235056686,2020-12-26T16:20:31.897Z,2020-12-26T16:20:31.897Z,1,哇哇哇，現在高師居然還有明道人（感動,1.0,M,nknu,https://www.dcard.tw/f/nknu/p/235056686,dcard,comment,哇哇哇現在高師居然還有明道人感動,"['哇', '哇哇', '現在', '高師', '居然', '還', '有', '明道', '人', '感動']","['哇哇', '現在', '高師', '明道', '人', '感動']",[],negative
247,da94cbda-d142-41e1-80e8-0d9d5e18a5bb,235056686,2020-12-26T17:38:39.523Z,2020-12-26T17:38:39.523Z,2,B1明道人無所不在,1.0,M,nknu,https://www.dcard.tw/f/nknu/p/235056686,dcard,comment,明道人無所不在,"['明道人', '無所不在']","['明道人', '無所不在']",[],neutral
248,df0feff0-8e9c-4d58-bd7b-788a7255edce,235056686,2020-12-26T19:15:29.462Z,2020-12-26T19:15:29.462Z,3,高師怎麼會沒有明道人？明道不是就在高雄而已嗎？,0.0,M,nknu,https://www.dcard.tw/f/nknu/p/235056686,dcard,comment,高師怎麼會沒有明道人明道不是就在高雄而已嗎,"['高師', '怎麼', '會', '沒有', '明道人', '明道', '不', '是', '就', '在', '高雄', '而已', '嗎']","['高師', '明道人', '明道', '高雄']",[],negative
249,1ca7f73f-6a28-44fe-acb3-747eceb0ac88,235056686,2020-12-26T19:20:36.179Z,2020-12-26T19:20:36.179Z,4,B3 高雄是道明……,0.0,F,nknu,https://www.dcard.tw/f/nknu/p/235056686,dcard,comment,高雄是道明,"['高雄', '是', '道明']","['高雄', '道明']",[],neutral
250,e554ef5c-2626-4526-8218-3df66f595ea5,235056686,2020-12-27T01:20:36.421Z,2020-12-27T01:20:36.421Z,5,"B3你...應該是在反串吧...😭😭
B4正確✅ 聽說「明道」跟「道明」差很多",0.0,M,nknu,https://www.dcard.tw/f/nknu/p/235056686,dcard,comment,你應該是在反串吧正確聽說明道跟道明差很多,"['你', '應該', '是', '在', '反串', '吧', '正確', '聽說', '明道', '跟', '道明', '差', '很多']","['應該', '反串', '正確', '聽說', '明道', '道明', '差']",[],positive
251,e68d7e65-98f6-4d9a-bf94-c9fb68f8bae4,235056686,2020-12-27T02:37:45.931Z,2020-12-27T02:37:45.931Z,6,明道人🙌🙌 但沒有制服可拍qq,0.0,M,nknu,https://www.dcard.tw/f/nknu/p/235056686,dcard,comment,明道人但沒有制服可拍,"['明道人', '但', '沒有', '制服', '可', '拍']","['明道人', '制服', '拍']",[],negative
252,a30c2849-fd84-4765-a004-0bc7bc927632,235056686,2020-12-27T16:07:50.702Z,2020-12-27T16:07:50.702Z,7,制服日揪起來~,0.0,M,nknu,https://www.dcard.tw/f/nknu/p/235056686,dcard,comment,制服日揪起來,"['制服日', '揪起來']","['制服日', '揪起來']",[],neutral
253,fbcb7757-1be1-42bb-a035-8670d3ed5f85,235056686,2020-12-30T20:43:06.821Z,2020-12-30T20:43:06.821Z,8,揪啊 下禮拜訂個時間,0.0,M,nknu,https://www.dcard.tw/f/nknu/p/235056686,dcard,comment,揪啊下禮拜訂個時間,"['揪', '啊', '下', '禮拜', '訂', '個', '時間']","['揪', '下', '禮拜', '訂', '時間']",[],neutral
254,0679be0f-2858-4106-9cc2-747b5f0790df,235056686,2021-01-02T14:05:26.844Z,2021-01-02T14:05:26.844Z,9,"通報 📢
好像有人對這篇文章有新想法唷，快來去看看！
  https://www.dcard.tw/f/nknu/p/235099157",0.0,D,nknu,https://www.dcard.tw/f/nknu/p/235056686,dcard,comment,通報好像有人對這篇文章有新想法唷快來去看看,"['通報', '好像', '有', '人', '對', '這', '篇', '文章', '有', '新', '想法', '唷', '快', '來去', '看看']","['通報', '好像', '人', '篇', '文章', '新', '想法', '唷', '來去', '看看']",[],neutral
255,24c55942-6083-44d4-a846-a0ade76693b7,235056686,2021-01-02T16:42:41.145Z,2021-01-02T16:42:41.145Z,10,ㄩㄇ！,0.0,M,nknu,https://www.dcard.tw/f/nknu/p/235056686,dcard,comment,,,[],[],neutral
256,49570de9-fd0e-47d3-8cd6-925289d9a7c8,235056686,2021-01-03T07:56:47.935Z,2021-01-03T07:56:47.935Z,11,"明道人報到！！！！
約起來！",0.0,M,nknu,https://www.dcard.tw/f/nknu/p/235056686,dcard,comment,明道人報到約起來,"['明道人', '報到', '約', '起來']","['明道人', '報到', '約']",[],neutral
257,54b401d5-d72b-41da-93b7-d41889bc9bf4,235056686,2021-01-03T07:57:32.509Z,2021-01-03T07:57:32.509Z,12,太感動了,0.0,M,nknu,https://www.dcard.tw/f/nknu/p/235056686,dcard,comment,太感動了,"['太', '感動', '了']","['太', '感動']",[],positive
258,c3e39c28-96d6-4183-b4dc-007516043f0d,235056686,2021-01-03T13:05:30.443Z,2021-01-03T13:05:30.443Z,13,"明天1/4可以約拍一波只是我還在台中😂😂
各位可以約拍一下我明年到～",0.0,M,nknu,https://www.dcard.tw/f/nknu/p/235056686,dcard,comment,明天可以約拍一波只是我還在台中各位可以約拍一下我明年到,"['明天', '可以', '約', '拍', '一', '波', '只是', '我', '還', '在', '台中', '各位', '可以', '約', '拍', '一下', '我', '明年', '到']","['明天', '約', '拍', '波', '台中', '約', '拍', '一下', '明年']",[],neutral
259,8b9e616d-4d9e-415f-a7a0-16a9f277001c,235056686,2021-01-03T16:49:53.870Z,2021-01-03T16:49:53.870Z,14,哇~明年🤣,0.0,M,nknu,https://www.dcard.tw/f/nknu/p/235056686,dcard,comment,哇明年,"['哇', '明年']",['明年'],[],neutral
260,35e7db2a-524f-4a80-a22c-489128188fd9,235056686,2021-01-03T19:55:33.718Z,2021-01-03T19:55:33.718Z,15,糟糕...我的制服在台中...,0.0,M,nknu,https://www.dcard.tw/f/nknu/p/235056686,dcard,comment,糟糕我的制服在台中,"['糟糕', '我', '的', '制服', '在', '台中']","['糟糕', '制服', '台中']",[],negative
261,8be06543-e14e-418c-a3cf-c91bd04ffe76,235056686,2021-01-03T20:01:00.643Z,2021-01-04T14:25:34.805Z,16,,,,nknu,https://www.dcard.tw/f/nknu/p/235056686,dcard,comment,,,[],[],neutral
262,9ed2a31e-39ac-4a3c-b144-c56ecfb37dae,235051384,2020-12-26T06:00:02.160Z,2020-12-26T06:00:02.160Z,1,請問如果只有幾天能餵的話還可以報名嗎？,0.0,F,nknu,https://www.dcard.tw/f/nknu/p/235051384,dcard,comment,請問如果只有幾天能餵的話還可以報名嗎,"['請問', '如果', '只有', '幾', '天', '能', '餵', '的', '話', '還可以', '報名', '嗎']","['請問', '天', '話', '還可以', '報名']",[],neutral
263,0f75c9d2-4233-4f38-a0a2-ceb7dbf6e0a7,235051384,2020-12-26T06:27:23.804Z,2020-12-26T06:27:23.804Z,2,B1 可以的，非常歡迎！！,0.0,F,nknu,https://www.dcard.tw/f/nknu/p/235051384,dcard,comment,可以的非常歡迎,"['可以', '的', '非常', '歡迎']",['歡迎'],[],positive
264,8fc541c0-91f0-445c-ae0a-e8c941681d54,235051384,2020-12-26T16:53:18.326Z,2020-12-26T16:53:18.326Z,3,燕巢的夥伴也歡迎來犬舍遛狗喔~,0.0,M,nknu,https://www.dcard.tw/f/nknu/p/235051384,dcard,comment,燕巢的夥伴也歡迎來犬舍遛狗喔,"['燕巢', '的', '夥伴', '也', '歡迎', '來', '犬舍', '遛狗', '喔']","['燕巢', '夥伴', '歡迎', '犬舍', '遛狗']",[],positive
265,51a4fcf6-818a-454c-ae24-dd325b599da0,235051384,2020-12-26T17:45:29.868Z,2020-12-26T17:45:29.868Z,4,我怕我餵一餵，也把自己的身體餵給他們了,2.0,M,nknu,https://www.dcard.tw/f/nknu/p/235051384,dcard,comment,我怕我餵一餵也把自己的身體餵給他們了,"['我', '怕', '我', '餵', '一', '餵', '也', '把', '自己', '的', '身體', '餵給', '他們', '了']","['身體', '餵給']",[],neutral
266,45a5e368-e3b0-4ad2-8177-abb4d9460a4b,235051384,2020-12-27T16:02:07.374Z,2020-12-27T16:02:07.374Z,5,貓呢？,1.0,F,nknu,https://www.dcard.tw/f/nknu/p/235051384,dcard,comment,貓呢,"['貓', '呢']",['貓'],[],neutral
267,4beb35f0-096e-4c65-afe2-f6c4f4eeaa47,235049289,2020-12-26T04:57:46.445Z,2020-12-26T04:57:46.445Z,1,我大高師包庇偷拍仔祥哥都來不及了，你還跟我說辦學？笑死,3.0,M,nknu,https://www.dcard.tw/f/nknu/p/235049289,dcard,comment,我大高師包庇偷拍仔祥哥都來不及了你還跟我說辦學笑死,"['我', '大', '高師', '包庇', '偷拍', '仔祥哥', '都', '來不及', '了', '你', '還', '跟', '我', '說', '辦學', '笑死']","['高師', '包庇', '偷拍', '仔祥哥', '說', '辦學', '笑死']",[],negative
268,f53cda83-8fd6-4e36-8e90-bed3fd8eee88,235049289,2020-12-26T05:23:43.934Z,2020-12-26T05:23:43.934Z,2,高師下去,0.0,M,nknu,https://www.dcard.tw/f/nknu/p/235049289,dcard,comment,高師下去,"['高師', '下去']","['高師', '下去']",[],neutral
269,c95c518c-2ec3-461d-9227-c75a4d0b0e96,235048901,2020-12-25T18:05:41.607Z,2020-12-25T18:05:41.607Z,1,"如果你蒐集足夠的證據
是可以交去生輔組二樓
由教官出面請他們改善
不然就讓他們退宿",0.0,M,nknu,https://www.dcard.tw/f/nknu/p/235048901,dcard,comment,如果你蒐集足夠的證據是可以交去生輔組二樓由教官出面請他們改善不然就讓他們退宿,"['如果', '你', '蒐集', '足夠', '的', '證據', '是', '可以', '交', '去', '生輔組', '二樓', '由', '教官', '出面', '請', '他們', '改善', '不然', '就', '讓', '他們', '退', '宿']","['蒐集', '足夠', '證據', '交', '生輔組', '二樓', '教官', '出面', '請', '改善', '退', '宿']",[],positive
270,0cda74b9-35ca-4220-a862-848beead60a1,235048901,2020-12-27T04:02:39.202Z,2020-12-27T04:02:39.202Z,2,"不只519 
媽的整層樓都在吵好不好
good shit!good shit!",0.0,M,nknu,https://www.dcard.tw/f/nknu/p/235048901,dcard,comment,不只媽的整層樓都在吵好不好,"['不只', '媽的', '整', '層', '樓', '都', '在', '吵', '好不好']","['媽的', '整', '層', '樓', '吵', '好不好']",[],negative
271,761df3f6-e9fc-4368-bf76-00aff044ea72,235048901,2020-12-27T08:55:33.626Z,2020-12-27T08:55:33.626Z,3,數學系都給我退宿,0.0,M,nknu,https://www.dcard.tw/f/nknu/p/235048901,dcard,comment,數學系都給我退宿,"['數學系', '都', '給', '我', '退', '宿']","['數學系', '退', '宿']",[],neutral
272,43092ccd-b3d3-4c76-8bf1-713cf5704042,235048901,2020-12-28T05:07:52.079Z,2020-12-28T05:07:52.079Z,4,B2看到學長還不會叫好是殺小,0.0,M,nknu,https://www.dcard.tw/f/nknu/p/235048901,dcard,comment,看到學長還不會叫好是殺小,"['看到', '學長', '還', '不會', '叫好', '是', '殺', '小']","['看到', '學長', '叫好', '殺', '小']",[],negative
273,8e67c36f-b08a-4b03-93a4-63faf9d1cae0,235048901,2021-01-03T13:01:44.943Z,2021-01-03T13:01:44.943Z,5,"畢業了幾年了還是長這樣 
好好笑一堆毛孩出來考不上正式",0.0,M,nknu,https://www.dcard.tw/f/nknu/p/235048901,dcard,comment,畢業了幾年了還是長這樣好好笑一堆毛孩出來考不上正式,"['畢業', '了', '幾年', '了', '還是', '長', '這樣', '好好笑', '一', '堆', '毛', '孩', '出來', '考', '不', '上', '正式']","['畢業', '幾年', '長', '好好笑', '堆', '毛', '孩', '考', '正式']",[],positive
274,378c94bc-dc55-45eb-bb48-fc8ad48ec032,235048485,2020-12-25T08:05:35.937Z,2020-12-25T08:05:35.937Z,1,柯文哲的名言  果然名不虛傳,2.0,M,nknu,https://www.dcard.tw/f/nknu/p/235048485,dcard,comment,柯文哲的名言果然名不虛傳,"['柯文哲', '的', '名言', '果然', '名不虛傳']","['柯文哲', '名言', '名不虛傳']",[],neutral
275,e9cd4b4f-6a8d-4cc7-9667-199ba0c3731b,235048485,2020-12-26T02:26:23.710Z,2020-12-26T02:26:53.896Z,2,"慘爆 
想好好做事改善環境會遇到很多困難
尤其是其他處室的老屁股
那些多年來被踢來踢去的人也是
連學生去問問題都說你去問其他某某處室
不過有些學生不愛惜環境是真的
給你資源還被破壞 然後被當理所當然
後來我想多做一點計劃都會被嫌棄刁難
甚至因為這樣還被覺得找他麻煩
被醜人亂傳八卦超可怕
最後果斷離職 遠離有害環境",6.0,F,nknu,https://www.dcard.tw/f/nknu/p/235048485,dcard,comment,慘爆想好好做事改善環境會遇到很多困難尤其是其他處室的老屁股那些多年來被踢來踢去的人也是連學生去問問題都說你去問其他某某處室不過有些學生不愛惜環境是真的給你資源還被破壞然後被當理所當然後來我想多做一點計劃都會被嫌棄刁難甚至因為這樣還被覺得找他麻煩被醜人亂傳八卦超可怕最後果斷離職遠離有害環境,"['慘爆', '想', '好好', '做', '事', '改善', '環境', '會', '遇到', '很多', '困難', '尤其', '是', '其他', '處室', '的', '老', '屁股', '那些', '多', '年', '來', '被', '踢來踢去', '的', '人', '也', '是', '連', '學生', '去', '問', '問題', '都', '說', '你', '去', '問', '其他', '某某', '處室', '不過', '有', '些', '學生', '不', '愛惜', '環境', '是', '真的', '給', '你', '資源', '還', '被', '破壞', '然後', '被', '當', '理所當然', '後來', '我', '想', '多', '做', '一點', '計劃', '都', '會', '被', '嫌棄', '刁難', '甚至', '因為', '這樣', '還', '被', '覺得', '找', '他', '麻煩', '被', '醜', '人', '亂傳', '八卦', '超', '可怕', '最後', '果斷', '離職', '遠離', '有害', '環境']","['慘爆', '想', '好好', '做', '事', '改善', '環境', '遇到', '困難', '尤其', '處室', '屁股', '年', '踢來踢去', '人', '學生', '問', '問題', '說', '問', '某某', '處室', '些', '學生', '愛惜', '環境', '真的', '資源', '破壞', '理所當然', '想', '做', '一點', '計劃', '嫌棄', '刁難', '覺得', '找', '麻煩', '醜', '人', '亂傳', '八卦', '超', '可怕', '最後', '果斷', '離職', '遠離', '有害', '環境']",[],negative
276,2e9c4ebe-15f1-48b1-a545-f9a4d3f19bf7,235047317,2020-12-26T08:06:03.083Z,2020-12-26T08:06:03.083Z,1,"我覺得中央空調比較多 好比說 明明自己不喜歡對方 卻載對方回家之類的 只因為女生月經來 
或是呢 對各種女生都很好 讓很多女生都誤會
我也聽說有些人是到處播種 這種類型的男人真渣",1.0,M,nknu,https://www.dcard.tw/f/nknu/p/235047317,dcard,comment,我覺得中央空調比較多好比說明明自己不喜歡對方卻載對方回家之類的只因為女生月經來或是呢對各種女生都很好讓很多女生都誤會我也聽說有些人是到處播種這種類型的男人真渣,"['我', '覺得', '中央', '空調', '比', '較多', '好比', '說明', '明', '自己', '不', '喜歡', '對方', '卻', '載', '對方', '回家', '之類', '的', '只', '因為', '女生', '月經', '來', '或是', '呢', '對', '各', '種', '女生', '都', '很', '好', '讓', '很多', '女生', '都', '誤會', '我', '也', '聽說', '有', '些', '人', '是', '到處', '播種', '這', '種', '類型', '的', '男人', '真', '渣']","['覺得', '中央', '空調', '較多', '好比', '說明', '明', '喜歡', '對方', '卻', '載', '對方', '回家', '只', '女生', '月經', '種', '女生', '好', '女生', '誤會', '聽說', '些', '人', '播種', '種', '類型', '男人', '真', '渣']",[],positive
277,ba85cd78-e73d-4f23-9db0-7fdb69d9c6f4,235047317,2020-12-29T08:49:20.176Z,2020-12-29T08:49:20.176Z,2,皓一是你？,0.0,M,nknu,https://www.dcard.tw/f/nknu/p/235047317,dcard,comment,皓一是你,"['皓', '一', '是', '你']",['皓'],[],neutral
