0,4c6f0831-a916-4353-adac-dac1a3ce1cfc,235134939,2021-01-08T05:24:21.978Z,2021-01-08T05:24:21.978Z,1,"è€ƒè©¦ç¯„åœ5ï½10èª²
è€ƒè©¦æ–¹å¼è·ŸæœŸä¸­è€ƒå·®ä¸å¤š åªå¤šäº†å¥å­é‡çµ„
è€ƒè©¦æ™‚é–“1å°æ™‚",0.0,F,ntpu,https://www.dcard.tw/f/ntpu/p/235134939,dcard,comment,è€ƒè©¦ç¯„åœèª²è€ƒè©¦æ–¹å¼è·ŸæœŸä¸­è€ƒå·®ä¸å¤šåªå¤šäº†å¥å­é‡çµ„è€ƒè©¦æ™‚é–“å°æ™‚,"['è€ƒè©¦', 'ç¯„åœèª²', 'è€ƒè©¦', 'æ–¹å¼', 'è·Ÿ', 'æœŸä¸­è€ƒ', 'å·®ä¸å¤š', 'åª', 'å¤š', 'äº†', 'å¥å­', 'é‡çµ„', 'è€ƒè©¦', 'æ™‚é–“', 'å°æ™‚']","['è€ƒè©¦', 'ç¯„åœèª²', 'è€ƒè©¦', 'æ–¹å¼', 'æœŸä¸­è€ƒ', 'åª', 'å¥å­', 'é‡çµ„', 'è€ƒè©¦', 'æ™‚é–“', 'å°æ™‚']",[],neutral
1,d7b579dc-bdb7-423f-b48e-67f6bac94352,235134444,2021-01-08T03:04:01.741Z,2021-01-08T03:04:01.741Z,1,å°ˆå¿ƒä¸Šèª²ã€‚,0.0,M,ntpu,https://www.dcard.tw/f/ntpu/p/235134444,dcard,comment,å°ˆå¿ƒä¸Šèª²,"['å°ˆå¿ƒ', 'ä¸Šèª²']","['å°ˆå¿ƒ', 'ä¸Šèª²']",[],neutral
2,b1cc5abf-a587-42ca-b2a4-19b37b05aff5,235134444,2021-01-08T03:07:15.419Z,2021-01-08T03:07:15.419Z,2,å•ç­é•·å•Š,0.0,M,ntpu,https://www.dcard.tw/f/ntpu/p/235134444,dcard,comment,å•ç­é•·å•Š,"['å•', 'ç­é•·', 'å•Š']","['å•', 'ç­é•·']",[],neutral
3,b5ceb6d1-17f7-4377-bc83-de17dc0e8214,235134444,2021-01-08T03:40:05.494Z,2021-01-08T03:40:14.689Z,3,,,,ntpu,https://www.dcard.tw/f/ntpu/p/235134444,dcard,comment,,,[],[],neutral
4,81dc714a-b9b5-43cd-9a90-51a21fa99c20,235134444,2021-01-08T05:20:23.941Z,2021-01-08T05:20:23.941Z,4,B1 è¬è¬æé†’,0.0,F,ntpu,https://www.dcard.tw/f/ntpu/p/235134444,dcard,comment,è¬è¬æé†’,"['è¬è¬', 'æé†’']","['è¬è¬', 'æé†’']",[],positive
5,ac0f7fcf-b382-4b29-b2c1-dd5f7eab227f,235134444,2021-01-08T05:20:58.595Z,2021-01-08T05:20:58.595Z,5,B2 å°å¼ å¿˜äº†å¯ä»¥å•ç­é•· è¬è¬ä½ ï¼,0.0,F,ntpu,https://www.dcard.tw/f/ntpu/p/235134444,dcard,comment,å°å¼å¿˜äº†å¯ä»¥å•ç­é•·è¬è¬ä½ ,"['å°', 'å¼', 'å¿˜', 'äº†', 'å¯ä»¥', 'å•', 'ç­é•·', 'è¬è¬', 'ä½ ']","['å¼', 'å¿˜', 'å•', 'ç­é•·', 'è¬è¬']",[],positive
6,32167801-c8b5-4c9b-b808-5edae4fe08e3,235133094,2021-01-07T16:58:05.318Z,2021-01-07T16:58:05.318Z,1,ahoy,0.0,M,ntpu,https://www.dcard.tw/f/ntpu/p/235133094,dcard,comment,,,[],[],neutral
7,521211e8-e57b-475e-894c-807864469a98,235133094,2021-01-07T17:03:54.428Z,2021-01-07T17:03:54.428Z,2,"https://i.imgur.com/KBYPKUS.jpg
\ä»£è¡¨ç¤¾å·¥ç³»ä¸Šé¦™/",2.0,M,ntpu,https://www.dcard.tw/f/ntpu/p/235133094,dcard,comment,ä»£è¡¨ç¤¾å·¥ç³»ä¸Šé¦™,"['ä»£è¡¨', 'ç¤¾å·¥ç³»', 'ä¸Šé¦™']","['ä»£è¡¨', 'ç¤¾å·¥ç³»', 'ä¸Šé¦™']",[],neutral
8,0dfc2230-a5cf-4b91-8908-1129e74f8577,235133094,2021-01-07T17:22:52.258Z,2021-01-07T17:22:52.258Z,3,å¤ªæ²¹äº†å§= =peko,0.0,M,ntpu,https://www.dcard.tw/f/ntpu/p/235133094,dcard,comment,å¤ªæ²¹äº†å§,"['å¤ª', 'æ²¹', 'äº†', 'å§']","['å¤ª', 'æ²¹']",[],neutral
9,2c0a4de2-32c9-4621-b8df-35d5d5c7ade4,235133094,2021-01-07T17:41:36.995Z,2021-01-07T17:42:00.865Z,4,,,,ntpu,https://www.dcard.tw/f/ntpu/p/235133094,dcard,comment,,,[],[],neutral
10,db7829c6-3a99-4612-a315-92b0020e3314,235133094,2021-01-07T17:42:44.398Z,2021-01-07T17:42:44.398Z,5,"https://i.imgur.com/UzfKvGQ.jpg
ä½ èªªçš„å°",0.0,M,ntpu,https://www.dcard.tw/f/ntpu/p/235133094,dcard,comment,ä½ èªªçš„å°,"['ä½ ', 'èªª', 'çš„', 'å°']",['èªª'],[],neutral
11,510c3f69-9089-4825-9638-da8bedb19e3b,235133094,2021-01-07T18:51:33.324Z,2021-01-07T18:51:33.324Z,6,å¥³åƒ•éæ°£ã„Œ,0.0,M,ntpu,https://www.dcard.tw/f/ntpu/p/235133094,dcard,comment,å¥³åƒ•éæ°£,"['å¥³åƒ•', 'éæ°£']","['å¥³åƒ•', 'éæ°£']",[],neutral
12,5ee2a80b-12dc-433d-8039-ac34566ebbbc,235133094,2021-01-07T19:02:07.976Z,2021-01-07T19:02:07.976Z,7,"B6 æ±ºé¬¥ï¼Ÿï¼Ÿï¼Ÿï¼Ÿ
https://i.imgur.com/dYueKlY.jpg",0.0,M,ntpu,https://www.dcard.tw/f/ntpu/p/235133094,dcard,comment,æ±ºé¬¥,['æ±ºé¬¥'],['æ±ºé¬¥'],[],neutral
13,06f2bda9-eefc-41b8-960d-813b3dbc657b,235133094,2021-01-07T19:05:58.716Z,2021-01-07T19:05:58.716Z,8,"B7 
https://i.imgur.com/txzPbFz.jpg",0.0,M,ntpu,https://www.dcard.tw/f/ntpu/p/235133094,dcard,comment,,,[],[],neutral
14,08f9da3b-653a-47f2-8420-cbc2b424b2fd,235133094,2021-01-07T19:10:10.567Z,2021-01-07T19:10:10.567Z,9,"B8 
https://i.imgur.com/owW8upA.jpg",0.0,M,ntpu,https://www.dcard.tw/f/ntpu/p/235133094,dcard,comment,,,[],[],neutral
15,dddaaa19-74f3-430f-8b1b-d8058f8a2244,235133094,2021-01-07T19:16:24.740Z,2021-01-07T19:16:24.740Z,10,"B9 
https://i.imgur.com/VlOoJAL.jpg",0.0,M,ntpu,https://www.dcard.tw/f/ntpu/p/235133094,dcard,comment,,,[],[],neutral
16,a5546a17-c8ab-440a-8963-84707ac50ce8,235133094,2021-01-07T19:19:49.999Z,2021-01-07T19:19:49.999Z,11,è²¼å¿ƒå°æé†’ï¼šä½ ç¾åœ¨æ”¾æ£„ï¼Œå°±å¯ä»¥é–‹å§‹æ”¾å¯’å‡å›‰,1.0,M,ntpu,https://www.dcard.tw/f/ntpu/p/235133094,dcard,comment,è²¼å¿ƒå°æé†’ä½ ç¾åœ¨æ”¾æ£„å°±å¯ä»¥é–‹å§‹æ”¾å¯’å‡å›‰,"['è²¼å¿ƒ', 'å°', 'æé†’', 'ä½ ', 'ç¾åœ¨', 'æ”¾æ£„', 'å°±', 'å¯ä»¥', 'é–‹å§‹', 'æ”¾', 'å¯’å‡', 'å›‰']","['è²¼å¿ƒ', 'å°', 'æé†’', 'ç¾åœ¨', 'æ”¾æ£„', 'æ”¾', 'å¯’å‡', 'å›‰']",[],negative
17,75db82b5-0dfa-49d2-beec-6be637c33279,235133094,2021-01-07T19:21:26.708Z,2021-01-07T19:21:26.708Z,12,"B10 
https://i.imgur.com/ZRsomXd.jpg",0.0,M,ntpu,https://www.dcard.tw/f/ntpu/p/235133094,dcard,comment,,,[],[],neutral
18,da2db907-562f-4f21-a7d1-0057d2eaf95b,235133094,2021-01-07T19:31:12.571Z,2021-01-07T19:32:47.325Z,13,"B12
è¸©ç·šäº†æ›ä¸€å¼µ
https://i.imgur.com/0EcIBbv.jpg",1.0,M,ntpu,https://www.dcard.tw/f/ntpu/p/235133094,dcard,comment,è¸©ç·šäº†æ›ä¸€å¼µ,"['è¸©ç·š', 'äº†', 'æ›', 'ä¸€', 'å¼µ']","['è¸©ç·š', 'æ›', 'å¼µ']",[],neutral
19,7525d91a-6704-42fc-9bc7-a4d9adbed1ef,235133094,2021-01-07T19:39:42.155Z,2021-01-07T19:39:42.155Z,14,"B13 
https://i.imgur.com/ss4RDS9.jpg",0.0,M,ntpu,https://www.dcard.tw/f/ntpu/p/235133094,dcard,comment,,,[],[],neutral
20,7b2373ef-28c6-4ac2-a886-3a71bc595ef8,235133094,2021-01-07T19:40:40.149Z,2021-01-07T19:40:40.149Z,15,"B14 
https://i.imgur.com/wF980Xh.jpg",0.0,M,ntpu,https://www.dcard.tw/f/ntpu/p/235133094,dcard,comment,,,[],[],neutral
21,aac5dd34-5218-45db-9fc3-2284241258cd,235133094,2021-01-07T19:50:31.739Z,2021-01-07T19:50:31.739Z,16,"B15 
https://i.imgur.com/eJTDmJ3.jpg",0.0,M,ntpu,https://www.dcard.tw/f/ntpu/p/235133094,dcard,comment,,,[],[],neutral
22,1aa6fb39-b719-48a1-b80b-9b80e2f25dd7,235133094,2021-01-08T02:23:36.791Z,2021-01-08T02:23:36.791Z,17,"B16 
https://i.imgur.com/XuzS9T1.jpg",0.0,M,ntpu,https://www.dcard.tw/f/ntpu/p/235133094,dcard,comment,,,[],[],neutral
23,ce87d89f-a456-49d6-827e-0260a3b7ca74,235133094,2021-01-08T02:42:57.615Z,2021-01-08T02:42:57.615Z,18,å¹¹æ»‘å€’,0.0,M,ntpu,https://www.dcard.tw/f/ntpu/p/235133094,dcard,comment,å¹¹æ»‘å€’,"['å¹¹', 'æ»‘å€’']","['å¹¹', 'æ»‘å€’']",[],neutral
24,cce14cfb-67f7-486e-96ee-4d30440c2920,235133094,2021-01-08T03:48:23.176Z,2021-01-08T03:48:23.176Z,19,ã“ã‚“ã‚ãã‚,0.0,M,ntpu,https://www.dcard.tw/f/ntpu/p/235133094,dcard,comment,,,[],[],neutral
25,0f90df04-f1e5-4377-ac8c-0bae5f3547e6,235133094,2021-01-08T04:11:12.281Z,2021-01-08T04:11:12.281Z,20,ä½ å¯ä»¥è£œvod= =,0.0,M,ntpu,https://www.dcard.tw/f/ntpu/p/235133094,dcard,comment,ä½ å¯ä»¥è£œ,"['ä½ ', 'å¯ä»¥', 'è£œ']",['è£œ'],[],neutral
26,4b1d6fbe-30ca-468c-89aa-2f3cda793571,235133094,2021-01-08T04:19:42.554Z,2021-01-08T04:19:42.554Z,21,"B17 
https://i.imgur.com/WaH5xNc.jpg",0.0,M,ntpu,https://www.dcard.tw/f/ntpu/p/235133094,dcard,comment,,,[],[],neutral
27,1de6e84f-d6c4-48d8-86a5-63a830e96203,235133094,2021-01-08T04:43:10.322Z,2021-01-08T04:43:52.063Z,22,"B21 
https://i.imgur.com/8Tm1n2z.jpg",0.0,M,ntpu,https://www.dcard.tw/f/ntpu/p/235133094,dcard,comment,,,[],[],neutral
28,f7351e4e-c664-43e2-b46f-0ccd054ed58e,235133094,2021-01-08T05:20:11.981Z,2021-01-08T05:20:11.981Z,23,"é€™å°±æ˜¯æˆ‘è¦çš„æ ¡ç‰ˆwwww
https://i.imgur.com/XDOmxAK.jpg",0.0,M,ntpu,https://www.dcard.tw/f/ntpu/p/235133094,dcard,comment,é€™å°±æ˜¯æˆ‘è¦çš„æ ¡ç‰ˆ,"['é€™', 'å°±æ˜¯', 'æˆ‘', 'è¦', 'çš„', 'æ ¡', 'ç‰ˆ']","['æ ¡', 'ç‰ˆ']",[],neutral
29,a01b6da9-c077-458a-82dc-e6f0c9d81c7f,235133094,2021-01-08T05:31:15.965Z,2021-01-08T05:31:15.965Z,24,https://i.imgur.com/QPD2xnW.jpg,0.0,M,ntpu,https://www.dcard.tw/f/ntpu/p/235133094,dcard,comment,,,[],[],neutral
30,afcaf187-7adf-4a00-8baa-71bb1e53fdf9,235132902,2021-01-07T16:15:07.685Z,2021-01-07T16:15:07.685Z,1,ä¸è¦å»å©šç¦®å•Š,0.0,M,ntpu,https://www.dcard.tw/f/ntpu/p/235132902,dcard,comment,ä¸è¦å»å©šç¦®å•Š,"['ä¸è¦', 'å»', 'å©šç¦®', 'å•Š']",['å©šç¦®'],[],negative
31,1790eca0-9dee-40b1-9805-20ceaa768973,235132902,2021-01-07T16:16:07.379Z,2021-01-07T16:16:07.379Z,2,å»å•å°æ—å•Š...,7.0,M,ntpu,https://www.dcard.tw/f/ntpu/p/235132902,dcard,comment,å»å•å°æ—å•Š,"['å»', 'å•', 'å°æ—', 'å•Š']","['å•', 'å°æ—']",[],neutral
32,a53d6b94-04d6-4437-9897-50acf167e694,235132902,2021-01-07T16:18:02.455Z,2021-01-07T16:18:17.219Z,3,,,,ntpu,https://www.dcard.tw/f/ntpu/p/235132902,dcard,comment,,,[],[],neutral
33,854c45b5-653a-4cac-af6b-3bb44339ee5a,235132902,2021-01-07T16:18:14.030Z,2021-01-07T16:18:14.030Z,4,B2 æˆ‘æœƒå®³ç¾,1.0,M,ntpu,https://www.dcard.tw/f/ntpu/p/235132902,dcard,comment,æˆ‘æœƒå®³ç¾,"['æˆ‘', 'æœƒ', 'å®³ç¾']",['å®³ç¾'],[],negative
34,6c5559cf-4532-4cc0-bee7-e99f26f0db27,235132902,2021-01-07T16:24:09.331Z,2021-01-07T16:24:09.331Z,5,B4 é‚£çœŸçš„æ´»è©²è¢«ç•¶,5.0,M,ntpu,https://www.dcard.tw/f/ntpu/p/235132902,dcard,comment,é‚£çœŸçš„æ´»è©²è¢«ç•¶,"['é‚£', 'çœŸçš„', 'æ´»è©²', 'è¢«', 'ç•¶']","['çœŸçš„', 'æ´»è©²']",[],negative
35,c1ccfdda-bce3-48ac-8e33-a127b33d1801,235132902,2021-01-07T16:31:38.960Z,2021-01-07T16:31:38.960Z,6,å©šç¦®å¹¾é»ï¼Œå¦‚æœä¸æ˜¯çœŸçš„å¾ˆæ—©ï¼Œè¶•å¿«å¯«ä¸€å¯«ç›´æ¥äº¤,0.0,M,ntpu,https://www.dcard.tw/f/ntpu/p/235132902,dcard,comment,å©šç¦®å¹¾é»å¦‚æœä¸æ˜¯çœŸçš„å¾ˆæ—©è¶•å¿«å¯«ä¸€å¯«ç›´æ¥äº¤,"['å©šç¦®', 'å¹¾é»', 'å¦‚æœ', 'ä¸', 'æ˜¯', 'çœŸçš„', 'å¾ˆ', 'æ—©', 'è¶•å¿«', 'å¯«', 'ä¸€', 'å¯«', 'ç›´æ¥', 'äº¤']","['å©šç¦®', 'å¹¾é»', 'çœŸçš„', 'æ—©', 'å¯«', 'å¯«', 'ç›´æ¥', 'äº¤']",[],neutral
36,88e14aab-06d2-4197-a06d-519ddbe82a1a,235132902,2021-01-07T16:38:53.132Z,2021-01-07T16:38:53.132Z,7,B6 è¡¨å®š12é»å¯æ˜¯åœ¨å°ä¸­==,0.0,M,ntpu,https://www.dcard.tw/f/ntpu/p/235132902,dcard,comment,è¡¨å®šé»å¯æ˜¯åœ¨å°ä¸­,"['è¡¨', 'å®šé»', 'å¯æ˜¯', 'åœ¨', 'å°ä¸­']","['è¡¨', 'å®šé»', 'å°ä¸­']",[],neutral
37,49e2e172-f3ff-4a3e-9b78-00ed45affadb,235132902,2021-01-07T16:48:42.093Z,2021-01-07T16:48:42.093Z,8,B7 åŸæœ¬æƒ³å»ºè­°ä½ UBER/å°é»ƒ+é«˜éµçš„ï¼Œä½†çœ‹ä¾†ä½ é‚„æ˜¯å»å’Œè€å¸«æºé€šä¸€ä¸‹å¥½äº†,0.0,M,ntpu,https://www.dcard.tw/f/ntpu/p/235132902,dcard,comment,åŸæœ¬æƒ³å»ºè­°ä½ å°é»ƒé«˜éµçš„ä½†çœ‹ä¾†ä½ é‚„æ˜¯å»å’Œè€å¸«æºé€šä¸€ä¸‹å¥½äº†,"['åŸæœ¬', 'æƒ³', 'å»ºè­°', 'ä½ ', 'å°é»ƒ', 'é«˜éµ', 'çš„', 'ä½†', 'çœ‹ä¾†', 'ä½ ', 'é‚„æ˜¯', 'å»', 'å’Œ', 'è€å¸«', 'æºé€š', 'ä¸€ä¸‹', 'å¥½äº†']","['åŸæœ¬', 'æƒ³', 'å»ºè­°', 'å°é»ƒ', 'é«˜éµ', 'è€å¸«', 'æºé€š', 'ä¸€ä¸‹', 'å¥½äº†']",[],neutral
38,aeacbbf1-a34a-4666-ba39-ca08942e698e,235132902,2021-01-07T16:52:57.002Z,2021-01-07T16:52:57.002Z,9,è·Ÿä»–èªªä½ è¦å»åƒèˆ‡èº«åˆ†æ³•çš„å¯¦å‹™ç¶“é©—,39.0,M,ntpu,https://www.dcard.tw/f/ntpu/p/235132902,dcard,comment,è·Ÿä»–èªªä½ è¦å»åƒèˆ‡èº«åˆ†æ³•çš„å¯¦å‹™ç¶“é©—,"['è·Ÿ', 'ä»–', 'èªª', 'ä½ ', 'è¦', 'å»', 'åƒèˆ‡', 'èº«åˆ†æ³•', 'çš„', 'å¯¦å‹™', 'ç¶“é©—']","['èªª', 'åƒèˆ‡', 'èº«åˆ†æ³•', 'å¯¦å‹™', 'ç¶“é©—']",[],positive
39,6d94e4e5-bf6a-475c-904d-b5a08df312d6,235132902,2021-01-07T18:57:53.505Z,2021-01-07T18:57:53.505Z,10,ç•¶å¤©è‡ªå·±ä¹Ÿçµå©š,6.0,M,ntpu,https://www.dcard.tw/f/ntpu/p/235132902,dcard,comment,ç•¶å¤©è‡ªå·±ä¹Ÿçµå©š,"['ç•¶å¤©', 'è‡ªå·±', 'ä¹Ÿ', 'çµå©š']","['ç•¶å¤©', 'çµå©š']",[],neutral
40,864786be-1cf7-4541-8560-5d5b0b013e92,235132902,2021-01-07T19:13:40.107Z,2021-01-07T19:13:40.107Z,11,åœ¨å®¶ç¡åˆ°ä¸€æ•´å¤©çµæŸ,1.0,M,ntpu,https://www.dcard.tw/f/ntpu/p/235132902,dcard,comment,åœ¨å®¶ç¡åˆ°ä¸€æ•´å¤©çµæŸ,"['åœ¨', 'å®¶', 'ç¡åˆ°', 'ä¸€', 'æ•´', 'å¤©', 'çµæŸ']","['å®¶', 'ç¡åˆ°', 'æ•´', 'å¤©', 'çµæŸ']",[],neutral
41,1c32ecb6-14db-434e-ad9f-c86dd281319d,235132902,2021-01-07T20:24:04.292Z,2021-01-07T20:24:04.292Z,12,å§å§å©šç¦®ä¸‹æ¬¡å»,5.0,M,ntpu,https://www.dcard.tw/f/ntpu/p/235132902,dcard,comment,å§å§å©šç¦®ä¸‹æ¬¡å»,"['å§å§', 'å©šç¦®', 'ä¸‹', 'æ¬¡', 'å»']","['å§å§', 'å©šç¦®', 'ä¸‹', 'æ¬¡']",[],neutral
42,f5d70849-f525-4bdb-ae19-998107abc2f0,235132048,2021-01-07T14:58:47.554Z,2021-01-07T14:58:47.554Z,1,èª²é¸æ¬£é™½ è¦æœ‰ä¿¡ä»°...,0.0,M,ntpu,https://www.dcard.tw/f/ntpu/p/235132048,dcard,comment,èª²é¸æ¬£é™½è¦æœ‰ä¿¡ä»°,"['èª²é¸æ¬£é™½', 'è¦', 'æœ‰', 'ä¿¡ä»°']","['èª²é¸æ¬£é™½', 'ä¿¡ä»°']",[],neutral
43,a23f8d73-8b96-425f-9128-9a8a9887b64e,235132048,2021-01-07T15:26:08.935Z,2021-01-07T15:26:08.935Z,2,ä¸€çœ‹å°±çŸ¥é“æ˜¯ç¿¹èª²ä»”,0.0,M,ntpu,https://www.dcard.tw/f/ntpu/p/235132048,dcard,comment,ä¸€çœ‹å°±çŸ¥é“æ˜¯ç¿¹èª²ä»”,"['ä¸€', 'çœ‹', 'å°±', 'çŸ¥é“', 'æ˜¯', 'ç¿¹èª²', 'ä»”']","['çŸ¥é“', 'ç¿¹èª²', 'ä»”']",[],positive
44,8b6b6df3-40ca-4e8a-90a0-03a383e36722,235132048,2021-01-07T15:34:58.949Z,2021-01-07T15:34:58.949Z,3,"B2 
å“ªæ¬¡ä¸ç¿¹",0.0,M,ntpu,https://www.dcard.tw/f/ntpu/p/235132048,dcard,comment,å“ªæ¬¡ä¸ç¿¹,"['å“ª', 'æ¬¡', 'ä¸', 'ç¿¹']","['æ¬¡', 'ç¿¹']",[],neutral
45,60426ba4-e400-441b-97e9-c7acbcc8caa8,235132048,2021-01-07T16:14:50.783Z,2021-01-07T16:14:50.783Z,4,æ¨éœèŠ³ğŸ¥°,0.0,M,ntpu,https://www.dcard.tw/f/ntpu/p/235132048,dcard,comment,æ¨éœèŠ³,"['æ¨éœ', 'èŠ³']","['æ¨éœ', 'èŠ³']",[],neutral
46,afe6d60e-df92-4bac-b46f-eb7545abf568,235132048,2021-01-08T02:54:47.146Z,2021-01-08T02:54:47.146Z,5,B4 éœèŠ¬ğŸ˜‚,0.0,F,ntpu,https://www.dcard.tw/f/ntpu/p/235132048,dcard,comment,éœèŠ¬,"['éœ', 'èŠ¬']","['éœ', 'èŠ¬']",[],neutral
47,33c1275b-e202-4707-a427-fdbeb1917222,235132048,2021-01-08T03:56:36.637Z,2021-01-08T03:56:36.637Z,6,éœèŠ¬è€å¸«äººè¶…å¥½ï½æ¨çˆ†,0.0,M,ntpu,https://www.dcard.tw/f/ntpu/p/235132048,dcard,comment,éœèŠ¬è€å¸«äººè¶…å¥½æ¨çˆ†,"['éœèŠ¬', 'è€å¸«', 'äººè¶…', 'å¥½', 'æ¨', 'çˆ†']","['éœèŠ¬', 'è€å¸«', 'äººè¶…', 'å¥½', 'æ¨', 'çˆ†']",[],neutral
48,aec0eef4-8598-4bed-bef2-6917a680885d,235131831,2021-01-07T13:59:44.066Z,2021-01-07T13:59:44.066Z,1,æˆ‘å€‘æ‡‰è©²å…ˆè¢«å†°é›¹ç ¸æ­»,1.0,M,ntpu,https://www.dcard.tw/f/ntpu/p/235131831,dcard,comment,æˆ‘å€‘æ‡‰è©²å…ˆè¢«å†°é›¹ç ¸æ­»,"['æˆ‘å€‘', 'æ‡‰è©²', 'å…ˆ', 'è¢«', 'å†°é›¹', 'ç ¸æ­»']","['æ‡‰è©²', 'å…ˆ', 'å†°é›¹', 'ç ¸æ­»']",[],neutral
49,05058049-fa43-4788-a67d-e9153e509d52,235131831,2021-01-07T14:14:41.352Z,2021-01-07T14:14:41.352Z,2,å¦‚æœåŒ—å¤§èƒ½è¢«éŠ€ç™½è‰²è¦†è“‹æ‡‰è©²å¾ˆæ¼‚äº®,4.0,M,ntpu,https://www.dcard.tw/f/ntpu/p/235131831,dcard,comment,å¦‚æœåŒ—å¤§èƒ½è¢«éŠ€ç™½è‰²è¦†è“‹æ‡‰è©²å¾ˆæ¼‚äº®,"['å¦‚æœ', 'åŒ—å¤§', 'èƒ½', 'è¢«', 'éŠ€ç™½è‰²', 'è¦†è“‹', 'æ‡‰è©²', 'å¾ˆ', 'æ¼‚äº®']","['åŒ—å¤§', 'éŠ€ç™½è‰²', 'è¦†è“‹', 'æ‡‰è©²', 'æ¼‚äº®']",[],positive
50,7f46ff2e-5e9c-4d58-8d33-10c5ecf211dc,235131831,2021-01-07T14:21:51.386Z,2021-01-07T14:21:51.386Z,3,å±…æ°‘æœƒé€²åˆ°å…¬åœ’è³é›ªç„¶å¾Œå­¸æ ¡æœƒå¤§å¡è»Š,35.0,M,ntpu,https://www.dcard.tw/f/ntpu/p/235131831,dcard,comment,å±…æ°‘æœƒé€²åˆ°å…¬åœ’è³é›ªç„¶å¾Œå­¸æ ¡æœƒå¤§å¡è»Š,"['å±…æ°‘', 'æœƒ', 'é€²åˆ°', 'å…¬åœ’', 'è³', 'é›ª', 'ç„¶å¾Œ', 'å­¸æ ¡', 'æœƒ', 'å¤§', 'å¡è»Š']","['å±…æ°‘', 'é€²åˆ°', 'å…¬åœ’', 'è³', 'é›ª', 'å­¸æ ¡', 'å¡è»Š']",[],neutral
51,22a94a56-c604-4786-af12-cfc4a9d35a3c,235131831,2021-01-07T14:26:06.621Z,2021-01-07T14:27:19.861Z,4,å¤§åŒ—è¶´åœ¨é›ªä¸­ç¡è¦ºæ‡‰è©²ä¸æœƒè¢«ç™¼ç¾å§,63.0,M,ntpu,https://www.dcard.tw/f/ntpu/p/235131831,dcard,comment,å¤§åŒ—è¶´åœ¨é›ªä¸­ç¡è¦ºæ‡‰è©²ä¸æœƒè¢«ç™¼ç¾å§,"['å¤§', 'åŒ—', 'è¶´', 'åœ¨', 'é›ª', 'ä¸­', 'ç¡è¦º', 'æ‡‰è©²', 'ä¸æœƒ', 'è¢«', 'ç™¼ç¾', 'å§']","['åŒ—', 'è¶´', 'é›ª', 'ä¸­', 'ç¡è¦º', 'æ‡‰è©²', 'ç™¼ç¾']",[],negative
52,8e3d3a58-e92e-4f04-a07b-22d2ff12c6cf,235131831,2021-01-07T15:03:41.690Z,2021-01-07T15:03:41.690Z,5,åŒ—å¤§çš„æŸ´çŠ¬æœƒè®ŠæˆæŸ´çŠ¬å†°æ£’,6.0,M,ntpu,https://www.dcard.tw/f/ntpu/p/235131831,dcard,comment,åŒ—å¤§çš„æŸ´çŠ¬æœƒè®ŠæˆæŸ´çŠ¬å†°æ£’,"['åŒ—å¤§', 'çš„', 'æŸ´çŠ¬', 'æœƒ', 'è®Šæˆ', 'æŸ´çŠ¬', 'å†°æ£’']","['åŒ—å¤§', 'æŸ´çŠ¬', 'è®Šæˆ', 'æŸ´çŠ¬', 'å†°æ£’']",[],neutral
53,bee15fa8-4cb4-493c-a87e-4f378098647e,235131831,2021-01-07T15:13:06.209Z,2021-01-07T15:13:06.209Z,6,do you want to build a snowman â›„ ~,3.0,M,ntpu,https://www.dcard.tw/f/ntpu/p/235131831,dcard,comment,,,[],[],neutral
54,c88426e4-677b-4506-816f-9ab4478a69af,235131831,2021-01-07T15:14:12.889Z,2021-01-07T15:14:12.889Z,7,B5 æˆ‘è®Šå†·å‡é¦™è…¸,0.0,M,ntpu,https://www.dcard.tw/f/ntpu/p/235131831,dcard,comment,æˆ‘è®Šå†·å‡é¦™è…¸,"['æˆ‘', 'è®Š', 'å†·å‡', 'é¦™è…¸']","['è®Š', 'å†·å‡', 'é¦™è…¸']",[],neutral
55,726bc474-6a3b-4778-9e45-d83befb8e393,235131831,2021-01-07T15:53:06.069Z,2021-01-07T15:53:06.069Z,8,æœƒæœ‰å¾ˆå¤šé´¿å­å†·æ­» æ­»â€¦,0.0,M,ntpu,https://www.dcard.tw/f/ntpu/p/235131831,dcard,comment,æœƒæœ‰å¾ˆå¤šé´¿å­å†·æ­»æ­»,"['æœƒ', 'æœ‰', 'å¾ˆå¤š', 'é´¿å­', 'å†·', 'æ­»æ­»']","['é´¿å­', 'å†·', 'æ­»æ­»']",[],positive
56,b13e7be2-5f89-41d3-b0ad-5314817c32c5,235131831,2021-01-07T15:59:02.118Z,2021-01-07T15:59:20.967Z,9,"æˆ‘æ¯”è¼ƒå¸Œæœ›å°ç£é•·é€™æ¨£
ä¸­åœ‹å°±æ˜¯å°ç£æœ€å¤§çš„é›¢å³¶
https://i.imgur.com/tL7NlPA.jpg",11.0,M,ntpu,https://www.dcard.tw/f/ntpu/p/235131831,dcard,comment,æˆ‘æ¯”è¼ƒå¸Œæœ›å°ç£é•·é€™æ¨£ä¸­åœ‹å°±æ˜¯å°ç£æœ€å¤§çš„é›¢å³¶,"['æˆ‘', 'æ¯”è¼ƒ', 'å¸Œæœ›', 'å°ç£', 'é•·', 'é€™æ¨£', 'ä¸­åœ‹', 'å°±æ˜¯', 'å°ç£', 'æœ€', 'å¤§', 'çš„', 'é›¢å³¶']","['æ¯”è¼ƒ', 'å¸Œæœ›', 'å°ç£', 'é•·', 'ä¸­åœ‹', 'å°ç£', 'æœ€', 'é›¢å³¶']",[],positive
57,5bbdcb82-c730-45b0-bbbb-7d39fed44b6d,235131831,2021-01-07T17:05:46.724Z,2021-01-07T17:05:46.724Z,10,å†·åˆ°æ´—æ¾¡éƒ½æ´—æˆ°é¬¥æ¾¡,0.0,F,ntpu,https://www.dcard.tw/f/ntpu/p/235131831,dcard,comment,å†·åˆ°æ´—æ¾¡éƒ½æ´—æˆ°é¬¥æ¾¡,"['å†·åˆ°', 'æ´—æ¾¡', 'éƒ½', 'æ´—', 'æˆ°é¬¥', 'æ¾¡']","['å†·åˆ°', 'æ´—æ¾¡', 'æ´—', 'æˆ°é¬¥', 'æ¾¡']",[],negative
58,78f74d7d-ca4b-4017-b97c-286ec6865f8c,235131831,2021-01-08T01:33:18.883Z,2021-01-08T01:33:18.883Z,11,"ä¸‹é›ªè¶…ä¸æ–¹ä¾¿æ¬¸
çœŸçš„é€™æ¨£æˆ‘æœƒé¸æ“‡ç¿¹èª²èº²åœ¨å®¶",0.0,M,ntpu,https://www.dcard.tw/f/ntpu/p/235131831,dcard,comment,ä¸‹é›ªè¶…ä¸æ–¹ä¾¿æ¬¸çœŸçš„é€™æ¨£æˆ‘æœƒé¸æ“‡ç¿¹èª²èº²åœ¨å®¶,"['ä¸‹é›ª', 'è¶…', 'ä¸', 'æ–¹ä¾¿', 'æ¬¸', 'çœŸçš„', 'é€™æ¨£', 'æˆ‘', 'æœƒ', 'é¸æ“‡', 'ç¿¹èª²', 'èº²', 'åœ¨', 'å®¶']","['ä¸‹é›ª', 'è¶…', 'æ–¹ä¾¿', 'æ¬¸', 'çœŸçš„', 'é¸æ“‡', 'ç¿¹èª²', 'èº²', 'å®¶']",[],positive
59,0ac20fa4-ddb1-43e8-8faf-9fe974fba99f,235131831,2021-01-08T03:08:10.391Z,2021-01-08T03:08:17.917Z,12,"B4 æˆ‘å€‘å­¸æ ¡çš„å‰ç¥¥ç‰©ä¸æ˜¯é´¨é´¨å—ï¼Œå¤§åŒ—æ˜¯ä»€éº¼é‚ªæ•™
(,,â€¢Ì . â€¢Ì€,,)",0.0,M,ntpu,https://www.dcard.tw/f/ntpu/p/235131831,dcard,comment,æˆ‘å€‘å­¸æ ¡çš„å‰ç¥¥ç‰©ä¸æ˜¯é´¨é´¨å—å¤§åŒ—æ˜¯ä»€éº¼é‚ªæ•™,"['æˆ‘å€‘', 'å­¸æ ¡', 'çš„', 'å‰ç¥¥ç‰©', 'ä¸', 'æ˜¯', 'é´¨é´¨', 'å—', 'å¤§', 'åŒ—', 'æ˜¯', 'ä»€éº¼', 'é‚ªæ•™']","['å­¸æ ¡', 'å‰ç¥¥ç‰©', 'é´¨é´¨', 'åŒ—', 'é‚ªæ•™']",[],neutral
60,f02c177d-0e53-415b-8e12-5f55243c0340,235131831,2021-01-08T03:09:18.997Z,2021-01-08T05:49:55.509Z,13,,,,ntpu,https://www.dcard.tw/f/ntpu/p/235131831,dcard,comment,,,[],[],neutral
61,0adb0acf-57d5-4b9c-afb6-d78f72d46366,235131831,2021-01-08T04:06:00.329Z,2021-01-08T04:06:00.329Z,14,ç›´æ¥è®Šæˆé…·å†°å³½ã€‚,0.0,F,ntpu,https://www.dcard.tw/f/ntpu/p/235131831,dcard,comment,ç›´æ¥è®Šæˆé…·å†°å³½,"['ç›´æ¥', 'è®Šæˆ', 'é…·', 'å†°', 'å³½']","['ç›´æ¥', 'è®Šæˆ', 'é…·', 'å†°', 'å³½']",[],neutral
62,6ca1e182-8fd0-41b3-b595-0b7593e8fa64,235131756,2021-01-07T13:48:50.333Z,2021-01-07T13:48:50.333Z,1,"https://i.imgur.com/tl52baI.jpg
æ˜æ˜æœ‰çœ‹åˆ°é€™è¨Šæ¯ï¼Œçµæœæˆ‘è‡ªå·±å¿˜è¨˜é¸åˆ°èª² 
1/4 äº”é»å¾Œæ‰æƒ³åˆ°ï¼Œå“­å•Š~~~",8.0,M,ntpu,https://www.dcard.tw/f/ntpu/p/235131756,dcard,comment,æ˜æ˜æœ‰çœ‹åˆ°é€™è¨Šæ¯çµæœæˆ‘è‡ªå·±å¿˜è¨˜é¸åˆ°èª²äº”é»å¾Œæ‰æƒ³åˆ°å“­å•Š,"['æ˜æ˜', 'æœ‰', 'çœ‹åˆ°', 'é€™', 'è¨Šæ¯', 'çµæœ', 'æˆ‘', 'è‡ªå·±', 'å¿˜è¨˜', 'é¸åˆ°', 'èª²', 'äº”é»', 'å¾Œ', 'æ‰', 'æƒ³åˆ°', 'å“­', 'å•Š']","['æ˜æ˜', 'çœ‹åˆ°', 'è¨Šæ¯', 'å¿˜è¨˜', 'é¸åˆ°', 'èª²', 'äº”é»', 'å¾Œ', 'æƒ³åˆ°', 'å“­']",[],negative
63,70b5e4fd-6132-4aa8-8444-fae3f46f52b2,235131756,2021-01-07T13:54:16.250Z,2021-01-07T13:54:16.250Z,2,"B1 è¬è¬è¬è¬è¬è¬ğŸ™
ç¥ä½ æœŸæœ«æ­è¶´ç•¶å·å“¥ç¬¬äºŒæ¬¡é¸èª²éƒ½èƒ½ä¸Šæƒ³è¦çš„",2.0,M,ntpu,https://www.dcard.tw/f/ntpu/p/235131756,dcard,comment,è¬è¬è¬è¬è¬è¬ç¥ä½ æœŸæœ«æ­è¶´ç•¶å·å“¥ç¬¬äºŒæ¬¡é¸èª²éƒ½èƒ½ä¸Šæƒ³è¦çš„,"['è¬è¬', 'è¬è¬', 'è¬è¬', 'ç¥', 'ä½ ', 'æœŸæœ«', 'æ­', 'è¶´', 'ç•¶', 'å·å“¥', 'ç¬¬äºŒ', 'æ¬¡', 'é¸èª²', 'éƒ½', 'èƒ½', 'ä¸Š', 'æƒ³è¦', 'çš„']","['è¬è¬', 'è¬è¬', 'è¬è¬', 'ç¥', 'æœŸæœ«', 'æ­', 'è¶´', 'å·å“¥', 'ç¬¬äºŒ', 'æ¬¡', 'é¸èª²', 'æƒ³è¦']",[],positive
64,cba38ff3-a555-4432-a26b-137949c3a5da,235131756,2021-01-08T02:53:53.211Z,2021-01-08T02:53:53.211Z,3,ä¸çŸ¥é“åŒ—å¤§å•†å­¸é™¢æœ‰ä»€éº¼èª²å¾ˆå€¼å¾—ä¸Šï¼Ÿ,0.0,F,ntpu,https://www.dcard.tw/f/ntpu/p/235131756,dcard,comment,ä¸çŸ¥é“åŒ—å¤§å•†å­¸é™¢æœ‰ä»€éº¼èª²å¾ˆå€¼å¾—ä¸Š,"['ä¸', 'çŸ¥é“', 'åŒ—å¤§', 'å•†å­¸é™¢', 'æœ‰', 'ä»€éº¼', 'èª²', 'å¾ˆ', 'å€¼å¾—', 'ä¸Š']","['çŸ¥é“', 'åŒ—å¤§', 'å•†å­¸é™¢', 'èª²', 'å€¼å¾—']",[],positive
65,aa10886e-c42f-42d8-87b9-b611d885fd66,235131756,2021-01-08T04:56:54.047Z,2021-01-08T04:56:54.047Z,4,B3 æ°‘æ¦‚,0.0,M,ntpu,https://www.dcard.tw/f/ntpu/p/235131756,dcard,comment,æ°‘æ¦‚,"['æ°‘', 'æ¦‚']",['æ°‘'],[],neutral
66,b6764afd-ed05-4017-ae09-2ac764dc8ce9,235131567,2021-01-07T13:25:49.044Z,2021-01-07T13:25:49.044Z,1,https://i.imgur.com/edEbG9I.jpg,2.0,M,ntpu,https://www.dcard.tw/f/ntpu/p/235131567,dcard,comment,,,[],[],neutral
67,b995e3d3-ab9f-4000-9621-08cbfd645a74,235131567,2021-01-07T13:28:25.901Z,2021-01-07T13:28:25.901Z,2,"å»ºè­°æ˜å¤©è«®è©¢é€šè­˜ä¸­å¿ƒå’Œç³»è¾¦åŠ©æ•™ï¼Œä»–å€‘æ‰èƒ½å‘Šè¨´ä½ æœ€æ­£ç¢ºçš„ç­”æ¡ˆï¼Œæ‡‰è©²æ˜¯ä»¥ç³»è¾¦èªå®šç‚ºä¸»
æˆ‘è‡ªå·±æœ‰é¡ä¼¼çš„ç‹€æ³æ˜¯å¤–ç³»é¸ä¿®èª²ç¨‹å’Œé€šè­˜èª²ç¨‹åŒåï¼Œä¸éç³»è¾¦è¡¨ç¤ºå¯ä»¥å„è‡ªç®—å­¸åˆ†å› ç‚ºé¸åˆ¥ä¸åŒ",2.0,M,ntpu,https://www.dcard.tw/f/ntpu/p/235131567,dcard,comment,å»ºè­°æ˜å¤©è«®è©¢é€šè­˜ä¸­å¿ƒå’Œç³»è¾¦åŠ©æ•™ä»–å€‘æ‰èƒ½å‘Šè¨´ä½ æœ€æ­£ç¢ºçš„ç­”æ¡ˆæ‡‰è©²æ˜¯ä»¥ç³»è¾¦èªå®šç‚ºä¸»æˆ‘è‡ªå·±æœ‰é¡ä¼¼çš„ç‹€æ³æ˜¯å¤–ç³»é¸ä¿®èª²ç¨‹å’Œé€šè­˜èª²ç¨‹åŒåä¸éç³»è¾¦è¡¨ç¤ºå¯ä»¥å„è‡ªç®—å­¸åˆ†å› ç‚ºé¸åˆ¥ä¸åŒ,"['å»ºè­°', 'æ˜å¤©', 'è«®è©¢', 'é€šè­˜', 'ä¸­å¿ƒ', 'å’Œ', 'ç³»è¾¦', 'åŠ©æ•™', 'ä»–å€‘', 'æ‰èƒ½', 'å‘Šè¨´', 'ä½ ', 'æœ€', 'æ­£ç¢º', 'çš„', 'ç­”æ¡ˆ', 'æ‡‰è©²', 'æ˜¯ä»¥', 'ç³»è¾¦', 'èªå®š', 'ç‚ºä¸»', 'æˆ‘', 'è‡ªå·±', 'æœ‰', 'é¡ä¼¼', 'çš„', 'ç‹€æ³', 'æ˜¯', 'å¤–ç³»', 'é¸ä¿®', 'èª²ç¨‹', 'å’Œ', 'é€šè­˜', 'èª²ç¨‹', 'åŒ', 'å', 'ä¸é', 'ç³»è¾¦', 'è¡¨ç¤º', 'å¯ä»¥', 'å„è‡ª', 'ç®—', 'å­¸åˆ†', 'å› ç‚º', 'é¸åˆ¥', 'ä¸åŒ']","['å»ºè­°', 'æ˜å¤©', 'è«®è©¢', 'é€šè­˜', 'ä¸­å¿ƒ', 'ç³»è¾¦', 'åŠ©æ•™', 'å‘Šè¨´', 'æœ€', 'æ­£ç¢º', 'ç­”æ¡ˆ', 'æ‡‰è©²', 'æ˜¯ä»¥', 'ç³»è¾¦', 'èªå®š', 'ç‚ºä¸»', 'é¡ä¼¼', 'ç‹€æ³', 'å¤–ç³»', 'é¸ä¿®', 'èª²ç¨‹', 'é€šè­˜', 'èª²ç¨‹', 'å', 'ç³»è¾¦', 'è¡¨ç¤º', 'ç®—', 'å­¸åˆ†', 'é¸åˆ¥']",[],positive
68,e1cd4d0c-36ab-47f1-af58-51a3693e8001,235131567,2021-01-07T14:22:13.388Z,2021-01-07T14:22:13.388Z,3,B1 æ²¹,1.0,F,ntpu,https://www.dcard.tw/f/ntpu/p/235131567,dcard,comment,æ²¹,æ²¹,['æ²¹'],[],neutral
69,44959c9f-b1a6-4de9-a739-696da07bbcef,235131567,2021-01-07T16:56:47.924Z,2021-01-07T16:57:20.408Z,4,ä¸è¡Œ èª²ç¨‹åå­—ä¸€æ¨£åªèƒ½ç®—ä¸€é–€,0.0,M,ntpu,https://www.dcard.tw/f/ntpu/p/235131567,dcard,comment,ä¸è¡Œèª²ç¨‹åå­—ä¸€æ¨£åªèƒ½ç®—ä¸€é–€,"['ä¸è¡Œ', 'èª²ç¨‹', 'åå­—', 'ä¸€æ¨£', 'åª', 'èƒ½', 'ç®—', 'ä¸€', 'é–€']","['ä¸è¡Œ', 'èª²ç¨‹', 'åå­—', 'åª', 'ç®—', 'é–€']",[],neutral
70,661404e7-476c-42a8-b175-937b80b0d9cf,235131110,2021-01-07T18:29:44.328Z,2021-01-07T18:29:44.328Z,1,"é¡Œå‹æ‡‰è©²è·Ÿä¹‹å‰ä¸€æ¨£å§
åªæ˜¯çœŸçš„ä¸çŸ¥é“é€™ç§‘æ€éº¼æº–å‚™
æ±‚å¥½å¿ƒäººçµ¦è§£QQ",0.0,M,ntpu,https://www.dcard.tw/f/ntpu/p/235131110,dcard,comment,é¡Œå‹æ‡‰è©²è·Ÿä¹‹å‰ä¸€æ¨£å§åªæ˜¯çœŸçš„ä¸çŸ¥é“é€™ç§‘æ€éº¼æº–å‚™æ±‚å¥½å¿ƒäººçµ¦è§£,"['é¡Œå‹', 'æ‡‰è©²', 'è·Ÿ', 'ä¹‹å‰', 'ä¸€æ¨£', 'å§', 'åªæ˜¯', 'çœŸçš„', 'ä¸', 'çŸ¥é“', 'é€™', 'ç§‘', 'æ€éº¼', 'æº–å‚™', 'æ±‚', 'å¥½å¿ƒäºº', 'çµ¦', 'è§£']","['é¡Œå‹', 'æ‡‰è©²', 'ä¹‹å‰', 'çœŸçš„', 'çŸ¥é“', 'ç§‘', 'æº–å‚™', 'æ±‚', 'å¥½å¿ƒäºº', 'è§£']",[],positive
71,c7a46466-5791-40c1-8383-4554ea5a7325,235131110,2021-01-07T18:57:08.253Z,2021-01-07T20:32:08.700Z,2,"ç¯„åœæ˜¯æœŸä¸­ä»¥å¾Œä¸Šéçš„
é¡Œå‹å¯¦ä¾‹
ç¯„åœçœŸçš„è »å¤§çš„
è€Œä¸”é€™æ¬¡å¥½åƒæ²’èª²è¼”è¬›ç¾©",1.0,M,ntpu,https://www.dcard.tw/f/ntpu/p/235131110,dcard,comment,ç¯„åœæ˜¯æœŸä¸­ä»¥å¾Œä¸Šéçš„é¡Œå‹å¯¦ä¾‹ç¯„åœçœŸçš„è »å¤§çš„è€Œä¸”é€™æ¬¡å¥½åƒæ²’èª²è¼”è¬›ç¾©,"['ç¯„åœ', 'æ˜¯', 'æœŸä¸­', 'ä»¥å¾Œ', 'ä¸Š', 'é', 'çš„', 'é¡Œå‹', 'å¯¦ä¾‹', 'ç¯„åœ', 'çœŸçš„', 'è »', 'å¤§', 'çš„', 'è€Œä¸”', 'é€™', 'æ¬¡', 'å¥½åƒ', 'æ²’', 'èª²', 'è¼”', 'è¬›ç¾©']","['ç¯„åœ', 'æœŸä¸­', 'ä»¥å¾Œ', 'é¡Œå‹', 'å¯¦ä¾‹', 'ç¯„åœ', 'çœŸçš„', 'æ¬¡', 'å¥½åƒ', 'èª²', 'è¼”', 'è¬›ç¾©']",[],neutral
72,01b712c9-d317-431f-b3f8-f2c23c02c9b7,235131110,2021-01-08T03:47:15.420Z,2021-01-08T03:47:15.420Z,3,æƒ³å€Ÿä¸²å•ä¸€ä¸‹ï¼Œè«‹å•è€å¸«æœ‰ç™¼æœŸä¸­è€ƒå·å—ï¼Ÿ,0.0,M,ntpu,https://www.dcard.tw/f/ntpu/p/235131110,dcard,comment,æƒ³å€Ÿä¸²å•ä¸€ä¸‹è«‹å•è€å¸«æœ‰ç™¼æœŸä¸­è€ƒå·å—,"['æƒ³', 'å€Ÿä¸²', 'å•', 'ä¸€ä¸‹', 'è«‹å•', 'è€å¸«', 'æœ‰', 'ç™¼', 'æœŸä¸­', 'è€ƒå·', 'å—']","['æƒ³', 'å€Ÿä¸²', 'å•', 'ä¸€ä¸‹', 'è«‹å•', 'è€å¸«', 'ç™¼', 'æœŸä¸­', 'è€ƒå·']",[],neutral
73,df4d4872-5e5b-4a28-b969-f4b4b4942788,235131110,2021-01-08T04:26:27.671Z,2021-01-08T04:26:27.671Z,4,"æé†’ä½ è€ƒè©¦æ˜¯9æ‰é–‹å§‹å“¦~
B3æœ‰ç™¼ï¼Œä½†å¾Œä¾†è€å¸«æœ‰æ”¶å›å»",0.0,F,ntpu,https://www.dcard.tw/f/ntpu/p/235131110,dcard,comment,æé†’ä½ è€ƒè©¦æ˜¯æ‰é–‹å§‹å“¦æœ‰ç™¼ä½†å¾Œä¾†è€å¸«æœ‰æ”¶å›å»,"['æé†’', 'ä½ ', 'è€ƒè©¦', 'æ˜¯', 'æ‰', 'é–‹å§‹', 'å“¦', 'æœ‰', 'ç™¼', 'ä½†', 'å¾Œä¾†', 'è€å¸«', 'æœ‰', 'æ”¶å›å»']","['æé†’', 'è€ƒè©¦', 'ç™¼', 'è€å¸«', 'æ”¶å›å»']",[],neutral
74,3df60ef1-898f-4ec8-b926-9a191ecf4754,235131110,2021-01-08T05:11:29.557Z,2021-01-08T05:11:37.636Z,5,"è€å¸«èªªä»–æœ‰æŠŠå¯¦å‹™è¦‹è§£ä¸Šå‚³
ä½†å¥½åƒæ²’çœ‹åˆ°ï¼Ÿ",0.0,M,ntpu,https://www.dcard.tw/f/ntpu/p/235131110,dcard,comment,è€å¸«èªªä»–æœ‰æŠŠå¯¦å‹™è¦‹è§£ä¸Šå‚³ä½†å¥½åƒæ²’çœ‹åˆ°,"['è€å¸«', 'èªª', 'ä»–', 'æœ‰', 'æŠŠ', 'å¯¦å‹™', 'è¦‹è§£', 'ä¸Š', 'å‚³', 'ä½†', 'å¥½åƒ', 'æ²’', 'çœ‹åˆ°']","['è€å¸«', 'èªª', 'å¯¦å‹™', 'è¦‹è§£', 'å¥½åƒ', 'çœ‹åˆ°']",[],neutral
75,5207307c-db3b-4cfc-9411-32ae797b9d3e,235130069,2021-01-07T09:01:00.668Z,2021-01-07T09:01:00.668Z,1,éƒ½å¯ä»¥,0.0,F,ntpu,https://www.dcard.tw/f/ntpu/p/235130069,dcard,comment,éƒ½å¯ä»¥,"['éƒ½', 'å¯ä»¥']",[],[],neutral
76,b49c4c55-ec8e-40da-b793-905976f42e3d,235130069,2021-01-07T09:01:34.181Z,2021-01-07T09:01:34.181Z,2,B1 æ„Ÿè¬è§£ç­”,0.0,M,ntpu,https://www.dcard.tw/f/ntpu/p/235130069,dcard,comment,æ„Ÿè¬è§£ç­”,"['æ„Ÿè¬', 'è§£ç­”']","['æ„Ÿè¬', 'è§£ç­”']",[],positive
77,6c6dcd34-641d-4afb-b2d8-efae6e4dc4b0,235130057,2021-01-07T14:01:15.200Z,2021-01-07T14:01:15.200Z,1,æˆ‘è¦ºå¾—æ–‡é‡‡ä¸éŒ¯ï¼Œæœ‰æ„Ÿå‹•åˆ°,1.0,M,ntpu,https://www.dcard.tw/f/ntpu/p/235130057,dcard,comment,æˆ‘è¦ºå¾—æ–‡é‡‡ä¸éŒ¯æœ‰æ„Ÿå‹•åˆ°,"['æˆ‘', 'è¦ºå¾—', 'æ–‡é‡‡', 'ä¸éŒ¯', 'æœ‰æ„Ÿ', 'å‹•åˆ°']","['è¦ºå¾—', 'æ–‡é‡‡', 'ä¸éŒ¯', 'æœ‰æ„Ÿ', 'å‹•åˆ°']",[],neutral
78,30f569c4-592f-4cb0-9085-9b676567b3bb,235130057,2021-01-07T15:59:57.693Z,2021-01-07T15:59:57.693Z,2,B1 æ„Ÿè¬ä½ çš„è³è­˜,0.0,M,ntpu,https://www.dcard.tw/f/ntpu/p/235130057,dcard,comment,æ„Ÿè¬ä½ çš„è³è­˜,"['æ„Ÿè¬', 'ä½ ', 'çš„', 'è³è­˜']","['æ„Ÿè¬', 'è³è­˜']",[],positive
79,33b8c6a8-ee72-444f-addb-7010498f61b0,235130026,2021-01-07T09:22:35.305Z,2021-01-07T09:22:35.305Z,1,å¯ä»¥å•é€™å ‚èª²æ˜¯ä»€éº¼ç¨‹å¼å—ï¼Ÿé‚„æœ‰é›£åº¦,0.0,F,ntpu,https://www.dcard.tw/f/ntpu/p/235130026,dcard,comment,å¯ä»¥å•é€™å ‚èª²æ˜¯ä»€éº¼ç¨‹å¼å—é‚„æœ‰é›£åº¦,"['å¯ä»¥', 'å•', 'é€™', 'å ‚', 'èª²', 'æ˜¯', 'ä»€éº¼', 'ç¨‹å¼', 'å—', 'é‚„', 'æœ‰', 'é›£åº¦']","['å•', 'å ‚', 'èª²', 'ç¨‹å¼', 'é›£åº¦']",[],neutral
80,f1727823-cdec-4397-95b5-fcf55f528ea4,235130026,2021-01-07T09:23:58.784Z,2021-01-07T09:23:58.784Z,2,é€™å€‹æ˜¯å­¸cå’Œc++çš„ è€å¸«ä¸Šèª²è »æœ‰è€å¿ƒ èªçœŸè½ä¸€å®šå­¸å¾—æœƒ åªæ˜¯æœ‰é»ç„¡èŠ è¦é æ„å¿—åŠ›,0.0,F,ntpu,https://www.dcard.tw/f/ntpu/p/235130026,dcard,comment,é€™å€‹æ˜¯å­¸å’Œçš„è€å¸«ä¸Šèª²è »æœ‰è€å¿ƒèªçœŸè½ä¸€å®šå­¸å¾—æœƒåªæ˜¯æœ‰é»ç„¡èŠè¦é æ„å¿—åŠ›,"['é€™', 'å€‹', 'æ˜¯', 'å­¸', 'å’Œ', 'çš„', 'è€å¸«', 'ä¸Šèª²', 'è »', 'æœ‰', 'è€å¿ƒ', 'èªçœŸ', 'è½', 'ä¸€å®š', 'å­¸å¾—', 'æœƒ', 'åªæ˜¯', 'æœ‰é»', 'ç„¡èŠ', 'è¦', 'é ', 'æ„å¿—åŠ›']","['å­¸', 'è€å¸«', 'ä¸Šèª²', 'è€å¿ƒ', 'èªçœŸ', 'è½', 'ä¸€å®š', 'å­¸å¾—', 'æœ‰é»', 'ç„¡èŠ', 'æ„å¿—åŠ›']",[],negative
81,a3cf9758-4f6d-4287-b090-e17c06ca83f4,235129716,2021-01-07T08:22:54.109Z,2021-01-07T08:22:54.109Z,1,å®¶æ¨‚ç¦å¥¶é…¥å¤§è è˜¿,2.0,M,ntpu,https://www.dcard.tw/f/ntpu/p/235129716,dcard,comment,å®¶æ¨‚ç¦å¥¶é…¥å¤§è è˜¿,"['å®¶æ¨‚ç¦å¥¶é…¥å¤§è ', 'è˜¿']","['å®¶æ¨‚ç¦å¥¶é…¥å¤§è ', 'è˜¿']",[],neutral
82,f8a16cbe-a03b-4cd5-8775-91d7aad873c6,235129716,2021-01-07T08:23:43.368Z,2021-01-07T08:23:43.368Z,2,0,0.0,M,ntpu,https://www.dcard.tw/f/ntpu/p/235129716,dcard,comment,,,[],[],neutral
83,507f8e85-5d7b-4b10-99e8-38c975ade6e7,235129716,2021-01-07T08:41:18.728Z,2021-01-07T08:41:18.728Z,3,å°ç³–,0.0,M,ntpu,https://www.dcard.tw/f/ntpu/p/235129716,dcard,comment,å°ç³–,['å°ç³–'],['å°ç³–'],[],neutral
84,20ee8fcb-dd94-43c8-9f91-9816a99b06f6,235129716,2021-01-07T12:05:20.450Z,2021-01-07T12:05:20.450Z,4,å…ƒå´æ™®æ™®ï¼Œä¸æ¨,0.0,M,ntpu,https://www.dcard.tw/f/ntpu/p/235129716,dcard,comment,å…ƒå´æ™®æ™®ä¸æ¨,"['å…ƒå´', 'æ™®æ™®', 'ä¸', 'æ¨']","['å…ƒå´', 'æ™®æ™®', 'æ¨']",[],neutral
85,e9ca64f1-1dae-41d1-b98d-b73a3fe81376,235129716,2021-01-07T15:06:05.887Z,2021-01-07T15:06:05.887Z,5,"æˆ‘è¦ºå¾—å…ƒå²å°±ç®—æ˜¯æ™®é€šæ°´æº–
love yourselfæ˜¯ä¸­ä¸Šç­‰ç´š(åƒ¹æ ¼ä¹Ÿæ˜¯)
é‡‘ä¸‰å³½æˆ‘æ˜¯åªæœƒå»è²·ç‰›è§’å•¦å“ˆå“ˆ
å•Šè€è¡—ä¸Šå¥½åƒæœ‰åœ¨é‚£ç¨®éºµåŒ…æ”¤è²©åœ¨è³£ ä½†å¥½ä¸å¥½åƒå°±ä¸çŸ¥é“äº†~",3.0,M,ntpu,https://www.dcard.tw/f/ntpu/p/235129716,dcard,comment,æˆ‘è¦ºå¾—å…ƒå²å°±ç®—æ˜¯æ™®é€šæ°´æº–æ˜¯ä¸­ä¸Šç­‰ç´šåƒ¹æ ¼ä¹Ÿæ˜¯é‡‘ä¸‰å³½æˆ‘æ˜¯åªæœƒå»è²·ç‰›è§’å•¦å“ˆå“ˆå•Šè€è¡—ä¸Šå¥½åƒæœ‰åœ¨é‚£ç¨®éºµåŒ…æ”¤è²©åœ¨è³£ä½†å¥½ä¸å¥½åƒå°±ä¸çŸ¥é“äº†,"['æˆ‘', 'è¦ºå¾—', 'å…ƒå²', 'å°±ç®—', 'æ˜¯', 'æ™®é€š', 'æ°´æº–', 'æ˜¯', 'ä¸­ä¸Š', 'ç­‰ç´š', 'åƒ¹æ ¼', 'ä¹Ÿ', 'æ˜¯', 'é‡‘', 'ä¸‰å³½', 'æˆ‘', 'æ˜¯', 'åª', 'æœƒ', 'å»', 'è²·', 'ç‰›è§’', 'å•¦', 'å“ˆå“ˆ', 'å•Š', 'è€è¡—', 'ä¸Š', 'å¥½åƒ', 'æœ‰', 'åœ¨', 'é‚£', 'ç¨®', 'éºµåŒ…', 'æ”¤è²©', 'åœ¨', 'è³£', 'ä½†', 'å¥½ä¸å¥½åƒ', 'å°±', 'ä¸', 'çŸ¥é“', 'äº†']","['è¦ºå¾—', 'å…ƒå²', 'æ™®é€š', 'æ°´æº–', 'ä¸­ä¸Š', 'ç­‰ç´š', 'åƒ¹æ ¼', 'é‡‘', 'ä¸‰å³½', 'åª', 'è²·', 'ç‰›è§’', 'è€è¡—', 'å¥½åƒ', 'ç¨®', 'éºµåŒ…', 'æ”¤è²©', 'è³£', 'å¥½ä¸å¥½åƒ', 'çŸ¥é“']",[],positive
86,7d477746-efde-4edf-997c-8c988e70fe28,235129716,2021-01-08T02:49:59.399Z,2021-01-08T02:49:59.399Z,6,è€è¡—å†éå»ä¸€é»æœ‰ä¸€å®¶å«ç´å±‹ å¥½å¥½åƒ,0.0,M,ntpu,https://www.dcard.tw/f/ntpu/p/235129716,dcard,comment,è€è¡—å†éå»ä¸€é»æœ‰ä¸€å®¶å«ç´å±‹å¥½å¥½åƒ,"['è€è¡—', 'å†', 'éå»', 'ä¸€é»', 'æœ‰', 'ä¸€', 'å®¶', 'å«', 'ç´', 'å±‹', 'å¥½å¥½', 'åƒ']","['è€è¡—', 'å†', 'éå»', 'ä¸€é»', 'å®¶', 'ç´', 'å±‹', 'å¥½å¥½', 'åƒ']",[],neutral
87,4583fc0c-6b74-44e8-b085-15baad194dd2,235128878,2021-01-07T06:05:17.706Z,2021-01-07T06:05:17.706Z,1,æœ€å¾Œä¸€é€±ï¼Œåˆ°ç¬¬äº”ç« çš„æ¨£å­,0.0,F,ntpu,https://www.dcard.tw/f/ntpu/p/235128878,dcard,comment,æœ€å¾Œä¸€é€±åˆ°ç¬¬äº”ç« çš„æ¨£å­,"['æœ€å¾Œ', 'ä¸€', 'é€±åˆ°', 'ç¬¬äº”', 'ç« ', 'çš„', 'æ¨£å­']","['æœ€å¾Œ', 'é€±åˆ°', 'ç¬¬äº”', 'ç« ', 'æ¨£å­']",[],neutral
88,09006134-cff3-4b51-8105-1785b14b69b4,235128878,2021-01-07T06:11:39.366Z,2021-01-07T06:11:39.366Z,2,å¡,0.0,F,ntpu,https://www.dcard.tw/f/ntpu/p/235128878,dcard,comment,å¡,å¡,['å¡'],[],neutral
89,e470abd2-4acc-4157-9a98-499b622739cb,235128878,2021-01-07T07:31:15.138Z,2021-01-07T07:31:15.138Z,3,ä¸çŸ¥é“æœƒå‡ºæ€æ¨£çš„é¡Œå‹,0.0,M,ntpu,https://www.dcard.tw/f/ntpu/p/235128878,dcard,comment,ä¸çŸ¥é“æœƒå‡ºæ€æ¨£çš„é¡Œå‹,"['ä¸', 'çŸ¥é“', 'æœƒ', 'å‡º', 'æ€æ¨£', 'çš„', 'é¡Œ', 'å‹']","['çŸ¥é“', 'é¡Œ', 'å‹']",[],negative
90,6a0da9b0-f7ef-4861-9ca0-ffd4af5bd910,235128878,2021-01-08T05:20:46.994Z,2021-01-08T05:20:46.994Z,4,åˆ°åº•è¦æ€éº¼è®€ğŸ˜­,0.0,F,ntpu,https://www.dcard.tw/f/ntpu/p/235128878,dcard,comment,åˆ°åº•è¦æ€éº¼è®€,"['åˆ°åº•', 'è¦', 'æ€éº¼', 'è®€']",['è®€'],[],neutral
91,fcfd0bab-6527-4c8b-b5c6-4303fc7eb0a2,235128282,2021-01-07T06:22:58.712Z,2021-01-07T06:22:58.712Z,1,"å…¨éƒ¨å¿µå®Œè€å¸«çš„æŠ•å½±ç‰‡ å”¸åˆ°æ¯ä¸€é éƒ½å€’èƒŒå¦‚æµå°±æ²’å•é¡Œäº†ğŸ‘Œ
ç„¶å¾Œè¨˜å¾—å¸¶è¨ˆç®—æ©Ÿ",0.0,F,ntpu,https://www.dcard.tw/f/ntpu/p/235128282,dcard,comment,å…¨éƒ¨å¿µå®Œè€å¸«çš„æŠ•å½±ç‰‡å”¸åˆ°æ¯ä¸€é éƒ½å€’èƒŒå¦‚æµå°±æ²’å•é¡Œäº†ç„¶å¾Œè¨˜å¾—å¸¶è¨ˆç®—æ©Ÿ,"['å…¨éƒ¨', 'å¿µå®Œ', 'è€å¸«', 'çš„', 'æŠ•å½±ç‰‡', 'å”¸åˆ°', 'æ¯', 'ä¸€', 'é ', 'éƒ½', 'å€’èƒŒå¦‚æµ', 'å°±', 'æ²’', 'å•é¡Œ', 'äº†', 'ç„¶å¾Œ', 'è¨˜å¾—', 'å¸¶', 'è¨ˆç®—æ©Ÿ']","['å…¨éƒ¨', 'å¿µå®Œ', 'è€å¸«', 'æŠ•å½±ç‰‡', 'å”¸åˆ°', 'é ', 'å€’èƒŒå¦‚æµ', 'å•é¡Œ', 'è¨˜å¾—', 'è¨ˆç®—æ©Ÿ']",[],negative
92,e73266c8-20a9-41d4-9920-1443ba66ae0e,235128282,2021-01-07T07:46:16.500Z,2021-01-07T07:46:16.500Z,2,B1 æ‚¨å¥½ï¼Œå› ç‚ºè€å¸«çš„æŠ•å½±ç‰‡éƒ½æœ‰1.200é ï¼Œä¸å¤ªçŸ¥é“å¦‚ä½•æ•´ç†é‡é»ï¼Œè«‹å•å¦³é‚„è¨˜å¾—ç•¶æ™‚å¤§æ¦‚è€ƒäº†å“ªæ–¹é¢çš„é¡Œç›®å—ï¼Ÿ,0.0,M,ntpu,https://www.dcard.tw/f/ntpu/p/235128282,dcard,comment,æ‚¨å¥½å› ç‚ºè€å¸«çš„æŠ•å½±ç‰‡éƒ½æœ‰é ä¸å¤ªçŸ¥é“å¦‚ä½•æ•´ç†é‡é»è«‹å•å¦³é‚„è¨˜å¾—ç•¶æ™‚å¤§æ¦‚è€ƒäº†å“ªæ–¹é¢çš„é¡Œç›®å—,"['æ‚¨å¥½', 'å› ç‚º', 'è€å¸«', 'çš„', 'æŠ•å½±ç‰‡', 'éƒ½', 'æœ‰', 'é ', 'ä¸', 'å¤ª', 'çŸ¥é“', 'å¦‚ä½•', 'æ•´ç†', 'é‡é»', 'è«‹å•', 'å¦³', 'é‚„', 'è¨˜å¾—', 'ç•¶æ™‚', 'å¤§æ¦‚', 'è€ƒ', 'äº†', 'å“ª', 'æ–¹é¢', 'çš„', 'é¡Œç›®', 'å—']","['æ‚¨å¥½', 'è€å¸«', 'æŠ•å½±ç‰‡', 'é ', 'å¤ª', 'çŸ¥é“', 'æ•´ç†', 'é‡é»', 'è«‹å•', 'å¦³', 'è¨˜å¾—', 'ç•¶æ™‚', 'è€ƒ', 'æ–¹é¢', 'é¡Œç›®']",[],positive
93,2cf24231-71c8-4bfc-85d9-4fa8a009182d,235128282,2021-01-07T08:08:16.235Z,2021-01-07T08:08:16.235Z,3,"åæ­£è²¡å‹™æ¯”ç‡é‚£äº›ä¸€å®šæœƒè€ƒ ç„¶å¾Œåè¨€ä½³å¥ä¹Ÿæœƒè€ƒï¼ˆä¸éå¤§æ¦‚å…©ä¸‰é¡Œå§ï¼‰é‚£æ™‚å€™çœ‹åˆ°è€ƒå·æœ‰å‚»çœ¼â‹¯
ç„¶å¾Œé¡Œç›®å¾ˆå¤š æ¯é¡Œåˆ†æ•¸å¤§æ¦‚éƒ½3-5åˆ†ï¼ˆå°è±¡ä¸­",2.0,F,ntpu,https://www.dcard.tw/f/ntpu/p/235128282,dcard,comment,åæ­£è²¡å‹™æ¯”ç‡é‚£äº›ä¸€å®šæœƒè€ƒç„¶å¾Œåè¨€ä½³å¥ä¹Ÿæœƒè€ƒä¸éå¤§æ¦‚å…©ä¸‰é¡Œå§é‚£æ™‚å€™çœ‹åˆ°è€ƒå·æœ‰å‚»çœ¼ç„¶å¾Œé¡Œç›®å¾ˆå¤šæ¯é¡Œåˆ†æ•¸å¤§æ¦‚éƒ½åˆ†å°è±¡ä¸­,"['åæ­£', 'è²¡å‹™', 'æ¯”ç‡', 'é‚£äº›', 'ä¸€å®š', 'æœƒè€ƒ', 'ç„¶å¾Œ', 'åè¨€', 'ä½³å¥', 'ä¹Ÿ', 'æœƒè€ƒ', 'ä¸é', 'å¤§æ¦‚', 'å…©ä¸‰', 'é¡Œ', 'å§', 'é‚£', 'æ™‚å€™', 'çœ‹åˆ°', 'è€ƒå·', 'æœ‰', 'å‚»çœ¼', 'ç„¶å¾Œ', 'é¡Œç›®', 'å¾ˆå¤š', 'æ¯', 'é¡Œ', 'åˆ†æ•¸', 'å¤§æ¦‚', 'éƒ½', 'åˆ†', 'å°è±¡', 'ä¸­']","['åæ­£', 'è²¡å‹™', 'æ¯”ç‡', 'ä¸€å®š', 'æœƒè€ƒ', 'åè¨€', 'ä½³å¥', 'æœƒè€ƒ', 'å…©ä¸‰', 'é¡Œ', 'çœ‹åˆ°', 'è€ƒå·', 'å‚»çœ¼', 'é¡Œç›®', 'é¡Œ', 'åˆ†æ•¸', 'åˆ†', 'å°è±¡', 'ä¸­']",[],positive
94,5d11b4e6-0a14-49ec-85fb-9448b1312d64,235128282,2021-01-07T08:16:46.081Z,2021-01-07T08:16:46.081Z,4,B2 ä¸éæ•´é«”ä¾†èªªè€ƒè©¦ä¸é›£ æˆ‘è¦ºå¾—è€å¸«çš„æœŸæœ«å ±å‘Šé‚„æ¯”è¼ƒé›£ğŸ˜‚,1.0,F,ntpu,https://www.dcard.tw/f/ntpu/p/235128282,dcard,comment,ä¸éæ•´é«”ä¾†èªªè€ƒè©¦ä¸é›£æˆ‘è¦ºå¾—è€å¸«çš„æœŸæœ«å ±å‘Šé‚„æ¯”è¼ƒé›£,"['ä¸é', 'æ•´é«”', 'ä¾†', 'èªª', 'è€ƒè©¦', 'ä¸', 'é›£', 'æˆ‘', 'è¦ºå¾—', 'è€å¸«', 'çš„', 'æœŸæœ«', 'å ±å‘Š', 'é‚„', 'æ¯”è¼ƒ', 'é›£']","['æ•´é«”', 'èªª', 'è€ƒè©¦', 'é›£', 'è¦ºå¾—', 'è€å¸«', 'æœŸæœ«', 'å ±å‘Š', 'æ¯”è¼ƒ', 'é›£']",[],neutral
