0,235139037,"求求大家走過路過的幫個忙！
願意填的大大都是天使下凡仙女轉世！
期末一定嗨趴！
有對象的長長久久沒對象的明天脫單！
以上沒有應驗的話可以再多找幾個人一起填力量會更大呦～
如果還是沒有的話可以來找我
我一定不會負責的！（x

https://docs.google.com/forms/d/e/1FAIpQLScvYvXqBPoVy-uKH1f3his08VCJg0DoRsoHUkbmZkwWPRg1qg/viewform?usp=sf_link

謝謝願意幫忙的大大！（🙇🏻‍♀️",一人兩分鐘，救救可憐人的期末！🙏🏻🙏🏻🙏🏻,2021-01-08T16:48:36.637Z,2021-01-08T16:48:36.637Z,1,5,F,ntu,https://www.dcard.tw/f/ntu/p/235139037,dcard,post,求求大家走過路過的幫個忙願意填的大大都是天使下凡仙女轉世期末一定嗨趴有對象的長長久久沒對象的明天脫單以上沒有應驗的話可以再多找幾個人一起填力量會更大呦如果還是沒有的話可以來找我我一定不會負責的謝謝願意幫忙的大大,"['求求', '大家', '走過', '路過', '的', '幫', '個', '忙', '願意', '填', '的', '大', '大都', '是', '天使', '下凡', '仙女', '轉世', '期末', '一定', '嗨', '趴', '有', '對象', '的', '長長久久', '沒', '對象', '的', '明天', '脫單', '以上', '沒有', '應驗', '的', '話', '可以', '再', '多', '找', '幾', '個', '人', '一起', '填', '力量', '會', '更', '大', '呦', '如果', '還是', '沒有', '的', '話', '可以', '來', '找', '我', '我', '一定', '不會', '負責', '的', '謝謝', '願意', '幫忙', '的', '大大']","['求求', '走過', '路過', '幫', '忙', '願意', '填', '天使', '下凡', '仙女', '轉世', '期末', '一定', '嗨', '趴', '對象', '長長久久', '對象', '明天', '脫單', '以上', '應驗', '話', '再', '找', '人', '一起', '填', '力量', '呦', '話', '找', '一定', '負責', '謝謝', '願意', '幫忙']",[],positive
1,235138580,以 NT$500 的價格出售 109 統計史導論 期末考選擇題題庫答案參考：https://carousell.app.link/qJ7YuezLScb,臺大統計史導論 109 期末題庫選擇題答案,2021-01-08T15:28:39.782Z,2021-01-08T15:28:39.782Z,3,0,M,ntu,https://www.dcard.tw/f/ntu/p/235138580,dcard,post,以的價格出售統計史導論期末考選擇題題庫答案參考,"['以', '的', '價格', '出售', '統計史', '導論', '期末考', '選擇題', '題庫', '答案', '參考']","['價格', '出售', '統計史', '導論', '期末考', '選擇題', '題庫', '答案', '參考']",[],neutral
2,235136374,"如題，這是誰的車啊？好想要！是自己畫ㄉㄇ？
https://i.imgur.com/Ib7wbXp.jpg",誰的腳踏車這麼威？,2021-01-08T09:10:18.270Z,2021-01-08T09:10:18.270Z,2,5,M,ntu,https://www.dcard.tw/f/ntu/p/235136374,dcard,post,如題這是誰的車啊好想要是自己畫,"['如', '題', '這', '是', '誰', '的', '車', '啊', '好', '想要', '是', '自己', '畫']","['題', '車', '好', '想要', '畫']",[],neutral
3,235135031,"慘戶如我今年的報酬才30%
附上人權單
https://i.imgur.com/2MIgXIe.jpg",台大玩股票的人多嗎,2021-01-08T04:59:04.422Z,2021-01-08T04:59:04.422Z,7,3,F,ntu,https://www.dcard.tw/f/ntu/p/235135031,dcard,post,慘戶如我今年的報酬才附上人權單,"['慘戶', '如', '我', '今年', '的', '報酬', '才', '附上', '人權', '單']","['慘戶', '今年', '報酬', '附上', '人權']",[],neutral
4,235134448,"昨天晚上吃完藥直接昏死
結果剛剛驚醒發現已經睡過頭了
甚至連什麼時候把鬧鐘關掉都不知道😭

所以想徵求好心人士可以借我筆記
報酬可以請一杯飲料或是請吃一頓飯之類的
感激不盡
大家期末加油～～",求 海峽兩岸關係史 1/8筆記,2021-01-08T02:48:55.287Z,2021-01-08T02:48:55.287Z,2,3,F,ntu,https://www.dcard.tw/f/ntu/p/235134448,dcard,post,昨天晚上吃完藥直接昏死結果剛剛驚醒發現已經睡過頭了甚至連什麼時候把鬧鐘關掉都不知道所以想徵求好心人士可以借我筆記報酬可以請一杯飲料或是請吃一頓飯之類的感激不盡大家期末加油,"['昨天', '晚上', '吃完', '藥', '直接', '昏', '死', '結果', '剛剛', '驚醒', '發現', '已經', '睡', '過頭', '了', '甚至', '連', '什麼', '時候', '把', '鬧鐘', '關掉', '都', '不', '知道', '所以', '想', '徵求', '好心', '人士', '可以', '借', '我', '筆記', '報酬', '可以', '請', '一', '杯', '飲料', '或是', '請', '吃', '一', '頓', '飯', '之類', '的', '感激', '不盡', '大家', '期末', '加油']","['昨天', '晚上', '吃完', '藥', '直接', '昏', '死', '剛剛', '驚醒', '發現', '已經', '睡', '過頭', '鬧鐘', '關掉', '知道', '想', '徵求', '好心', '人士', '筆記', '報酬', '請', '杯', '飲料', '請', '吃', '頓', '飯', '感激', '不盡', '期末', '加油']",[],positive
5,235132508,今年很像十月份教務會議將轉系名額最多由新生的兩成上升到三成，結果查詢轉系的網站發現經濟(24變36)、心理(14變20)和部分科系名額都增加了，雖然法律、財金、電機等熱門科系仍然不變，但往後依然有機會再增加，如果有意要轉系的同學可以注意,轉系名額增加了,2021-01-07T15:21:56.132Z,2021-01-07T15:21:56.132Z,51,40,M,ntu,https://www.dcard.tw/f/ntu/p/235132508,dcard,post,今年很像十月份教務會議將轉系名額最多由新生的兩成上升到三成結果查詢轉系的網站發現經濟變心理變和部分科系名額都增加了雖然法律財金電機等熱門科系仍然不變但往後依然有機會再增加如果有意要轉系的同學可以注意,"['今年', '很', '像', '十', '月份', '教務', '會議', '將', '轉系', '名額', '最多', '由', '新生', '的', '兩成', '上升', '到', '三成', '結果', '查詢', '轉系', '的', '網站', '發現', '經濟', '變', '心理', '變', '和', '部分', '科系', '名額', '都', '增加', '了', '雖然', '法律', '財金', '電機', '等', '熱門', '科系', '仍然', '不變', '但', '往後', '依然', '有', '機會', '再', '增加', '如果', '有意', '要', '轉系', '的', '同學', '可以', '注意']","['今年', '十', '月份', '教務', '會議', '轉系', '名額', '最多', '新生', '兩成', '上升', '三成', '查詢', '轉系', '網站', '發現', '經濟', '變', '心理', '變', '部分', '科系', '名額', '增加', '法律', '財金', '電機', '熱門', '科系', '不變', '往後', '依然', '機會', '再', '增加', '有意', '轉系', '同學', '注意']",[],positive
6,235131101,"就我觀察
好像有4成左右用macbook
Air跟Pro各半
再來asus
Acer
Dell跟msi差不多

有相關的調查嗎？
台大生使用筆電廠牌的比例
大家有推薦什麼好用的嗎？",台大生都用什麼筆電啊,2021-01-07T12:02:01.107Z,2021-01-07T13:55:29.003Z,15,7,M,ntu,https://www.dcard.tw/f/ntu/p/235131101,dcard,post,就我觀察好像有成左右用跟各半再來跟差不多有相關的調查嗎台大生使用筆電廠牌的比例大家有推薦什麼好用的嗎,"['就', '我', '觀察', '好像', '有成', '左右', '用', '跟', '各', '半', '再', '來', '跟', '差不多', '有', '相關', '的', '調查', '嗎', '台大', '生', '使用', '筆', '電廠牌', '的', '比例', '大家', '有', '推薦', '什麼', '好用', '的', '嗎']","['觀察', '好像', '有成', '左右', '再', '相關', '調查', '台大', '生', '使用', '筆', '電廠牌', '比例', '推薦', '好用']",[],positive
7,235130623,"他說當5~10%
有點害怕
但是國際公法真的東西好多
考古題感覺都有點寫不太出來
想請問他的給分會很硬嗎?
只求及格就好了",想請問黃昭元大法官的國際公法會很難過嗎?,2021-01-07T10:38:46.001Z,2021-01-07T10:38:46.001Z,9,1,M,ntu,https://www.dcard.tw/f/ntu/p/235130623,dcard,post,他說當有點害怕但是國際公法真的東西好多考古題感覺都有點寫不太出來想請問他的給分會很硬嗎只求及格就好了,"['他', '說', '當', '有點', '害怕', '但是', '國際', '公法', '真的', '東西', '好多', '考古題', '感覺', '都', '有點', '寫', '不', '太', '出來', '想', '請問', '他', '的', '給分', '會', '很', '硬', '嗎', '只', '求', '及格', '就', '好了']","['說', '有點', '害怕', '國際', '公法', '真的', '東西', '好多', '考古題', '感覺', '有點', '寫', '太', '想', '請問', '給分', '硬', '只', '求', '及格', '好了']",[],negative
8,235130400,請問下學期普物甲可以選不同的老師嗎,選課問題,2021-01-07T09:57:57.713Z,2021-01-07T09:57:57.713Z,2,1,M,ntu,https://www.dcard.tw/f/ntu/p/235130400,dcard,post,請問下學期普物甲可以選不同的老師嗎,"['請問', '下', '學期', '普物甲', '可以', '選', '不同', '的', '老師', '嗎']","['請問', '下', '學期', '普物甲', '選', '老師']",[],neutral
9,235130376,"請問一下有沒有前輩之前參加過GIS Taiwan 
小妹通過了面試 但是考慮到費用突然又有些猶豫
畢竟參加費用也不算便宜 再加上去台大自己還要另外找住宿
在網路上很少能搜索到從前參加過這個論壇的前輩的心得 （基本都是GIS的粉專發布的）
想說如果沒有很大收穫可能就棄權不去了
所以想請有參加過的朋友分享體驗 心得 感受 作為參考
謝謝各位～～
https://i.imgur.com/UqX1r2p.jpg",GIS Taiwan值得去嗎,2021-01-07T09:53:59.304Z,2021-01-07T09:53:59.304Z,3,3,F,ntu,https://www.dcard.tw/f/ntu/p/235130376,dcard,post,請問一下有沒有前輩之前參加過小妹通過了面試但是考慮到費用突然又有些猶豫畢竟參加費用也不算便宜再加上去台大自己還要另外找住宿在網路上很少能搜索到從前參加過這個論壇的前輩的心得基本都是的粉專發布的想說如果沒有很大收穫可能就棄權不去了所以想請有參加過的朋友分享體驗心得感受作為參考謝謝各位,"['請問', '一下', '有沒有', '前輩', '之前', '參加', '過', '小妹', '通過', '了', '面試', '但是', '考慮到', '費用', '突然', '又', '有', '些', '猶豫', '畢竟', '參加', '費用', '也', '不', '算', '便宜', '再', '加上去', '台大', '自己', '還要', '另外', '找', '住宿', '在', '網路', '上', '很少', '能', '搜索到', '從前', '參加', '過', '這', '個', '論壇', '的', '前輩', '的', '心得', '基本', '都', '是', '的', '粉', '專', '發布', '的', '想', '說', '如果', '沒有', '很', '大', '收穫', '可能', '就', '棄權', '不', '去', '了', '所以', '想', '請', '有', '參加', '過', '的', '朋友', '分享', '體驗', '心得', '感受', '作為', '參考', '謝謝', '各位']","['請問', '一下', '有沒有', '前輩', '之前', '參加', '小妹', '面試', '考慮到', '費用', '突然', '些', '猶豫', '參加', '費用', '算', '便宜', '再', '加上去', '台大', '還要', '找', '住宿', '網路', '搜索到', '從前', '參加', '論壇', '前輩', '心得', '粉', '專', '發布', '想', '說', '收穫', '棄權', '想', '請', '參加', '朋友', '分享', '體驗', '心得', '感受', '參考', '謝謝']",[],positive
10,235130273,"想到就火，說貼公告很久了，但幾乎沒啥人看到是貼在哪？
結果幾百輛腳踏車被搬到水源去
話說學校一直蓋房子，停車的地方越來越少
校門口那全沒了！",校門口的腳踏車被搬走,2021-01-07T09:35:23.836Z,2021-01-07T09:35:23.836Z,3,7,M,ntu,https://www.dcard.tw/f/ntu/p/235130273,dcard,post,想到就火說貼公告很久了但幾乎沒啥人看到是貼在哪結果幾百輛腳踏車被搬到水源去話說學校一直蓋房子停車的地方越來越少校門口那全沒了,"['想到', '就', '火說貼', '公告', '很', '久', '了', '但', '幾乎', '沒', '啥', '人', '看到', '是', '貼', '在', '哪', '結果', '幾百', '輛', '腳踏車', '被', '搬到', '水源', '去', '話說', '學校', '一直', '蓋', '房子', '停車', '的', '地方', '越來越', '少校', '門口', '那', '全', '沒', '了']","['想到', '火說貼', '公告', '久', '人', '看到', '貼', '幾百', '輛', '腳踏車', '搬到', '水源', '學校', '一直', '蓋', '房子', '停車', '地方', '越來越', '少校', '門口', '全']",[],neutral
11,235129511,"如題
小妹我在這寒冷的冬天實在是無欲無求，連去上課的慾望都沒🥲 
缺課太多次之後今天起床才發現自己連今天最後一堂都沒去到，所以不知道老師最後到底上到哪邊？然後期末考要考哪些章節？🥺
或是今天的課老師有沒有講到關於期末考的注意事項之類的？
感謝各位有辦法在這種天氣起床上課的勇者們🧎‍♀️
送上期末好運企鵝祝大家期末歐趴/嗨趴🐧
天氣冷注意別感冒了😷
https://i.imgur.com/lofQB2t.jpg",［問］陳聰富民法總則期末範圍,2021-01-07T07:19:27.624Z,2021-01-07T07:19:27.624Z,2,0,F,ntu,https://www.dcard.tw/f/ntu/p/235129511,dcard,post,如題小妹我在這寒冷的冬天實在是無欲無求連去上課的慾望都沒缺課太多次之後今天起床才發現自己連今天最後一堂都沒去到所以不知道老師最後到底上到哪邊然後期末考要考哪些章節或是今天的課老師有沒有講到關於期末考的注意事項之類的感謝各位有辦法在這種天氣起床上課的勇者們送上期末好運企鵝祝大家期末歐趴嗨趴天氣冷注意別感冒了,"['如', '題', '小妹', '我', '在', '這', '寒冷', '的', '冬天', '實在', '是', '無', '欲', '無', '求', '連', '去', '上課', '的', '慾望', '都', '沒', '缺課', '太多', '次之', '後', '今天', '起床', '才', '發現', '自己', '連', '今天', '最後', '一', '堂', '都', '沒', '去到', '所以', '不', '知道', '老師', '最後', '到底', '上到', '哪', '邊', '然後', '期末考', '要', '考', '哪些', '章節', '或是', '今天', '的', '課', '老師', '有沒有', '講到', '關於', '期末考', '的', '注意', '事項', '之類', '的', '感謝', '各位', '有', '辦法', '在', '這', '種', '天氣', '起床', '上課', '的', '勇者', '們', '送上', '期末', '好運', '企鵝', '祝', '大家', '期末', '歐', '趴', '嗨', '趴', '天氣', '冷', '注意', '別', '感冒', '了']","['題', '小妹', '寒冷', '冬天', '實在', '無', '欲', '無', '求', '上課', '慾望', '缺課', '太多', '次之', '後', '今天', '起床', '發現', '今天', '最後', '堂', '去到', '知道', '老師', '最後', '上到', '期末考', '考', '章節', '今天', '課', '老師', '有沒有', '講到', '期末考', '注意', '事項', '感謝', '辦法', '種', '天氣', '起床', '上課', '勇者', '送上', '期末', '好運', '企鵝', '祝', '期末', '歐', '趴', '嗨', '趴', '天氣', '冷', '注意', '感冒']",[],positive
12,235127998,"明明就完完全全按照學校網站上面的方式下載microsoft的軟體了...為什麼一直跳出產品授權失敗的畫面啊？ 我每天都在祈禱 乾希望我的microsoft再讓我用一天就好...🥺

用網路認證程式會跳出這樣的畫面ಠ_ರೃ
https://i.imgur.com/z7OMmRP.jpg
https://i.imgur.com/oV4SEeh.jpg",求救🥺,2021-01-07T02:04:57.281Z,2021-01-07T02:04:57.281Z,1,1,F,ntu,https://www.dcard.tw/f/ntu/p/235127998,dcard,post,明明就完完全全按照學校網站上面的方式下載的軟體了為什麼一直跳出產品授權失敗的畫面啊我每天都在祈禱乾希望我的再讓我用一天就好用網路認證程式會跳出這樣的畫面,"['明明', '就', '完完全全', '按照', '學校', '網站', '上面', '的', '方式', '下載', '的', '軟體', '了', '為什麼', '一直', '跳出', '產品', '授權', '失敗', '的', '畫面', '啊', '我', '每', '天都', '在', '祈禱', '乾', '希望', '我', '的', '再', '讓', '我', '用', '一', '天', '就', '好用', '網路', '認證', '程式', '會', '跳出', '這樣', '的', '畫面']","['明明', '完完全全', '學校', '網站', '上面', '方式', '下載', '軟體', '一直', '跳出', '產品', '授權', '失敗', '畫面', '天都', '祈禱', '乾', '希望', '再', '天', '好用', '網路', '認證', '程式', '跳出', '畫面']",[],negative
13,235127778,"的辣味鍋貼+玉米湯
然後也拉肚子發燒ಥ_ಥ
吃完大概兩小時之後就開始肚子痛
現在燒已經退了但是肚子還是很痛
已經拉了五次了...",有沒有人昨天也吃了四海遊龍,2021-01-07T00:55:13.373Z,2021-01-07T00:56:08.280Z,5,10,F,ntu,https://www.dcard.tw/f/ntu/p/235127778,dcard,post,的辣味鍋貼玉米湯然後也拉肚子發燒吃完大概兩小時之後就開始肚子痛現在燒已經退了但是肚子還是很痛已經拉了五次了,"['的', '辣味', '鍋貼', '玉米湯', '然後', '也', '拉肚子', '發燒', '吃完', '大概', '兩', '小時', '之後', '就', '開始', '肚子痛', '現在', '燒', '已經', '退', '了', '但是', '肚子', '還是', '很', '痛', '已經', '拉', '了', '五', '次', '了']","['辣味', '鍋貼', '玉米湯', '拉肚子', '發燒', '吃完', '兩', '小時', '之後', '肚子痛', '現在', '燒', '已經', '退', '肚子', '痛', '已經', '拉', '次']",[],negative
14,235125994,"剛剛看fb社團
是不是又有屁精在浴室偷拍
好怕喔",男一,2021-01-06T15:14:17.517Z,2021-01-06T15:14:17.517Z,2,2,M,ntu,https://www.dcard.tw/f/ntu/p/235125994,dcard,post,剛剛看社團是不是又有屁精在浴室偷拍好怕喔,"['剛剛', '看', '社團', '是', '不', '是', '又', '有', '屁精', '在', '浴室', '偷拍', '好', '怕', '喔']","['剛剛', '社團', '屁精', '浴室', '偷拍', '好']",[],neutral
15,235125743,"好冷
好想吃芋圓
為什麼正門都沒有豆花店有芋圓ㄉ～

還是其實有？？在哪！！！
😭😭😭",公館哪裡有芋圓ㄚ？,2021-01-06T14:38:44.911Z,2021-01-06T14:38:44.911Z,7,3,F,ntu,https://www.dcard.tw/f/ntu/p/235125743,dcard,post,好冷好想吃芋圓為什麼正門都沒有豆花店有芋圓還是其實有在哪,"['好', '冷', '好', '想', '吃', '芋圓', '為什麼', '正門', '都', '沒有', '豆花店', '有', '芋圓', '還是', '其實', '有', '在', '哪']","['好', '冷', '好', '想', '吃', '芋圓', '正門', '豆花店', '芋圓']",[],negative
16,235124996,"rt 我朋友剛剛跟我說二一只算必修，讓我嚇了一跳。而我剛剛上網只查到一些新聞找不到相關條例，有沒有大大可以告訴小弟。
0學分之類的呢？ex國防、服學",台大二一是算全學分還是必修,2021-01-06T12:42:44.019Z,2021-01-06T12:42:44.019Z,11,1,M,ntu,https://www.dcard.tw/f/ntu/p/235124996,dcard,post,我朋友剛剛跟我說二一只算必修讓我嚇了一跳而我剛剛上網只查到一些新聞找不到相關條例有沒有大大可以告訴小弟學分之類的呢國防服學,"['我', '朋友', '剛剛', '跟', '我', '說', '二一', '只', '算', '必修', '讓', '我', '嚇', '了', '一', '跳', '而', '我', '剛剛', '上網', '只', '查到', '一些', '新聞', '找', '不', '到', '相關', '條例', '有沒有', '大大', '可以', '告訴', '小弟', '學分', '之類', '的', '呢', '國防', '服', '學']","['朋友', '剛剛', '說', '二一', '只', '算', '必修', '跳', '剛剛', '上網', '只', '查到', '一些', '新聞', '找', '相關', '條例', '有沒有', '告訴', '小弟', '學分', '國防', '服', '學']",[],neutral
17,235124659,"這麼尊絕不凡
yeeeeeeeee利特
補補補補補補補補",原來財金,2021-01-06T11:42:41.188Z,2021-01-06T11:42:41.188Z,10,5,F,ntu,https://www.dcard.tw/f/ntu/p/235124659,dcard,post,這麼尊絕不凡利特補補補補補補補補,"['這麼', '尊', '絕不', '凡利特', '補補補補', '補補補補']","['尊', '凡利特', '補補補補', '補補補補']",[],negative
18,235123654,"想請問醫學、公衛學院的同學
醫學院體育館的羽球場是否有自由打球的時段
我周遭的同學好像都不打羽球
我想一個人去再找人報隊
麻煩好心人分享醫體羽球生態

祝大家期末考歐趴💯",醫體羽球場,2021-01-06T08:38:43.512Z,2021-01-06T08:38:43.512Z,6,3,M,ntu,https://www.dcard.tw/f/ntu/p/235123654,dcard,post,想請問醫學公衛學院的同學醫學院體育館的羽球場是否有自由打球的時段我周遭的同學好像都不打羽球我想一個人去再找人報隊麻煩好心人分享醫體羽球生態祝大家期末考歐趴,"['想', '請問', '醫學', '公衛', '學院', '的', '同學', '醫學院', '體育館', '的', '羽球場', '是否', '有', '自由', '打球', '的', '時段', '我', '周遭', '的', '同學', '好像', '都', '不', '打', '羽球', '我', '想', '一', '個', '人', '去', '再', '找', '人', '報', '隊', '麻煩', '好心人', '分享', '醫', '體', '羽球', '生態', '祝', '大家', '期末考', '歐', '趴']","['想', '請問', '醫學', '公衛', '學院', '同學', '醫學院', '體育館', '羽球場', '是否', '自由', '打球', '時段', '周遭', '同學', '好像', '羽球', '想', '人', '再', '找', '人', '報', '隊', '麻煩', '好心人', '分享', '醫', '體', '羽球', '生態', '祝', '期末考', '歐', '趴']",[],negative
19,235121039,"快畢業了 才發現還有服學沒有搞定 有人有推薦的輕鬆的服學嗎？非常需要！！
感謝各位！",有推薦的服學嗎,2021-01-05T22:40:23.615Z,2021-01-05T22:40:23.615Z,11,1,F,ntu,https://www.dcard.tw/f/ntu/p/235121039,dcard,post,快畢業了才發現還有服學沒有搞定有人有推薦的輕鬆的服學嗎非常需要感謝各位,"['快', '畢業', '了', '才', '發現', '還', '有', '服學', '沒有', '搞定', '有', '人', '有', '推薦', '的', '輕鬆', '的', '服學', '嗎', '非常', '需要', '感謝', '各位']","['畢業', '發現', '服學', '搞定', '人', '推薦', '輕鬆', '服學', '需要', '感謝']",[],positive
20,235120494,"閃光藍褲人一直是宿舍裡的龐大群體，有感於其特殊行為，將這學期目睹之怪現象如實以報：

一. 閃光藍褲人喜歡大聲說話，一句話能包含「乾、靠、草、基八」等大量語助詞。

二.閃光藍褲人喜歡群聚，也喜歡通過貶低他人獲得群體認同感。以常聚集在宿舍交誼聽的幾位閃光藍褲人發言為例(不代表本人立場)：
1.「貝多芬、莫札特、李斯特是垃圾。」
2.「基督教只會禁做愛，是三個白癡牧羊人發明出的腦殘垃圾宗教。」(於聖誕節當天說)
3.「統測簡單到爆，腦殘題目到底要怎樣才能考到不及格?拉馬克都笑了。」
4.「我室友念的是一個記不得名字的爛系。」
5.「你通識課可以交一份報告交A片，說你在研究sexual video。然後教授和助教會偷看很爽，最後給你打0分~」
6.「你只要學吉他，不用很強，就有一票傻妹排隊等你x」

三.根據觀察，閃光藍褲人記性不佳。閃光藍褲人A按飲水機，裝完水不關卻讓水一直流(然後走回群體罵基督教)。閃光藍褲人B上完廁所，馬桶不沖，但該閃光藍褲人不屬於上述交誼廳群體。

四.閃光藍褲人喜歡自居「大熊中帝國」人。最後，他們喜歡穿閃光藍褲。

不知道大家還看過閃光藍褲人什麼神奇行為。最後男一舍三樓的閃光藍褲人，就是在說你們。祝大家期末歐趴！

https://i.imgur.com/xNc9fjR.jpg
(閃光藍褲)",神奇閃光藍褲人觀察報告,2021-01-05T17:50:11.113Z,2021-01-05T20:16:15.058Z,35,72,M,ntu,https://www.dcard.tw/f/ntu/p/235120494,dcard,post,閃光藍褲人一直是宿舍裡的龐大群體有感於其特殊行為將這學期目睹之怪現象如實以報一閃光藍褲人喜歡大聲說話一句話能包含乾靠草基八等大量語助詞二閃光藍褲人喜歡群聚也喜歡通過貶低他人獲得群體認同感以常聚集在宿舍交誼聽的幾位閃光藍褲人發言為例不代表本人立場貝多芬莫札特李斯特是垃圾基督教只會禁做愛是三個白癡牧羊人發明出的腦殘垃圾宗教於聖誕節當天說統測簡單到爆腦殘題目到底要怎樣才能考到不及格拉馬克都笑了我室友念的是一個記不得名字的爛系你通識課可以交一份報告交片說你在研究然後教授和助教會偷看很爽最後給你打分你只要學吉他不用很強就有一票傻妹排隊等你三根據觀察閃光藍褲人記性不佳閃光藍褲人按飲水機裝完水不關卻讓水一直流然後走回群體罵基督教閃光藍褲人上完廁所馬桶不沖但該閃光藍褲人不屬於上述交誼廳群體四閃光藍褲人喜歡自居大熊中帝國人最後他們喜歡穿閃光藍褲不知道大家還看過閃光藍褲人什麼神奇行為最後男一舍三樓的閃光藍褲人就是在說你們祝大家期末歐趴閃光藍褲,"['閃光藍褲人', '一直', '是', '宿舍', '裡', '的', '龐大', '群體', '有感於', '其', '特殊', '行為', '將', '這', '學期', '目睹', '之', '怪', '現象', '如實', '以', '報', '一', '閃光藍褲人', '喜歡', '大聲', '說話', '一', '句', '話', '能', '包含', '乾', '靠', '草基', '八', '等', '大量', '語助詞', '二', '閃光藍褲人', '喜歡', '群聚', '也', '喜歡', '通過', '貶低', '他人', '獲得', '群體', '認同感', '以', '常', '聚集', '在', '宿舍', '交誼', '聽', '的', '幾', '位', '閃光藍褲人', '發言', '為', '例', '不', '代表', '本人', '立場', '貝多芬莫札特李斯特', '是', '垃圾', '基督教', '只', '會', '禁', '做愛', '是', '三', '個', '白癡', '牧羊人', '發明', '出', '的', '腦殘', '垃圾', '宗教', '於', '聖誕節', '當天', '說', '統測', '簡單', '到', '爆', '腦殘', '題目', '到底', '要', '怎樣', '才能', '考到', '不', '及格', '拉馬克', '都', '笑', '了', '我', '室友', '念', '的', '是', '一', '個', '記', '不得', '名字', '的', '爛系', '你', '通識課', '可以', '交', '一', '份', '報告', '交片', '說', '你', '在', '研究', '然後', '教授', '和', '助教', '會', '偷看', '很', '爽', '最後', '給', '你', '打分', '你', '只要', '學', '吉他', '不用', '很', '強', '就', '有', '一', '票', '傻', '妹', '排隊', '等', '你', '三', '根據', '觀察', '閃光藍褲人', '記性', '不佳', '閃光藍褲人', '按', '飲水機', '裝完水', '不關', '卻', '讓', '水', '一直', '流', '然後', '走回', '群體', '罵', '基督教', '閃光藍褲人', '上完', '廁所', '馬桶', '不', '沖', '但', '該', '閃光藍褲人', '不', '屬於', '上述', '交誼廳', '群體', '四', '閃光藍褲人', '喜歡', '自居', '大熊', '中', '帝國人', '最後', '他們', '喜歡', '穿', '閃光', '藍褲', '不', '知道', '大家', '還', '看過', '閃光藍褲人', '什麼', '神奇', '行為', '最後', '男', '一', '舍', '三樓', '的', '閃光藍', '褲人', '就是', '在', '說', '你們', '祝', '大家', '期末', '歐', '趴', '閃光', '藍褲']","['閃光藍褲人', '一直', '宿舍', '裡', '龐大', '群體', '有感於', '特殊', '行為', '學期', '目睹', '現象', '如實', '報', '閃光藍褲人', '喜歡', '大聲', '說話', '句', '話', '包含', '乾', '草基', '大量', '語助詞', '閃光藍褲人', '喜歡', '群聚', '喜歡', '貶低', '獲得', '群體', '認同感', '聚集', '宿舍', '交誼', '聽', '位', '閃光藍褲人', '發言', '例', '代表', '立場', '貝多芬莫札特李斯特', '垃圾', '基督教', '只', '禁', '做愛', '白癡', '牧羊人', '發明', '腦殘', '垃圾', '宗教', '聖誕節', '當天', '說', '統測', '簡單', '爆', '腦殘', '題目', '考到', '及格', '拉馬克', '笑', '室友', '念', '記', '名字', '爛系', '通識課', '交', '份', '報告', '交片', '說', '研究', '教授', '助教', '偷看', '爽', '最後', '打分', '學', '吉他', '不用', '強', '票', '傻', '妹', '排隊', '觀察', '閃光藍褲人', '記性', '不佳', '閃光藍褲人', '飲水機', '裝完水', '不關', '卻', '水', '一直', '流', '走回', '群體', '罵', '基督教', '閃光藍褲人', '上完', '廁所', '馬桶', '閃光藍褲人', '屬於', '上述', '交誼廳', '群體', '閃光藍褲人', '喜歡', '自居', '大熊', '中', '帝國人', '最後', '喜歡', '穿', '閃光', '藍褲', '知道', '看過', '閃光藍褲人', '神奇', '行為', '最後', '男', '舍', '三樓', '閃光藍', '褲人', '說', '祝', '期末', '歐', '趴', '閃光', '藍褲']","['閃光藍褲人', '喜歡', '群體']",positive
21,235120093,"如題
各位小英金可以嗎？
嘻嘻嘻嘻嘻嘻嘻嘻",這樣的女森大家可以嗎？,2021-01-05T16:44:44.530Z,2021-01-05T16:44:44.530Z,1,2,M,ntu,https://www.dcard.tw/f/ntu/p/235120093,dcard,post,如題各位小英金可以嗎嘻嘻嘻嘻嘻嘻嘻嘻,"['如', '題', '各位', '小英金', '可以', '嗎', '嘻嘻', '嘻嘻嘻', '嘻嘻嘻']","['題', '小英金', '嘻嘻', '嘻嘻嘻', '嘻嘻嘻']",[],positive
22,235120008,"如題
還有台大三上阿
曾經紅一時的 台大三上悠亞",你們是不是忘了？,2021-01-05T16:32:51.620Z,2021-01-05T16:32:51.620Z,13,10,M,ntu,https://www.dcard.tw/f/ntu/p/235120008,dcard,post,如題還有台大三上阿曾經紅一時的台大三上悠亞,"['如', '題', '還', '有', '台大', '三上', '阿', '曾經', '紅', '一時', '的', '台大', '三上', '悠', '亞']","['題', '台大', '三上', '曾經', '紅', '一時', '台大', '三上', '悠', '亞']",[],neutral
23,235119739,"想要調身體(婦科) 學校附近有推薦的診所嗎~
目前查到科技大樓那邊的吉辰中醫評價好像不錯
謝謝~",請推薦中醫,2021-01-05T16:00:30.098Z,2021-01-05T16:00:30.098Z,6,0,F,ntu,https://www.dcard.tw/f/ntu/p/235119739,dcard,post,想要調身體婦科學校附近有推薦的診所嗎目前查到科技大樓那邊的吉辰中醫評價好像不錯謝謝,"['想要', '調', '身體', '婦科', '學校', '附近', '有', '推薦', '的', '診所', '嗎', '目前', '查到', '科技', '大樓', '那邊', '的', '吉辰', '中醫', '評價', '好像', '不錯', '謝謝']","['想要', '調', '身體', '婦科', '學校', '附近', '推薦', '診所', '目前', '查到', '科技', '大樓', '吉辰', '中醫', '評價', '好像', '不錯', '謝謝']",[],positive
24,235117210,"https://i.imgur.com/bqE2E32.jpg
這個是最近很有名的議長邱馨儀啦！
繼上次身為候選人出現在選監群組，
這次又開始抹黑學生自治、抹黑學代會！

https://i.imgur.com/XXJHUSb.jpg

學代會是個謊言？？？
那你連任幹嘛？？？
真的有要把孩子生出來？？假懷孕？？？

https://i.imgur.com/nLAdaCq.jpg
爛東西是什麼？？學代會嗎？？
那你要不要辭掉議長啊？？辭掉學代啊？？
學生自治不需要一個把學代會視為謊言、
視為爛東西的議長！！",學代會議長邱馨儀：學代會本身就是一個謊言！,2021-01-05T10:18:04.855Z,2021-01-05T10:18:04.855Z,35,39,M,ntu,https://www.dcard.tw/f/ntu/p/235117210,dcard,post,這個是最近很有名的議長邱馨儀啦繼上次身為候選人出現在選監群組這次又開始抹黑學生自治抹黑學代會學代會是個謊言那你連任幹嘛真的有要把孩子生出來假懷孕爛東西是什麼學代會嗎那你要不要辭掉議長啊辭掉學代啊學生自治不需要一個把學代會視為謊言視為爛東西的議長,"['這', '個', '是', '最近', '很', '有名', '的', '議長', '邱馨儀', '啦', '繼', '上', '次', '身為', '候選人', '出現', '在', '選監', '群組', '這', '次', '又', '開始', '抹黑', '學生', '自治', '抹黑', '學代會', '學代會', '是', '個', '謊言', '那', '你', '連任', '幹嘛', '真的', '有', '要', '把', '孩子', '生出來', '假', '懷孕', '爛', '東西', '是', '什麼', '學代會', '嗎', '那', '你', '要不要', '辭掉', '議長', '啊', '辭掉', '學代', '啊', '學生', '自治', '不', '需要', '一', '個把', '學代會', '視為', '謊言', '視為', '爛', '東西', '的', '議長']","['最近', '有名', '議長', '邱馨儀', '繼', '次', '身為', '候選人', '出現', '選監', '群組', '次', '抹黑', '學生', '自治', '抹黑', '學代會', '學代會', '謊言', '連任', '幹嘛', '真的', '孩子', '生出來', '假', '懷孕', '爛', '東西', '學代會', '要不要', '辭掉', '議長', '辭掉', '學代', '學生', '自治', '需要', '個把', '學代會', '視為', '謊言', '視為', '爛', '東西', '議長']",[],negative
25,235115873,"上禮拜四有事沒有去上課，又沒有認識的人同堂😢
想請問有同學知道上禮拜是一樣只有上課，還是老師有公佈什麼嗎？
先謝謝好心人了😇

大家期末加油(๑و•̀ω•́)",上週四日本經濟發展與結構變化,2021-01-05T07:37:20.240Z,2021-01-05T07:37:20.240Z,2,1,F,ntu,https://www.dcard.tw/f/ntu/p/235115873,dcard,post,上禮拜四有事沒有去上課又沒有認識的人同堂想請問有同學知道上禮拜是一樣只有上課還是老師有公佈什麼嗎先謝謝好心人了大家期末加油,"['上', '禮拜', '四', '有事', '沒有', '去', '上課', '又', '沒有', '認識', '的', '人', '同堂', '想', '請問', '有', '同學', '知道', '上', '禮拜', '是', '一樣', '只有', '上課', '還是', '老師', '有', '公佈', '什麼', '嗎', '先', '謝謝', '好心人', '了', '大家', '期末', '加油']","['禮拜', '有事', '上課', '認識', '人', '同堂', '想', '請問', '同學', '知道', '禮拜', '上課', '老師', '公佈', '先', '謝謝', '好心人', '期末', '加油']",[],negative
26,235115812,"有個人一直吼 然後幹你娘幹你娘的叫
發生什麼事了？是捷運那邊的感覺
有掛嗎",女一這邊聽到很吵的吵架聲,2021-01-05T07:27:01.214Z,2021-01-05T07:27:16.530Z,3,2,F,ntu,https://www.dcard.tw/f/ntu/p/235115812,dcard,post,有個人一直吼然後幹你娘幹你娘的叫發生什麼事了是捷運那邊的感覺有掛嗎,"['有', '個', '人', '一直', '吼', '然後', '幹你娘', '幹你娘', '的', '叫', '發生', '什麼', '事', '了', '是', '捷運', '那邊', '的', '感覺', '有', '掛', '嗎']","['人', '一直', '吼', '幹你娘', '幹你娘', '發生', '事', '捷運', '感覺', '掛']",[],neutral
27,235115383,"新的一年又是一個新的開始
新的開始就要訂定新的目標
新的目標就是要升級成全新的自己!
要全新升級那就來上計中資訊應用課程!!!
109下學期也開了很多實用有趣的課程囉~
快快來看看、規劃、報名!

📌影像繪圖系列
  視覺與編排設計 3/11-5/20(四) 18:10-21:00
  基礎介面設計- Adobe XD  3/15-5/10 (一) 14:20-17:10
  Photoshop CC 創意視覺(A)  3/17-6/2(三) 14:20-17:10
  Photoshop CC 創意視覺(B)  3/24-6/9(三) 18:10-21:00

📌程式設計系列 
  Python 網路爬蟲 3/8-5/24(一) 18:10-21:00
  Python 程式設計入門(A) 3/8-5/24(一) 18:10-21:00
  Python 機器學習 3/10-5/26(三) 18:10-21:00

📌文書處理系列 
  Excel2019 初階應用 3/2-3/30(二) 14:20-17:10
  Excel2019進階實務應用(職員專班)  3/4-4/15(四) 14:20-17:10
  Excel2019進階實務應用 4/20-5/18(二) 14:20-17:10

詳細的課程資訊，請上計中資訊應用課程網站查詢暨報名
👉https://teach.cc.ntu.edu.tw/course",新年新目標：來上1092計中資訊應用課程!!,2021-01-05T06:08:10.104Z,2021-01-05T06:08:10.104Z,0,3,F,ntu,https://www.dcard.tw/f/ntu/p/235115383,dcard,post,新的一年又是一個新的開始新的開始就要訂定新的目標新的目標就是要升級成全新的自己要全新升級那就來上計中資訊應用課程下學期也開了很多實用有趣的課程囉快快來看看規劃報名影像繪圖系列視覺與編排設計四基礎介面設計一創意視覺三創意視覺三程式設計系列網爬蟲一程式設計入門一機器學習三文書處理系列初階應用二進階實務應用職員專班四進階實務應用二詳細的課程資訊請上計中資訊應用課程網站查詢暨報名,"['新', '的', '一年', '又', '是', '一', '個', '新', '的', '開始', '新', '的', '開始', '就', '要', '訂定', '新', '的', '目標', '新', '的', '目標', '就是', '要', '升級成', '全新', '的', '自己', '要', '全新', '升級', '那', '就', '來上', '計中', '資訊', '應用', '課程', '下', '學期', '也', '開', '了', '很多', '實用', '有趣', '的', '課程', '囉', '快快', '來', '看看', '規劃', '報名', '影像', '繪圖', '系列', '視覺', '與', '編排', '設計', '四', '基礎', '介面', '設計', '一', '創意', '視覺', '三', '創意', '視覺', '三', '程式', '設計', '系列網', '爬蟲', '一', '程式', '設計', '入門', '一', '機器', '學習', '三', '文書', '處理', '系列', '初階', '應用', '二', '進階', '實務', '應用', '職員', '專班', '四', '進階', '實務', '應用', '二', '詳細', '的', '課程', '資訊', '請', '上', '計中', '資訊', '應用', '課程', '網站', '查詢', '暨', '報名']","['新', '一年', '新', '新', '訂定', '新', '目標', '新', '目標', '升級成', '全新', '全新', '升級', '來上', '計中', '資訊', '應用', '課程', '下', '學期', '開', '實用', '有趣', '課程', '囉', '快快', '看看', '規劃', '報名', '影像', '繪圖', '系列', '視覺', '編排', '設計', '基礎', '介面', '設計', '創意', '視覺', '創意', '視覺', '程式', '設計', '系列網', '爬蟲', '程式', '設計', '入門', '機器', '學習', '文書', '處理', '系列', '初階', '應用', '進階', '實務', '應用', '職員', '專班', '進階', '實務', '應用', '詳細', '課程', '資訊', '請', '計中', '資訊', '應用', '課程', '網站', '查詢', '暨', '報名']",[],positive
28,235115335,不好意思打擾大家 不知道有沒有人願意分享一下禮拜四下午跨校開課-衛生保健這門課的PPT 因為我朋友他們學校沒有給PPT 沒辦法複習期末考 希望可以幫忙一下 祝大家期末順利 謝謝！,衛生保健PPT,2021-01-05T05:58:44.993Z,2021-01-05T05:58:44.993Z,0,1,M,ntu,https://www.dcard.tw/f/ntu/p/235115335,dcard,post,不好意思打擾大家不知道有沒有人願意分享一下禮拜四下午跨校開課衛生保健這門課的因為我朋友他們學校沒有給沒辦法複習期末考希望可以幫忙一下祝大家期末順利謝謝,"['不好意思', '打擾', '大家', '不', '知道', '有沒有', '人', '願意', '分享', '一下', '禮拜', '四', '下午', '跨校', '開課', '衛生', '保健', '這', '門', '課', '的', '因為', '我', '朋友', '他們', '學校', '沒有', '給', '沒辦法', '複習', '期末考', '希望', '可以', '幫忙', '一下', '祝', '大家', '期末', '順利', '謝謝']","['不好意思', '打擾', '知道', '有沒有', '人', '願意', '分享', '一下', '禮拜', '下午', '跨校', '開課', '衛生', '保健', '門', '課', '朋友', '學校', '沒辦法', '複習', '期末考', '希望', '幫忙', '一下', '祝', '期末', '順利', '謝謝']",[],positive
29,235115259,"有人題庫寫完要一起討論嗎
我沒朋友一起修(ಥ_ಥ)",統計史導論題庫,2021-01-05T05:47:22.441Z,2021-01-05T05:47:22.441Z,18,2,M,ntu,https://www.dcard.tw/f/ntu/p/235115259,dcard,post,有人題庫寫完要一起討論嗎我沒朋友一起修,"['有', '人', '題庫', '寫完', '要', '一起', '討論', '嗎', '我', '沒', '朋友', '一起', '修']","['人', '題庫', '寫完', '一起', '討論', '朋友', '一起', '修']",[],neutral
30,235113817,"想問各位C棟的同學
到底地址要打怎樣
才不會每次接到電話說
：你這裡醫院我進不去耶
幹！啊我不就打台大宿舍水源C棟
媽的還去醫院是怎樣
我阿宅不出門的 連宿舍的門都很懶
要怎麼才不會又讓阿宅我走出去",外送地址(水源C棟,2021-01-04T21:47:38.305Z,2021-01-04T21:47:38.305Z,9,6,M,ntu,https://www.dcard.tw/f/ntu/p/235113817,dcard,post,想問各位棟的同學到底地址要打怎樣才不會每次接到電話說你這裡醫院我進不去耶幹啊我不就打台大宿舍水源棟媽的還去醫院是怎樣我阿宅不出門的連宿舍的門都很懶要怎麼才不會又讓阿宅我走出去,"['想', '問', '各位', '棟', '的', '同學', '到底', '地址', '要', '打', '怎樣', '才', '不會', '每', '次', '接到', '電話', '說', '你', '這裡', '醫院', '我', '進', '不', '去', '耶', '幹', '啊', '我', '不', '就', '打', '台大', '宿舍', '水源', '棟', '媽的', '還', '去', '醫院', '是', '怎樣', '我', '阿宅', '不', '出門', '的', '連', '宿舍', '的', '門', '都', '很', '懶', '要', '怎麼', '才', '不會', '又', '讓', '阿宅', '我', '走出去']","['想', '問', '棟', '同學', '地址', '次', '接到', '電話', '說', '這裡', '醫院', '進', '耶', '幹', '台大', '宿舍', '水源', '棟', '媽的', '醫院', '阿宅', '出門', '宿舍', '門', '懶', '阿宅', '走出去']",[],negative
31,235109585,"◆實驗目的：了解一般人對不同聲音組成的生心理反應。

◆實驗內容：實驗需操作一個簡單的加法測驗以及閉眼聆聽一段聲音，在加法測驗與聽聲音之間，以及整個實驗前後都會量測受試者的生理數據（心跳、血壓、唾液中的澱粉酶活性）以及填寫心理量表，另外全程需配戴胸帶式心跳帶測量心跳變化。

◆實驗地點：台灣大學森林館 

◆實驗時間：1/16、23、30(六) 或 1/17、24、31(日) 。實驗為期3周，每次約40-50分鐘，如果平日比較方便也可以另外安排

◆實驗報酬：超商商品卡500元

◆參與條件：
1. 年滿20歲之成年人
2. 能閱讀繁體中文
3. 聽覺能力正常
4. 無認知能力障礙
5. 身體健康，無發燒感冒症狀
6. 未有心血管、腦神經、自律神經、身心科方面的疾病史
7. 非懷孕或哺乳期間
8. 未有長期服用藥物的習慣(保健食品不包含在內，如維生素C、B群等)

◆配合事項：
1. 前一天避免熬夜、吸菸與食用刺激性食物（含酒、咖啡或茶類等含咖啡因的飲品）
2. 前一小時避免劇烈運動與進食 (但也請避免過度飢餓)
3. 過程中須配合將手機調成靜音並卸下將身上金屬配件，以免干擾實驗聲音播放及儀器準確度
4. 穿著能夠捲袖子露出上臂、以及寬鬆方便配戴心跳帶的衣服為佳
5. 因應防疫措施，實驗中建議配戴口罩

◆聯絡人： 森林所施同學
信箱：r06625041@ntu.edu.tw

若您對參與實驗有興趣，歡迎填寫以下google表單，或是寄信至聯絡人信箱，我們會盡快與您聯絡！
https://forms.gle/anSkvmhzmT1nSnESA",[已徵滿]徵求聲音實驗受試者,2021-01-04T08:35:23.237Z,2021-01-06T10:49:35.336Z,0,3,F,ntu,https://www.dcard.tw/f/ntu/p/235109585,dcard,post,實驗目的了解一般人對不同聲音組成的生心理反應實驗內容實驗需操作一個簡單的加法測驗以及閉眼聆聽一段聲音在加法測驗與聽聲音之間以及整個實驗前後都會量測受試者的生理數據心跳血壓唾液中的澱粉酶活性以及填寫心理量表另外全程需配戴胸帶式心跳帶測量心跳變化實驗地點台灣大學森林館實驗時間六或日實驗為期周每次約分鐘如果平日比較方便也可以另外安排實驗報酬超商商品卡元參與條件年滿歲之成年人能閱讀繁體中文聽覺能力正常無認知能力障礙身體健康無發燒感冒症狀未有心血管腦神經自律神經身心科方面的疾病史非懷孕或哺乳期間未有長期服用藥物的習慣保健食品不包含在內如維生素群等配合事項前一天避免熬夜吸菸與食用刺激性食物含酒咖啡或茶類等含咖啡因的飲品前一小時避免劇烈運動與進食但也請避免過度飢餓過程中須配合將手機調成靜音並卸下將身上金屬配件以免干擾實驗聲音播放及儀器準確度穿著能夠捲袖子露出上臂以及寬鬆方便配戴心跳帶的衣服為佳因應防疫措施實驗中建議配戴口罩聯絡人森林所施同學信箱若您對參與實驗有興趣歡迎填寫以下表單或是寄信至聯絡人信箱我們會盡快與您聯絡,,[],[],neutral
32,235108206,如題，想了解各位的經驗和看法。歡迎各位分享。,台清交成政的男人各有何優缺點呢？請勿互相攻擊，保持友善😂期末歐趴？！,2021-01-04T04:49:58.455Z,2021-01-04T14:49:14.392Z,66,51,M,ntu,https://www.dcard.tw/f/ntu/p/235108206,dcard,post,如題想了解各位的經驗和看法歡迎各位分享,"['如', '題', '想', '了解', '各位', '的', '經驗', '和', '看法', '歡迎', '各位', '分享']","['題', '想', '了解', '經驗', '看法', '歡迎', '分享']",[],positive
33,235106618,"因為要申請學程所以這學期修了很多課，男友也接了系上的職務變很忙，現在又來到期末地獄整個大爆炸，明明同校卻一週見不到面，連講電話的時間都沒有🥲
有時候好想逃避，好想逃離現在的世界，不想成長、不想面對，但還是告訴自己牙一咬就過了、再撐一下下！
我發現這種時候多想一些未來的美好事物會好過許多，所以開始想寒假能做什麼有趣的事，稍微激勵自己
希望看到這篇文、正在努力奮鬥的同學可以稍稍放鬆一下，訂一些快樂的小目標，順便跟我分享各位的寒假有什麼規劃呢？
期末加油！",期末加油！,2021-01-03T19:29:02.695Z,2021-01-03T19:29:02.695Z,20,27,F,ntu,https://www.dcard.tw/f/ntu/p/235106618,dcard,post,因為要申請學程所以這學期修了很多課男友也接了系上的職務變很忙現在又來到期末地獄整個大爆炸明明同校卻一週見不到面連講電話的時間都沒有有時候好想逃避好想逃離現在的世界不想成長不想面對但還是告訴自己牙一咬就過了再撐一下下我發現這種時候多想一些未來的美好事物會好過許多所以開始想寒假能做什麼有趣的事稍微激勵自己希望看到這篇文正在努力奮鬥的同學可以稍稍放鬆一下訂一些快樂的小目標順便跟我分享各位的寒假有什麼規劃呢期末加油,"['因為', '要', '申請', '學程', '所以', '這', '學期', '修', '了', '很多', '課', '男友', '也', '接', '了', '系', '上', '的', '職務', '變', '很', '忙', '現在', '又', '來到', '期末', '地獄', '整個', '大', '爆炸', '明明', '同', '校', '卻', '一', '週', '見不到面', '連', '講', '電話', '的', '時間', '都', '沒有', '有時候', '好', '想', '逃避', '好', '想', '逃離', '現在', '的', '世界', '不', '想', '成長', '不', '想', '面對', '但', '還是', '告訴', '自己', '牙', '一', '咬', '就', '過', '了', '再', '撐', '一下下', '我', '發現', '這', '種', '時候', '多', '想', '一些', '未來', '的', '美好', '事物', '會', '好過', '許多', '所以', '開始', '想', '寒假', '能', '做', '什麼', '有趣', '的', '事', '稍微', '激勵', '自己', '希望', '看到', '這', '篇', '文', '正在', '努力', '奮鬥', '的', '同學', '可以', '稍稍', '放鬆', '一下', '訂', '一些', '快樂', '的', '小', '目標', '順便', '跟', '我', '分享', '各位', '的', '寒假', '有', '什麼', '規劃', '呢', '期末', '加油']","['申請', '學程', '學期', '修', '課', '男友', '接', '系', '職務', '變', '忙', '現在', '來到', '期末', '地獄', '整個', '爆炸', '明明', '校', '卻', '週', '見不到面', '講', '電話', '時間', '有時候', '好', '想', '逃避', '好', '想', '逃離', '現在', '世界', '想', '成長', '想', '面對', '告訴', '牙', '咬', '再', '撐', '一下下', '發現', '種', '想', '一些', '未來', '美好', '事物', '好過', '許多', '想', '寒假', '做', '有趣', '事', '稍微', '激勵', '希望', '看到', '篇', '文', '正在', '努力', '奮鬥', '同學', '稍稍', '放鬆', '一下', '訂', '一些', '快樂', '小', '目標', '順便', '分享', '寒假', '規劃', '期末', '加油']",[],positive
34,235105941,"讀書好累 好無聊 期末好多事要做 扛不住
我不想努力了嗚嗚嗚
問同學問題還被超級沒耐心的對待
對不起嘛我就爛
大家都很忙我不應該吵大家
對不起啦我到角落去縮起來
請讓我知道我不孤單嗚嗚嗚
不然我要在角落腐爛掉了 好難過qq",好累,2021-01-03T16:56:40.294Z,2021-01-03T16:56:40.294Z,51,118,F,ntu,https://www.dcard.tw/f/ntu/p/235105941,dcard,post,讀書好累好無聊期末好多事要做扛不住我不想努力了嗚嗚嗚問同學問題還被超級沒耐心的對待對不起嘛我就爛大家都很忙我不應該吵大家對不起啦我到角落去縮起來請讓我知道我不孤單嗚嗚嗚不然我要在角落腐爛掉了好難過,"['讀書', '好', '累', '好', '無聊', '期末', '好多', '事', '要', '做', '扛不住', '我', '不', '想', '努力', '了', '嗚', '嗚嗚', '問', '同學', '問題', '還', '被', '超級', '沒', '耐心', '的', '對待', '對不起', '嘛', '我', '就', '爛', '大家', '都', '很', '忙', '我', '不應該', '吵', '大家', '對不起', '啦', '我', '到', '角落', '去', '縮起', '來', '請', '讓', '我', '知道', '我', '不', '孤單', '嗚', '嗚嗚', '不然', '我', '要', '在', '角落', '腐爛', '掉', '了', '好', '難過']","['讀書', '好', '累', '好', '無聊', '期末', '好多', '事', '做', '扛不住', '想', '努力', '嗚嗚', '問', '同學', '問題', '超級', '耐心', '對待', '對不起', '爛', '忙', '不應該', '吵', '對不起', '角落', '縮起', '請', '知道', '孤單', '嗚嗚', '角落', '腐爛', '掉', '好', '難過']",[],negative
35,235105939,"請問乃菱的應用統計
之前成績分佈大概是如何
會當幾個人之類的..
謝謝各位",郭乃菱 應用統計學,2021-01-03T16:56:16.076Z,2021-01-03T16:56:16.076Z,2,2,F,ntu,https://www.dcard.tw/f/ntu/p/235105939,dcard,post,請問乃菱的應用統計之前成績分佈大概是如何會當幾個人之類的謝謝各位,"['請問', '乃', '菱', '的', '應用', '統計', '之前', '成績', '分佈', '大概', '是', '如何', '會', '當', '幾', '個', '人', '之類', '的', '謝謝', '各位']","['請問', '菱', '應用', '統計', '之前', '成績', '分佈', '人', '謝謝']",[],positive
36,235105858,"說真的，在臺大這個學術殿堂，充斥著各式各樣的系所，但可能因為很多因素，我們往往沒辦法讀到自己最嚮往的系所，或是還在迷茫自己的選擇，甚至更慘的是完全不知道自己為何而讀、所讀為何。
每天總是應付各個大小考試、面對不同老少教授、奔波於大同小異的普通、共同、博雅，一天看似充實的度過，但其實也只是碌碌無為白忙了一天。
很多人會說可以輔系，或是可以雙主修，但礙於自己所追求，還是希望能夠上自己心目中所嚮往的科系。可能就是因為跟自己過不去，所以才延伸出這麼多廢話。

講了這麼多，還是要先應付期末，然後再應付110學測，祝大家期末順利，也希望看的人能祝我學測順利，如果你也是有要參與110學測這場盛事的戰友，也祝你可以上自己心目中的理想。

如果可以再選擇一次，你/妳會怎麼做呢？",如果可以重讀臺大,2021-01-03T16:45:11.636Z,2021-01-03T16:45:11.636Z,8,32,M,ntu,https://www.dcard.tw/f/ntu/p/235105858,dcard,post,說真的在臺大這個學術殿堂充斥著各式各樣的系所但可能因為很多因素我們往往沒辦法讀到自己最嚮往的系所或是還在迷茫自己的選擇甚至更慘的是完全不知道自己為何而讀所讀為何每天總是應付各個大小考試面對不同老少教授奔波於大同小異的普通共同博雅一天看似充實的度過但其實也只是碌碌無為白忙了一天很多人會說可以輔系或是可以雙主修但礙於自己所追求還是希望能夠上自己心目中所嚮往的科系可能就是因為跟自己過不去所以才延伸出這麼多廢話講了這麼多還是要先應付期末然後再應付學測祝大家期末順利也希望看的人能祝我學測順利如果你也是有要參與學測這場盛事的戰友也祝你可以上自己心目中的理想如果可以再選擇一次你妳會怎麼做呢,"['說真的', '在', '臺大', '這', '個', '學術', '殿堂', '充斥', '著', '各式各樣', '的', '系所', '但', '可能', '因為', '很多', '因素', '我們', '往往', '沒辦法', '讀到', '自己', '最', '嚮往', '的', '系所', '或是', '還', '在', '迷茫', '自己', '的', '選擇', '甚至', '更', '慘', '的', '是', '完全', '不', '知道', '自己', '為何', '而', '讀', '所', '讀', '為何', '每', '天', '總是', '應付', '各', '個', '大小', '考試', '面對', '不同', '老少', '教授', '奔波', '於', '大同小異', '的', '普通', '共同', '博雅', '一', '天', '看似', '充實', '的', '度過', '但', '其實', '也', '只是', '碌碌無為', '白忙', '了', '一', '天', '很多', '人', '會', '說', '可以', '輔系', '或是', '可以', '雙', '主修', '但', '礙於', '自己', '所', '追求', '還是', '希望', '能夠', '上', '自己', '心目中', '所', '嚮往', '的', '科系', '可能', '就是', '因為', '跟', '自己', '過不去', '所以', '才', '延伸出', '這麼多', '廢話', '講', '了', '這麼多', '還是', '要', '先', '應付', '期末', '然後', '再', '應付', '學測', '祝', '大家', '期末', '順利', '也', '希望', '看', '的', '人', '能', '祝', '我', '學測', '順利', '如果', '你', '也', '是', '有', '要', '參與', '學測', '這', '場', '盛事', '的', '戰友', '也', '祝', '你', '可以', '上', '自己', '心目中', '的', '理想', '如果', '可以', '再', '選擇', '一', '次', '你', '妳', '會', '怎麼', '做', '呢']","['說真的', '臺大', '學術', '殿堂', '充斥', '各式各樣', '系所', '因素', '往往', '沒辦法', '讀到', '最', '嚮往', '系所', '迷茫', '選擇', '慘', '完全', '知道', '讀', '讀', '天', '總是', '應付', '大小', '考試', '面對', '老少', '教授', '奔波', '大同小異', '普通', '共同', '博雅', '天', '看似', '充實', '度過', '碌碌無為', '白忙', '天', '人', '說', '輔系', '雙', '主修', '礙於', '追求', '希望', '能夠', '心目中', '嚮往', '科系', '過不去', '延伸出', '這麼多', '廢話', '講', '這麼多', '先', '應付', '期末', '再', '應付', '學測', '祝', '期末', '順利', '希望', '人', '祝', '學測', '順利', '參與', '學測', '場', '盛事', '戰友', '祝', '心目中', '理想', '再', '選擇', '次', '妳', '做']",[],positive
37,235104579,"有個很帥ㄉ男店員
好想認識ㄛ！！
有人知道他有女朋友ㄇ",學校對面的50嵐,2021-01-03T13:50:25.469Z,2021-01-03T14:07:18.305Z,13,6,F,ntu,https://www.dcard.tw/f/ntu/p/235104579,dcard,post,有個很帥男店員好想認識有人知道他有女朋友,"['有', '個', '很', '帥', '男', '店員', '好', '想', '認識', '有', '人', '知道', '他', '有', '女朋友']","['帥', '男', '店員', '好', '想', '認識', '人', '知道', '女朋友']",[],positive
38,235102945,"請問這裡有修這學期經濟數學的同學嗎？
最近比較少去上課，
能不能告訴我期末考是1/6還是1/13😅😅",周建富 經濟數學,2021-01-03T08:49:38.418Z,2021-01-03T08:49:38.418Z,2,2,M,ntu,https://www.dcard.tw/f/ntu/p/235102945,dcard,post,請問這裡有修這學期經濟數學的同學嗎最近比較少去上課能不能告訴我期末考是還是,"['請問', '這裡', '有', '修', '這', '學期', '經濟', '數學', '的', '同學', '嗎', '最近', '比', '較少', '去', '上課', '能不能', '告訴', '我', '期末考', '是', '還是']","['請問', '這裡', '修', '學期', '經濟', '數學', '同學', '最近', '較少', '上課', '能不能', '告訴', '期末考']",[],neutral
39,235101183,"又要打工又要讀書！！！！！！！
大家加油！！！！！！！
補補補補補
(´･Д･)」",期末壓力好大！！！！！！,2021-01-02T23:46:56.782Z,2021-01-02T23:46:56.782Z,3,23,M,ntu,https://www.dcard.tw/f/ntu/p/235101183,dcard,post,又要打工又要讀書大家加油補補補補補,"['又', '要', '打工', '又', '要', '讀書', '大家', '加油', '補', '補補補補']","['打工', '讀書', '加油', '補', '補補補補']",[],neutral
40,235099722,"我非常認真的問大家，各位都是怎麼準備期中期末的？我讀了但感覺讀不進去，完全不懂...效率超低😭 我真的要完蛋啦
各位學霸們有什麼好方法幫助讀書的嗎？
面臨二一...
拜託各位救救我🙏",期末焦慮,2021-01-02T15:31:51.633Z,2021-01-02T15:31:51.633Z,24,44,F,ntu,https://www.dcard.tw/f/ntu/p/235099722,dcard,post,我非常認真的問大家各位都是怎麼準備期中期末的我讀了但感覺讀不進去完全不懂效率超低我真的要完蛋啦各位學霸們有什麼好方法幫助讀書的嗎面臨二一拜託各位救救我,"['我', '非常', '認真', '的', '問', '大家', '各位', '都', '是', '怎麼', '準備期', '中', '期末', '的', '我', '讀', '了', '但', '感覺', '讀', '不', '進去', '完全', '不', '懂', '效率', '超低', '我', '真的', '要', '完蛋', '啦', '各位', '學霸們', '有', '什麼', '好', '方法', '幫助', '讀書', '的', '嗎', '面臨', '二一', '拜託', '各位', '救救', '我']","['認真', '問', '準備期', '中', '期末', '讀', '感覺', '讀', '完全', '懂', '效率', '超低', '真的', '完蛋', '學霸們', '好', '方法', '幫助', '讀書', '面臨', '二一', '拜託', '救救']",[],positive
41,235097638,"[填問卷抽500元現金！］

大家好，請救救我們的期末報告，我們是修習楊立偉教授資料庫管理的學生，目前正在做手機品牌選擇與其特色相關之調查，希望透過問卷理解大家選擇手機時所在意的點為何，還麻煩大家填答！

Step 1: 填答問卷
Step 2: 在FB交流版貼文下tag2位朋友，並留下「填問卷，抽500！」之標語
Step 3: 等待成為那一位幸運者
交流版連結：
https://m.facebook.com/groups/NTU.Head/permalink/1671423596395762/?ref=group_browse

問卷表單網址：
https://docs.google.com/forms/d/e/1FAIpQLSe52k4vGX6Ep4mXnvGhsXmaugireGBn_JlAGF2M4kHkbqsJRw/viewform

註：本表單僅限於調查分析使用，使用完將進行銷毀，並不會有外流的問題。",手機的調查,2021-01-02T08:56:51.849Z,2021-01-02T08:56:51.849Z,0,2,M,ntu,https://www.dcard.tw/f/ntu/p/235097638,dcard,post,填問卷抽元現金大家好請救救我們的期末報告我們是修習楊立偉教授資料庫管理的學生目前正在做手機品牌選擇與其特色相關之調查希望透過問卷理解大家選擇手機時所在意的點為何還麻煩大家填答填答問卷在交流版貼文下位朋友並留下填問卷抽之標語等待成為那一位幸運者交流版連結問卷表單網址註本表單僅限於調查分析使用使用完將進行銷毀並不會有外流的問題,"['填', '問卷', '抽元', '現金', '大家', '好', '請', '救救', '我們', '的', '期末', '報告', '我們', '是', '修習', '楊立偉', '教授', '資料庫', '管理', '的', '學生', '目前', '正在', '做', '手機', '品牌', '選擇', '與', '其', '特色', '相關', '之', '調查', '希望', '透過', '問卷', '理解', '大家', '選擇', '手機', '時', '所', '在意', '的', '點', '為何', '還', '麻煩', '大家', '填答填答', '問卷', '在', '交流版', '貼文', '下位', '朋友', '並', '留下', '填', '問卷', '抽', '之', '標語', '等待', '成為', '那', '一', '位', '幸運', '者', '交流版', '連結', '問卷', '表單', '網址註', '本', '表單', '僅', '限於', '調查', '分析', '使用', '使用完', '將', '進行', '銷毀', '並', '不會', '有', '外流', '的', '問題']","['填', '問卷', '抽元', '現金', '好', '請', '救救', '期末', '報告', '修習', '楊立偉', '教授', '資料庫', '管理', '學生', '目前', '正在', '做', '手機', '品牌', '選擇', '特色', '相關', '調查', '希望', '透過', '問卷', '理解', '選擇', '手機', '時', '在意', '點', '麻煩', '填答填答', '問卷', '交流版', '貼文', '下位', '朋友', '留下', '填', '問卷', '抽', '標語', '等待', '成為', '位', '幸運', '交流版', '連結', '問卷', '表單', '網址註', '表單', '限於', '調查', '分析', '使用', '使用完', '進行', '銷毀', '外流', '問題']",[],positive
42,235096159,"校內校外都知名的現役台大正妹學生（已畢業的不算）

除了小馮跟黃蓉以外還有誰？

還是只有這兩位？",台大目前知名的正妹除了小馮 黃蓉還有誰？,2021-01-02T02:29:21.001Z,2021-01-02T02:29:47.928Z,101,52,M,ntu,https://www.dcard.tw/f/ntu/p/235096159,dcard,post,校內校外都知名的現役台大正妹學生已畢業的不算除了小馮跟黃蓉以外還有誰還是只有這兩位,"['校', '內', '校', '外', '都', '知名', '的', '現役', '台大', '正妹', '學生', '已', '畢業', '的', '不', '算', '除了', '小馮', '跟', '黃蓉', '以外', '還', '有', '誰', '還是', '只有', '這', '兩', '位']","['校', '校', '外', '知名', '現役', '台大', '正妹', '學生', '已', '畢業', '算', '小馮', '黃蓉', '以外', '兩', '位']",[],neutral
43,235096082,"請問一下各位
小弟是外系生
沒有認識的人可以問QQ
上禮拜教授宣布題型的時候
沒有聽得很清楚

想請問實例題是考一題還是兩題呢",謝銘洋教授 著作權法 期末題型,2021-01-02T01:55:28.378Z,2021-01-02T01:55:28.378Z,8,2,M,ntu,https://www.dcard.tw/f/ntu/p/235096082,dcard,post,請問一下各位小弟是外系生沒有認識的人可以問上禮拜教授宣布題型的時候沒有聽得很清楚想請問實例題是考一題還是兩題呢,"['請問', '一下', '各位', '小弟', '是', '外系', '生', '沒有', '認識', '的', '人', '可以', '問', '上', '禮拜', '教授', '宣布', '題型', '的', '時候', '沒有', '聽得', '很', '清楚', '想', '請問', '實例', '題', '是', '考', '一', '題', '還是', '兩', '題', '呢']","['請問', '一下', '小弟', '外系', '生', '認識', '人', '問', '禮拜', '教授', '宣布', '題型', '聽得', '清楚', '想', '請問', '實例', '題', '考', '題', '兩', '題']",[],negative
44,235095737,最近想修點機率相關課程，想請問電機系的機率與統計跟經濟系開的初統（聽說高統難度，甚至更難？，哪個比較困難呢？,機統 統計,2021-01-01T20:37:29.115Z,2021-01-01T20:37:29.115Z,15,2,M,ntu,https://www.dcard.tw/f/ntu/p/235095737,dcard,post,最近想修點機率相關課程想請問電機系的機率與統計跟經濟系開的初統聽說高統難度甚至更難哪個比較困難呢,"['最近', '想', '修點', '機率', '相關', '課程', '想', '請問', '電機系', '的', '機率', '與', '統計', '跟', '經濟系', '開', '的', '初', '統', '聽說', '高統', '難度', '甚至', '更', '難', '哪', '個', '比較', '困難', '呢']","['最近', '想', '修點', '機率', '相關', '課程', '想', '請問', '電機系', '機率', '統計', '經濟系', '開', '統', '聽說', '高統', '難度', '難', '比較', '困難']",[],negative
45,235094942,"想請問有修這堂課的人
這學期有考期中考嗎 我記得只有期中報告但卻看到老師臉書有期中考試題⋯
期末報告的部分老師有特別講解是要交書面還是電子檔嗎 我都沒聽到嗚嗚 謝謝🙏",營養教育與傳播,2021-01-01T16:33:47.986Z,2021-01-01T16:35:13.912Z,0,3,F,ntu,https://www.dcard.tw/f/ntu/p/235094942,dcard,post,想請問有修這堂課的人這學期有考期中考嗎我記得只有期中報告但卻看到老師臉書有期中考試題期末報告的部分老師有特別講解是要交書面還是電子檔嗎我都沒聽到嗚嗚謝謝,"['想', '請問', '有', '修', '這', '堂', '課', '的', '人', '這', '學期', '有', '考', '期中考', '嗎', '我', '記得', '只有', '期中', '報告', '但', '卻', '看到', '老師', '臉', '書', '有', '期中考', '試題', '期末', '報告', '的', '部分', '老師', '有', '特別', '講解', '是', '要', '交', '書面', '還是', '電子檔', '嗎', '我', '都', '沒', '聽到', '嗚嗚', '謝謝']","['想', '請問', '修', '堂', '課', '人', '學期', '考', '期中考', '記得', '期中', '報告', '卻', '看到', '老師', '臉', '書', '期中考', '試題', '期末', '報告', '部分', '老師', '特別', '講解', '交', '書面', '電子檔', '聽到', '嗚嗚', '謝謝']",[],positive
46,235094257,"如題，之前不是很多人說要封校園，讓外人不能進來、老人不能排牛奶等等 來防止疫情在校園中擴散

但現在我觀察不論是在管院、社科的一樓幾乎不到三分之一的人還會逼學生證，大概只剩共同活大這種有人管的才會逼

想問當初這些人說要把外人趕走的現在上課會帶口罩、進系館會逼卡量體溫嗎？",當初說要封校園的人呢？,2021-01-01T14:54:46.612Z,2021-01-01T14:54:46.612Z,2,4,M,ntu,https://www.dcard.tw/f/ntu/p/235094257,dcard,post,如題之前不是很多人說要封校園讓外人不能進來老人不能排牛奶等等來防止疫情在校園中擴散但現在我觀察不論是在管院社科的一樓幾乎不到三分之一的人還會逼學生證大概只剩共同活大這種有人管的才會逼想問當初這些人說要把外人趕走的現在上課會帶口罩進系館會逼卡量體溫嗎,"['如', '題', '之前', '不', '是', '很多', '人', '說', '要', '封', '校園', '讓', '外人', '不能', '進來', '老人', '不能', '排', '牛奶', '等等', '來', '防止', '疫情', '在', '校園', '中', '擴散', '但', '現在', '我', '觀察', '不論', '是', '在', '管', '院', '社科', '的', '一樓', '幾乎', '不', '到', '三分之一', '的', '人', '還', '會', '逼', '學生證', '大概', '只', '剩', '共同', '活大', '這', '種有', '人', '管', '的', '才', '會', '逼', '想', '問', '當初', '這些', '人', '說', '要', '把', '外人', '趕走', '的', '現在', '上課', '會', '帶', '口罩', '進', '系館', '會', '逼', '卡量', '體溫', '嗎']","['題', '之前', '人', '說', '封', '校園', '外人', '老人', '排', '牛奶', '防止', '疫情', '校園', '中', '擴散', '現在', '觀察', '院', '社科', '一樓', '三分之一', '人', '逼', '學生證', '只', '剩', '共同', '活大', '種有', '人', '逼', '想', '問', '當初', '人', '說', '外人', '趕走', '現在', '上課', '口罩', '進', '系館', '逼', '卡量', '體溫']",[],negative
47,235092204,"早安午安晚安我不是Hook
想問問有沒有學姊學長學妹學弟
考過統計與生活的期末
可以分享一下大概會有什麼題型還有難易度qq

祝福各位新年快樂 每科都不是F",統計與生活QQ,2021-01-01T08:04:54.007Z,2021-01-01T08:04:54.007Z,2,9,M,ntu,https://www.dcard.tw/f/ntu/p/235092204,dcard,post,早安午安晚安我不是想問問有沒有學姊學長學妹學弟考過統計與生活的期末可以分享一下大概會有什麼題型還有難易度祝福各位新年快樂每科都不是,"['早安', '午安', '晚安', '我', '不', '是', '想', '問問', '有沒有', '學姊', '學長', '學妹', '學弟', '考', '過', '統計', '與', '生活', '的', '期末', '可以', '分享', '一下', '大概', '會', '有', '什麼', '題', '型', '還', '有', '難易度', '祝福', '各位', '新年', '快樂', '每', '科', '都', '不', '是']","['早安', '午安', '晚安', '想', '問問', '有沒有', '學姊', '學長', '學妹', '學弟', '考', '統計', '生活', '期末', '分享', '一下', '題', '型', '難易度', '祝福', '新年', '快樂', '科']",[],positive
48,235090963,"想問有沒有人也想開始蛋奶素的生酮飲食！因為身體狀況所以醫生建議這樣吃，但是自己一個新手好難喔嗚嗚⋯⋯希望可以找個夥伴一起！如果是有毅力的人就更好ㄌ哈哈哈哈，
這樣也比較會繼續堅持下去！

如果住水源就更好了，我們可以一起煮XD
https://i.imgur.com/BBij0b0.jpg",蛋奶素生酮飲食找夥伴(⁎⁍̴̛ᴗ⁍̴̛⁎),2021-01-01T04:42:03.296Z,2021-01-01T04:42:03.296Z,9,6,F,ntu,https://www.dcard.tw/f/ntu/p/235090963,dcard,post,想問有沒有人也想開始蛋奶素的生酮飲食因為身體狀況所以醫生建議這樣吃但是自己一個新手好難喔嗚嗚希望可以找個夥伴一起如果是有毅力的人就更好哈哈哈哈這樣也比較會繼續堅持下去如果住水源就更好了我們可以一起煮,"['想', '問', '有沒有', '人', '也', '想', '開始', '蛋', '奶素', '的', '生酮', '飲食', '因為', '身體', '狀況', '所以', '醫生', '建議', '這樣', '吃', '但是', '自己', '一', '個', '新手', '好', '難', '喔', '嗚嗚', '希望', '可以', '找', '個', '夥伴', '一起', '如果', '是', '有', '毅力', '的', '人', '就', '更', '好', '哈哈', '哈哈', '這樣', '也', '比較', '會', '繼續', '堅持', '下去', '如果', '住', '水源', '就', '更', '好了', '我們', '可以', '一起', '煮']","['想', '問', '有沒有', '人', '想', '蛋', '奶素', '生酮', '飲食', '身體', '狀況', '醫生', '建議', '吃', '新手', '好', '難', '嗚嗚', '希望', '找', '夥伴', '一起', '毅力', '人', '好', '比較', '繼續', '堅持', '下去', '住', '水源', '好了', '一起', '煮']",[],positive
49,235090398,"現在單身 但是之前交的女友都不是台大的，

每次看到情侶在總圖或教室 餐廳放閃都覺得很不爽

很想交一個台大妹子當女友

不是帥哥又不敢搭訕陌生台大妹子


總覺得畢業前沒交到台大女友是種遺憾

男同學們也這樣覺得嗎？

新年快樂啦",台大男同學會遺憾畢業前沒跟台大女生交往過嗎？,2021-01-01T02:07:15.331Z,2021-01-01T02:14:25.770Z,59,72,M,ntu,https://www.dcard.tw/f/ntu/p/235090398,dcard,post,現在單身但是之前交的女友都不是台大的每次看到情侶在總圖或教室餐廳放閃都覺得很不爽很想交一個台大妹子當女友不是帥哥又不敢搭訕陌生台大妹子總覺得畢業前沒交到台大女友是種遺憾男同學們也這樣覺得嗎新年快樂啦,"['現在', '單身', '但是', '之前', '交', '的', '女友', '都', '不', '是', '台大', '的', '每', '次', '看到', '情侶', '在', '總圖', '或', '教室', '餐廳', '放閃', '都', '覺得', '很', '不', '爽', '很', '想', '交', '一', '個', '台大', '妹子', '當', '女友', '不', '是', '帥哥', '又', '不', '敢', '搭訕', '陌生', '台大', '妹子', '總', '覺得', '畢業', '前', '沒', '交到', '台大', '女友', '是', '種', '遺憾', '男', '同學們', '也', '這樣', '覺得', '嗎', '新年', '快樂', '啦']","['現在', '單身', '之前', '交', '女友', '台大', '次', '看到', '情侶', '總圖', '教室', '餐廳', '放閃', '覺得', '爽', '想', '交', '台大', '妹子', '女友', '帥哥', '搭訕', '陌生', '台大', '妹子', '總', '覺得', '畢業', '前', '交到', '台大', '女友', '種', '遺憾', '男', '同學們', '覺得', '新年', '快樂']",[],negative
50,235088364,最近因為某些原因要辦休學，請問辦理休學手續後多久內要辦理退宿？,#問 急 辦理休學後多久要辦理退宿,2020-12-31T15:26:36.475Z,2020-12-31T15:26:36.475Z,9,7,M,ntu,https://www.dcard.tw/f/ntu/p/235088364,dcard,post,最近因為某些原因要辦休學請問辦理休學手續後多久內要辦理退宿,"['最近', '因為', '某些', '原因', '要', '辦', '休學', '請問', '辦理', '休學', '手續', '後', '多久', '內', '要', '辦理', '退', '宿']","['最近', '原因', '辦', '休學', '請問', '辦理', '休學', '手續', '後', '多久', '辦理', '退', '宿']",[],neutral
51,235086030,新的一年，Bioinformatics dry lab也可以跟著收一收了?,LDTs納入特管辦法後續討論，希望能不要說再見QQ,2020-12-31T07:44:01.442Z,2020-12-31T07:44:01.442Z,0,4,M,ntu,https://www.dcard.tw/f/ntu/p/235086030,dcard,post,新的一年也可以跟著收一收了,"['新', '的', '一年', '也', '可以', '跟', '著', '收一收', '了']","['新', '一年', '收一收']",[],neutral
52,235085082,"剩不到12小時萊豬就能進來台灣了
家徒四壁的我好興奮R
感謝黨
終於讓我們與國際接軌
花少少的錢就能品嚐到異國風味
開心><",2021,2020-12-31T04:27:04.579Z,2020-12-31T04:27:04.579Z,9,30,M,ntu,https://www.dcard.tw/f/ntu/p/235085082,dcard,post,剩不到小時萊豬就能進來台灣了家徒四壁的我好興奮感謝黨終於讓我們與國際接軌花少少的錢就能品嚐到異國風味開心,"['剩', '不', '到', '小時', '萊', '豬', '就', '能', '進來', '台灣', '了', '家徒四壁', '的', '我', '好', '興奮', '感謝', '黨', '終於', '讓', '我們', '與', '國際', '接軌花', '少少', '的', '錢', '就', '能', '品嚐到', '異國', '風味', '開心']","['剩', '小時', '萊', '豬', '台灣', '家徒四壁', '好', '興奮', '感謝', '黨', '終於', '國際', '接軌花', '少少', '錢', '品嚐到', '異國', '風味', '開心']",[],positive
53,235084376,"現在很多人在進入圖書館都拿下口罩，

即使現在除了台北以外的各地跨年晚會為了防疫不開放民眾進入

還是一樣很多人在館那不戴口罩

很多人口罩只有進圖書館跟離開圖書館才會戴上

只有我跟幾個人配合防疫全程乖乖戴口罩，

謝謝圖書館戴口罩的各位同學

讓我覺得我不孤單

新年快樂 祝你們A+",謝謝跟我一樣在圖書館戴口罩的各位同學,2020-12-31T01:39:02.835Z,2020-12-31T01:55:57.278Z,6,39,M,ntu,https://www.dcard.tw/f/ntu/p/235084376,dcard,post,現在很多人在進入圖書館都拿下口罩即使現在除了台北以外的各地跨年晚會為了防疫不開放民眾進入還是一樣很多人在館那不戴口罩很多人口罩只有進圖書館跟離開圖書館才會戴上只有我跟幾個人配合防疫全程乖乖戴口罩謝謝圖書館戴口罩的各位同學讓我覺得我不孤單新年快樂祝你們,"['現在', '很多', '人', '在', '進入', '圖書館', '都', '拿下', '口罩', '即使', '現在', '除了', '台北', '以外', '的', '各', '地', '跨年', '晚會', '為了', '防疫', '不', '開放', '民眾', '進入', '還是', '一樣', '很多', '人', '在', '館', '那', '不', '戴', '口罩', '很多', '人', '口罩', '只有', '進', '圖書館', '跟', '離開', '圖書館', '才', '會', '戴上', '只有', '我', '跟', '幾', '個', '人', '配合', '防疫', '全程', '乖乖', '戴', '口罩', '謝謝', '圖書館', '戴', '口罩', '的', '各位', '同學', '讓', '我', '覺得', '我', '不', '孤單', '新年', '快樂', '祝', '你們']","['現在', '人', '進入', '圖書館', '拿下', '口罩', '現在', '台北', '以外', '跨年', '晚會', '防疫', '開放', '民眾', '進入', '人', '館', '戴', '口罩', '人', '口罩', '進', '圖書館', '離開', '圖書館', '戴上', '人', '配合', '防疫', '全程', '乖乖', '戴', '口罩', '謝謝', '圖書館', '戴', '口罩', '同學', '覺得', '孤單', '新年', '快樂', '祝']",[],positive
54,235084132,今天冷成這樣，大家還會出門去學校上課或是跨年嗎？,今天那麼冷 大家還會去上課或跨年嗎？,2020-12-31T00:08:47.157Z,2020-12-31T00:08:47.157Z,2,6,M,ntu,https://www.dcard.tw/f/ntu/p/235084132,dcard,post,今天冷成這樣大家還會出門去學校上課或是跨年嗎,"['今天', '冷成', '這樣', '大家', '還', '會', '出門', '去', '學校', '上課', '或是', '跨年', '嗎']","['今天', '冷成', '出門', '學校', '上課', '跨年']",[],neutral
55,235083781,"之前鼓起勇氣寫了一張小卡
給某個常坐在固定位置的女生
後來她就換位子坐了

說到這 懂？",就跟你說是臉的問題了,2020-12-30T19:41:31.105Z,2020-12-30T19:41:31.105Z,3,19,M,ntu,https://www.dcard.tw/f/ntu/p/235083781,dcard,post,之前鼓起勇氣寫了一張小卡給某個常坐在固定位置的女生後來她就換位子坐了說到這懂,"['之前', '鼓起', '勇氣', '寫', '了', '一', '張', '小卡', '給', '某', '個', '常', '坐', '在', '固定', '位置', '的', '女生', '後來', '她', '就', '換', '位子', '坐', '了', '說到', '這', '懂']","['之前', '鼓起', '勇氣', '寫', '張', '小卡', '坐', '固定', '位置', '女生', '換', '位子', '坐', '說到', '懂']",[],positive
56,235083041,"男一四樓坐式馬桶剛剛尻完的🈹️
我想跟你說麻煩你沖一下...
進去廁所一看到真的噁 到底三小",天啊 尻完不沖是三小,2020-12-30T16:37:17.700Z,2020-12-30T16:37:17.700Z,6,12,M,ntu,https://www.dcard.tw/f/ntu/p/235083041,dcard,post,男一四樓坐式馬桶剛剛尻完的我想跟你說麻煩你沖一下進去廁所一看到真的噁到底三小,"['男', '一四樓', '坐式', '馬桶', '剛剛', '尻完', '的', '我', '想', '跟', '你', '說', '麻煩', '你', '沖', '一下', '進去', '廁所', '一', '看到', '真的', '噁', '到底', '三', '小']","['男', '一四樓', '坐式', '馬桶', '剛剛', '尻完', '想', '說', '麻煩', '一下', '廁所', '看到', '真的', '噁', '小']",[],negative
57,235082532,"有聽說小馮是台大醫學系創系以來最正的，

也常有人說是目前台大醫學系的系花，

小馮算是台大醫學系目前學生裡面最漂亮的嗎？（已畢業的不算）",小馮算是目前的台大醫學系系花嗎？,2020-12-30T15:22:54.556Z,2020-12-30T15:22:54.556Z,25,20,M,ntu,https://www.dcard.tw/f/ntu/p/235082532,dcard,post,有聽說小馮是台大醫學系創系以來最正的也常有人說是目前台大醫學系的系花小馮算是台大醫學系目前學生裡面最漂亮的嗎已畢業的不算,"['有', '聽說', '小馮', '是', '台大', '醫學系', '創', '系', '以來', '最', '正', '的', '也', '常有人', '說', '是', '目前', '台大', '醫學系', '的', '系花', '小馮', '算是', '台大', '醫學系', '目前', '學生', '裡面', '最', '漂亮', '的', '嗎', '已', '畢業', '的', '不', '算']","['聽說', '小馮', '台大', '醫學系', '創', '系', '以來', '最', '正', '常有人', '說', '目前', '台大', '醫學系', '系花', '小馮', '算是', '台大', '醫學系', '目前', '學生', '裡面', '最', '漂亮', '已', '畢業', '算']",[],positive
58,235081334,"校園內、課堂上、實驗室，甚至是辦公室
戴口罩的竟然佔少數
只有自己一個或少數人戴著有什麼用呢
家裡的人這幾天一直很擔心北上唸書的我
自己也對這樣的情況覺得煩躁
甚至是學校附近的公館夜市、118巷等餐廳商店
看起來都不在意
單純想知道不戴口罩的人在想什麼
疫情又不是完全消失了
怎麼可以這麼放心呢
是因為你沒中就認為永遠不會中嗎",為什麼不帶口罩,2020-12-30T12:05:05.394Z,2020-12-30T12:05:05.394Z,17,10,F,ntu,https://www.dcard.tw/f/ntu/p/235081334,dcard,post,校園內課堂上實驗室甚至是辦公室戴口罩的竟然佔少數只有自己一個或少數人戴著有什麼用呢家裡的人這幾天一直很擔心北上唸書的我自己也對這樣的情況覺得煩躁甚至是學校附近的公館夜市巷等餐廳商店看起來都不在意單純想知道不戴口罩的人在想什麼疫情又不是完全消失了怎麼可以這麼放心呢是因為你沒中就認為永遠不會中嗎,"['校園', '內', '課堂', '上', '實驗室', '甚至', '是', '辦公室', '戴', '口罩', '的', '竟然', '佔', '少數', '只有', '自己', '一', '個', '或', '少數', '人', '戴', '著', '有', '什麼', '用', '呢', '家', '裡', '的', '人', '這', '幾', '天', '一直', '很', '擔心', '北上', '唸書', '的', '我', '自己', '也', '對', '這樣', '的', '情況', '覺得', '煩躁', '甚至', '是', '學校', '附近', '的', '公館', '夜市', '巷', '等', '餐廳', '商店', '看起來', '都', '不', '在意', '單純', '想', '知道', '不', '戴', '口罩', '的', '人', '在', '想', '什麼', '疫情', '又', '不', '是', '完全', '消失', '了', '怎麼', '可以', '這麼', '放心', '呢', '是', '因為', '你', '沒', '中', '就', '認為', '永遠', '不會', '中', '嗎']","['校園', '課堂', '實驗室', '辦公室', '戴', '口罩', '佔', '少數', '少數', '人', '戴', '家', '裡', '人', '天', '一直', '擔心', '北上', '唸書', '情況', '覺得', '煩躁', '學校', '附近', '公館', '夜市', '巷', '餐廳', '商店', '在意', '想', '知道', '戴', '口罩', '人', '想', '疫情', '完全', '消失', '放心', '中', '認為', '永遠', '中']",[],negative
59,235080063,各位好，想請問是否有同學瞭解楊教授在週一下午開的貨幣銀行學甲之期末考時間，希望瞭解的同學不吝分享，謝謝。,貨幣銀行學甲期末考,2020-12-30T08:09:07.407Z,2020-12-30T08:09:07.407Z,3,2,M,ntu,https://www.dcard.tw/f/ntu/p/235080063,dcard,post,各位好想請問是否有同學瞭解楊教授在週一下午開的貨幣銀行學甲之期末考時間希望瞭解的同學不吝分享謝謝,"['各位', '好', '想', '請問', '是否', '有', '同學', '瞭解', '楊', '教授', '在', '週一', '下午', '開', '的', '貨幣', '銀行', '學甲', '之', '期末考', '時間', '希望', '瞭解', '的', '同學', '不吝', '分享', '謝謝']","['好', '想', '請問', '是否', '同學', '瞭解', '楊', '教授', '週一', '下午', '開', '貨幣', '銀行', '學甲', '期末考', '時間', '希望', '瞭解', '同學', '不吝', '分享', '謝謝']",[],positive
60,235078408,"嗨嗨
因為之前有聽到老師說可以延後一個禮拜交
但我朋友說沒有要考試當天交
想請問大家 到底是什麼時候截止ㄚQQ 謝謝大家",統計史報告繳交日期,2020-12-30T02:59:00.344Z,2020-12-30T02:59:00.344Z,3,2,F,ntu,https://www.dcard.tw/f/ntu/p/235078408,dcard,post,嗨嗨因為之前有聽到老師說可以延後一個禮拜交但我朋友說沒有要考試當天交想請問大家到底是什麼時候截止謝謝大家,"['嗨', '嗨', '因為', '之前', '有', '聽到', '老師', '說', '可以', '延後', '一', '個', '禮拜', '交', '但', '我', '朋友', '說', '沒有', '要', '考試', '當天', '交', '想', '請問', '大家', '到底', '是', '什麼', '時候', '截止', '謝謝', '大家']","['嗨', '嗨', '之前', '聽到', '老師', '說', '延後', '禮拜', '交', '朋友', '說', '考試', '當天', '交', '想', '請問', '截止', '謝謝']",[],negative
61,235078059,rt這種天氣回去上課的都是什麼樣的人？,這種天氣回去上課的都是什麼樣的人？,2020-12-30T01:38:47.312Z,2020-12-30T01:38:47.312Z,16,3,M,ntu,https://www.dcard.tw/f/ntu/p/235078059,dcard,post,這種天氣回去上課的都是什麼樣的人,"['這', '種', '天氣', '回去', '上課', '的', '都', '是', '什麼', '樣', '的', '人']","['種', '天氣', '回去', '上課', '樣', '人']",[],neutral
62,235077887,"大一女餐廳怎麼一直在整修阿？

暑假就歇業整修過了，現在又來一次

學校午餐選擇又少了一個地方",大一女餐廳要整修到什麼時候？,2020-12-30T00:45:48.552Z,2020-12-30T00:45:48.552Z,2,6,M,ntu,https://www.dcard.tw/f/ntu/p/235077887,dcard,post,大一女餐廳怎麼一直在整修阿暑假就歇業整修過了現在又來一次學校午餐選擇又少了一個地方,"['大一女', '餐廳', '怎麼', '一直', '在', '整修', '阿', '暑假', '就', '歇業', '整修', '過', '了', '現在', '又', '來', '一', '次', '學校', '午餐', '選擇', '又', '少', '了', '一', '個', '地方']","['大一女', '餐廳', '一直', '整修', '暑假', '歇業', '整修', '現在', '次', '學校', '午餐', '選擇', '少', '地方']",[],neutral
