0,1d63b84e-5696-4a68-9550-8e52a0d73fe8,235154867,2021-01-11T15:12:15.635Z,2021-01-11T15:12:15.635Z,1,我沒興趣，也不想知道,1.0,M,ntnu,https://www.dcard.tw/f/ntnu/p/235154867,dcard,comment,我沒興趣也不想知道,"['我', '沒', '興趣', '也', '不', '想', '知道']","['興趣', '想', '知道']",[],positive
1,6e558de3-931e-49d0-ad45-22daf8e27f45,235154867,2021-01-11T16:18:47.668Z,2021-01-11T16:18:47.668Z,2,剪接可以加強🤣🤣,1.0,F,ntnu,https://www.dcard.tw/f/ntnu/p/235154867,dcard,comment,剪接可以加強,"['剪接', '可以', '加強']","['剪接', '加強']",[],neutral
2,3db2febb-f387-4a76-ab4f-435a88cbde8b,235154867,2021-01-11T16:33:17.139Z,2021-01-11T16:33:17.139Z,3,"蠻不錯 影片步調是舒服的
但標題音樂那邊斷的有點奇怪🤣",0.0,F,ntnu,https://www.dcard.tw/f/ntnu/p/235154867,dcard,comment,蠻不錯影片步調是舒服的但標題音樂那邊斷的有點奇怪,"['蠻', '不錯', '影片', '步調', '是', '舒服', '的', '但', '標題', '音樂', '那邊', '斷', '的', '有點', '奇怪']","['不錯', '影片', '步調', '舒服', '標題', '音樂', '斷', '有點', '奇怪']",[],positive
3,381bff00-bf1e-4c73-8c23-3a8212a5c208,235154301,2021-01-11T14:17:46.393Z,2021-01-11T14:17:46.393Z,1,合併了啊,0.0,M,ntnu,https://www.dcard.tw/f/ntnu/p/235154301,dcard,comment,合併了啊,"['合併', '了', '啊']",['合併'],[],neutral
4,9b06f68e-4017-4fd9-8812-b328cc5a6d40,235154301,2021-01-11T17:21:13.577Z,2021-01-11T17:21:13.577Z,2,B1 什麼時候的事啊？因為我去學校網站看，都找不到相關資訊,0.0,M,ntnu,https://www.dcard.tw/f/ntnu/p/235154301,dcard,comment,什麼時候的事啊因為我去學校網站看都找不到相關資訊,"['什麼', '時候', '的', '事', '啊', '因為', '我', '去', '學校', '網站', '看', '都', '找', '不', '到', '相關', '資訊']","['事', '學校', '網站', '找', '相關', '資訊']",[],neutral
5,37aef8b9-00b9-41f0-b727-6ad7f3be87f0,235150450,2021-01-11T01:55:05.989Z,2021-01-11T01:55:18.438Z,1,真的有人會去看參考書單上的東西喔,0.0,M,ntnu,https://www.dcard.tw/f/ntnu/p/235150450,dcard,comment,真的有人會去看參考書單上的東西喔,"['真的', '有', '人', '會', '去', '看', '參考書單', '上', '的', '東西', '喔']","['真的', '人', '參考書單', '東西']",[],negative
6,9c1ebe65-a6f7-4e11-a63e-21658725e176,235150450,2021-01-11T03:18:03.966Z,2021-01-11T03:18:03.966Z,2,B29 學校迫害學生,0.0,M,ntnu,https://www.dcard.tw/f/ntnu/p/235150450,dcard,comment,學校迫害學生,"['學校', '迫害', '學生']","['學校', '迫害', '學生']",[],negative
7,800f1258-9d97-4c16-b4fe-f7f9a860d0a0,235144422,2021-01-09T18:12:22.061Z,2021-01-09T18:12:22.061Z,1,寫心得 好像是一千字,0.0,F,ntnu,https://www.dcard.tw/f/ntnu/p/235144422,dcard,comment,寫心得好像是一千字,"['寫', '心得', '好像', '是', '一千', '字']","['寫', '心得', '好像', '一千', '字']",[],neutral
8,6fe879e5-93ed-4e9f-b16c-dc6a0315f9af,235144422,2021-01-09T18:14:09.077Z,2021-01-09T18:14:09.077Z,2,兩篇500字的科學新知讀後報告,0.0,F,ntnu,https://www.dcard.tw/f/ntnu/p/235144422,dcard,comment,兩篇字的科學新知讀後報告,"['兩', '篇', '字', '的', '科學', '新知', '讀', '後', '報告']","['兩', '篇', '字', '科學', '新知', '讀', '後', '報告']",[],neutral
9,64f77b87-5958-4ba5-a238-eedc9390bc08,235144422,2021-01-10T15:50:39.096Z,2021-01-10T15:50:39.096Z,3,"B1 B2 所以是兩篇嗎QQ 我看老師也都沒有公布(還是是我沒看到R...)

另外這禮拜五要上課嗎👉👈～謝謝兩位",0.0,M,ntnu,https://www.dcard.tw/f/ntnu/p/235144422,dcard,comment,所以是兩篇嗎我看老師也都沒有公布還是是我沒看到另外這禮拜五要上課嗎謝謝兩位,"['所以', '是', '兩', '篇', '嗎', '我', '看', '老師', '也', '都', '沒有', '公布', '還是', '是', '我', '沒', '看到', '另外', '這', '禮拜', '五', '要', '上課', '嗎', '謝謝', '兩', '位']","['兩', '篇', '老師', '公布', '看到', '禮拜', '上課', '謝謝', '兩', '位']",[],negative
10,0b556cfb-ac90-4dc3-aa86-782a914b8c8e,235144422,2021-01-11T04:35:22.292Z,2021-01-11T04:35:22.292Z,4,我有另外去問老師 是兩篇500字心得沒錯,0.0,F,ntnu,https://www.dcard.tw/f/ntnu/p/235144422,dcard,comment,我有另外去問老師是兩篇字心得沒錯,"['我', '有', '另外', '去', '問', '老師', '是', '兩', '篇', '字', '心得', '沒', '錯']","['問', '老師', '兩', '篇', '字', '心得', '錯']",[],neutral
11,b4dfb7bd-2375-4bba-97fe-6837562ea304,235144422,2021-01-11T04:36:34.836Z,2021-01-11T04:36:34.836Z,5,不好意思我那天有事也沒去 想請問一下這禮拜有要考試或上課嗎🙏,0.0,M,ntnu,https://www.dcard.tw/f/ntnu/p/235144422,dcard,comment,不好意思我那天有事也沒去想請問一下這禮拜有要考試或上課嗎,"['不好意思', '我', '那', '天', '有事', '也', '沒', '去', '想', '請問', '一下', '這', '禮拜', '有', '要', '考試', '或', '上課', '嗎']","['不好意思', '天', '有事', '想', '請問', '一下', '禮拜', '考試', '上課']",[],negative
12,a9291b49-8217-45ba-8ff0-50f9c141438c,235144422,2021-01-11T07:58:30.453Z,2021-01-11T07:58:30.453Z,6,沒有喔 老師會開期末線上考,0.0,F,ntnu,https://www.dcard.tw/f/ntnu/p/235144422,dcard,comment,沒有喔老師會開期末線上考,"['沒有', '喔', '老師', '會', '開', '期末', '線上', '考']","['老師', '開', '期末', '線上', '考']",[],negative
13,2bdc4be3-900b-43f7-b9e7-afb4fc79a519,235144422,2021-01-11T08:41:32.459Z,2021-01-11T08:41:32.459Z,7,B6 好的感謝！,0.0,M,ntnu,https://www.dcard.tw/f/ntnu/p/235144422,dcard,comment,好的感謝,"['好', '的', '感謝']","['好', '感謝']",[],positive
14,19cae7fd-3b41-47eb-8570-b71516391ab1,235144422,2021-01-11T11:58:24.961Z,2021-01-11T11:58:24.961Z,8,"B6  老師怎麼不公告再Moodle QQ
 我再問問好了😥",0.0,M,ntnu,https://www.dcard.tw/f/ntnu/p/235144422,dcard,comment,老師怎麼不公告再我再問問好了,"['老師', '怎麼', '不', '公告', '再', '我', '再', '問問', '好了']","['老師', '公告', '再', '再', '問問', '好了']",[],neutral
15,6beade26-4198-47a6-8411-35301789ad7f,235144422,2021-01-11T18:52:25.534Z,2021-01-11T18:52:25.534Z,9,B2 請問科學新知是老師規定的還是是自己自由找來看呢 我看moodle老師沒有放誒⋯,0.0,F,ntnu,https://www.dcard.tw/f/ntnu/p/235144422,dcard,comment,請問科學新知是老師規定的還是是自己自由找來看呢我看老師沒有放誒,"['請問', '科學', '新知', '是', '老師', '規定', '的', '還是', '是', '自己', '自由', '找來', '看', '呢', '我', '看', '老師', '沒有', '放', '誒']","['請問', '科學', '新知', '老師', '規定', '自由', '找來', '老師', '放', '誒']",[],negative
16,bd98e362-ad65-4947-b243-6452dde9575a,235144277,2021-01-09T20:55:41.923Z,2021-01-09T20:55:41.923Z,1,你怎麼知道那件不是他自己買的,2.0,M,ntnu,https://www.dcard.tw/f/ntnu/p/235144277,dcard,comment,你怎麼知道那件不是他自己買的,"['你', '怎麼', '知道', '那', '件', '不', '是', '他', '自己', '買', '的']","['知道', '件', '買']",[],positive
17,f3873787-21e4-44fd-8cf6-16a2dc7e2cc3,235144230,2021-01-10T03:04:49.527Z,2021-01-10T03:04:49.527Z,1,教到第八個 使役助動詞 (講義p.11) 考試就考到這~期末加油~~,1.0,F,ntnu,https://www.dcard.tw/f/ntnu/p/235144230,dcard,comment,教到第八個使役助動詞講義考試就考到這期末加油,"['教到', '第八', '個', '使', '役', '助動詞', '講義', '考試', '就', '考到', '這', '期末', '加油']","['教到', '第八', '使', '役', '助動詞', '講義', '考試', '考到', '期末', '加油']",[],neutral
18,f5efcf03-2d42-409f-b3e1-27442c25a532,235144230,2021-01-10T04:39:44.058Z,2021-01-10T04:39:44.058Z,2,B1 好的謝謝妳！也祝你期末歐趴,0.0,F,ntnu,https://www.dcard.tw/f/ntnu/p/235144230,dcard,comment,好的謝謝妳也祝你期末歐趴,"['好', '的', '謝謝', '妳', '也', '祝', '你', '期末', '歐', '趴']","['好', '謝謝', '妳', '祝', '期末', '歐', '趴']",[],positive
19,7c658072-0fbc-4acb-87d1-50db1b6bba6d,235144230,2021-01-11T11:56:05.345Z,2021-01-11T11:56:05.345Z,3,告訴你別上林賢參的 其他都好,0.0,M,ntnu,https://www.dcard.tw/f/ntnu/p/235144230,dcard,comment,告訴你別上林賢參的其他都好,"['告訴', '你', '別上', '林賢參', '的', '其他', '都', '好']","['告訴', '別上', '林賢參', '好']",[],neutral
20,0bccfe39-0cc8-4c1d-93c0-59f6a8a7c77f,235144230,2021-01-11T16:58:38.456Z,2021-01-11T16:58:38.456Z,4,b3 想知道為什麼？,0.0,F,ntnu,https://www.dcard.tw/f/ntnu/p/235144230,dcard,comment,想知道為什麼,"['想', '知道', '為什麼']","['想', '知道']",[],positive
21,80e0324c-368b-41b1-a688-c7df4735ca4d,235143713,2021-01-09T16:00:33.275Z,2021-01-09T16:00:33.275Z,1,歐陽娜娜為了兩岸交流，做出很多貢獻，她比萬芳，陳淑樺，葉歡，方季惟還更偉大！,1.0,M,ntnu,https://www.dcard.tw/f/ntnu/p/235143713,dcard,comment,歐陽娜娜為了兩岸交流做出很多貢獻她比萬芳陳淑樺葉歡方季惟還更偉大,"['歐陽', '娜娜', '為了', '兩岸', '交流', '做出', '很多', '貢獻', '她', '比', '萬芳', '陳淑樺', '葉歡', '方季惟', '還', '更', '偉大']","['歐陽', '娜娜', '兩岸', '交流', '做出', '貢獻', '萬芳', '陳淑樺', '葉歡', '方季惟', '偉大']",[],positive
22,4ec0ab85-4d30-4a60-836a-6b3ad0682d42,235143713,2021-01-09T16:08:30.414Z,2021-01-09T16:08:30.414Z,2,"覺得她長得蠻漂亮的
別在這邊釣魚啊原po
( ･᷄ὢ･᷅ )",1.0,F,ntnu,https://www.dcard.tw/f/ntnu/p/235143713,dcard,comment,覺得她長得蠻漂亮的別在這邊釣魚啊原,"['覺得', '她', '長', '得', '蠻', '漂亮', '的', '別', '在', '這邊', '釣魚', '啊', '原']","['覺得', '長', '漂亮', '釣魚', '原']",[],positive
23,980be0b2-b18e-4112-a2e8-3662695f6f01,235143713,2021-01-09T16:10:33.104Z,2021-01-09T16:10:33.104Z,3,🇨🇳,10.0,M,ntnu,https://www.dcard.tw/f/ntnu/p/235143713,dcard,comment,,,[],[],neutral
24,83cdc37a-5efa-496e-95ad-fc00eb86549e,235143713,2021-01-09T17:07:06.438Z,2021-01-09T17:07:06.438Z,4,天使,1.0,M,ntnu,https://www.dcard.tw/f/ntnu/p/235143713,dcard,comment,天使,['天使'],['天使'],[],positive
25,762751cc-77b2-4e9b-8229-5d6ecb60bdae,235143713,2021-01-10T01:27:16.703Z,2021-01-10T01:27:31.298Z,5,竟然有人喜歡歐陽支娜  真可撥,22.0,M,ntnu,https://www.dcard.tw/f/ntnu/p/235143713,dcard,comment,竟然有人喜歡歐陽支娜真可撥,"['竟然', '有', '人', '喜歡', '歐陽', '支娜', '真', '可', '撥']","['人', '喜歡', '歐陽', '支娜', '真', '撥']",[],negative
26,cd386d67-f66c-45c6-a683-d023f6b7a4d4,235143713,2021-01-10T01:56:31.236Z,2021-01-10T01:56:31.236Z,6,祖國的形狀吧，為了舔祖國早就不知給黨潛了幾次,9.0,M,ntnu,https://www.dcard.tw/f/ntnu/p/235143713,dcard,comment,祖國的形狀吧為了舔祖國早就不知給黨潛了幾次,"['祖國', '的', '形狀', '吧', '為了', '舔', '祖國', '早', '就', '不', '知', '給', '黨', '潛', '了', '幾', '次']","['祖國', '形狀', '舔', '祖國', '早', '知', '黨', '潛', '次']",[],neutral
27,3972d607-3718-41a5-9496-dd901b96f83c,235143713,2021-01-10T13:08:02.761Z,2021-01-10T13:08:02.761Z,7,她最近腫的我快認不出..,1.0,F,ntnu,https://www.dcard.tw/f/ntnu/p/235143713,dcard,comment,她最近腫的我快認不出,"['她', '最近', '腫', '的', '我', '快', '認', '不', '出']","['最近', '腫', '認']",[],neutral
28,134d0916-533d-4696-a3bd-dc8fdc891970,235143713,2021-01-10T13:22:10.527Z,2021-01-10T13:22:10.527Z,8,https://www.dcard.tw/f/trending/p/235147056?cid=61eb9bb4-4e0e-4326-95ac-0bc599792f84,2.0,M,ntnu,https://www.dcard.tw/f/ntnu/p/235143713,dcard,comment,,,[],[],neutral
29,c28856b1-e6a4-4946-974a-8b793dfee1e4,235143713,2021-01-11T11:59:53.128Z,2021-01-11T11:59:53.128Z,9,7414,1.0,M,ntnu,https://www.dcard.tw/f/ntnu/p/235143713,dcard,comment,,,[],[],neutral
30,222bca89-7931-46e4-94a1-5564bdcf6136,235142878,2021-01-09T12:59:53.197Z,2021-01-09T12:59:53.197Z,1,閉嘴啦吳書丞,3.0,M,ntnu,https://www.dcard.tw/f/ntnu/p/235142878,dcard,comment,閉嘴啦吳書丞,"['閉嘴', '啦', '吳書', '丞']","['閉嘴', '吳書', '丞']",[],neutral
31,b7b06077-5067-481a-9b88-9c3b37a8406a,235142878,2021-01-09T13:00:25.421Z,2021-01-09T13:00:25.421Z,2,B1 不好意思，我並不是數學哥，別誤會,0.0,M,ntnu,https://www.dcard.tw/f/ntnu/p/235142878,dcard,comment,不好意思我並不是數學哥別誤會,"['不好意思', '我', '並', '不', '是', '數學', '哥', '別', '誤會']","['不好意思', '數學', '哥', '誤會']",[],negative
32,e1d1e4d2-d766-4587-926d-329f02b95813,235142878,2021-01-09T14:45:23.772Z,2021-01-09T14:45:23.772Z,3,https://i.imgur.com/nMrXhmQ.jpg,0.0,M,ntnu,https://www.dcard.tw/f/ntnu/p/235142878,dcard,comment,,,[],[],neutral
33,a1842170-6585-4821-895e-365ad0a7f216,235142878,2021-01-09T16:12:19.368Z,2021-01-09T16:12:19.368Z,4,https://i.imgur.com/xSXwr07.jpg,1.0,M,ntnu,https://www.dcard.tw/f/ntnu/p/235142878,dcard,comment,,,[],[],neutral
34,be603310-0a6d-4a0c-a591-ddf63df61ca5,235142878,2021-01-09T16:22:06.148Z,2021-01-09T16:22:06.148Z,5,"丞丞乖
趕快去讀期末考",0.0,M,ntnu,https://www.dcard.tw/f/ntnu/p/235142878,dcard,comment,丞丞乖趕快去讀期末考,"['丞丞乖', '趕快', '去', '讀', '期末考']","['丞丞乖', '讀', '期末考']",[],neutral
35,ee151fab-8242-4c98-a9ab-8af461a7a911,235142878,2021-01-09T16:40:46.133Z,2021-01-09T16:40:46.133Z,6,B5 我說過，我不是數學哥,0.0,M,ntnu,https://www.dcard.tw/f/ntnu/p/235142878,dcard,comment,我說過我不是數學哥,"['我', '說', '過', '我', '不', '是', '數學', '哥']","['說', '數學', '哥']",[],neutral
36,4245c9eb-d184-492c-af8a-0a78e4ca5d92,235142878,2021-01-09T17:24:29.373Z,2021-01-09T17:24:29.373Z,7,我驚呆了,0.0,M,ntnu,https://www.dcard.tw/f/ntnu/p/235142878,dcard,comment,我驚呆了,"['我', '驚呆', '了']",['驚呆'],[],negative
37,f43b49dc-c3d6-4792-aef9-20ae5ee4bcf5,235142878,2021-01-09T19:27:39.866Z,2021-01-09T19:27:39.866Z,8,支持🤙🤙🤙🤙,0.0,M,ntnu,https://www.dcard.tw/f/ntnu/p/235142878,dcard,comment,支持,['支持'],['支持'],[],neutral
38,9f47f75f-0766-4e8c-aa43-a409458d0aa5,235142878,2021-01-11T19:22:56.452Z,2021-01-11T19:22:56.452Z,9,強烈支持反正我沒住那,1.0,M,ntnu,https://www.dcard.tw/f/ntnu/p/235142878,dcard,comment,強烈支持反正我沒住那,"['強烈', '支持', '反正', '我', '沒', '住', '那']","['強烈', '支持', '反正', '住']",[],negative
39,d7c9b48d-9eba-4508-a28d-44fce338d6c7,235138937,2021-01-08T16:40:35.462Z,2021-01-08T16:40:35.462Z,1,"寒流來襲剛好，剛好可以洗冷水澡
不要洗就拉倒，睡覺之前
不要熱水泡泡，反正學七就是沒有人要
.....
咩噗@@",5.0,M,ntnu,https://www.dcard.tw/f/ntnu/p/235138937,dcard,comment,寒流來襲剛好剛好可以洗冷水澡不要洗就拉倒睡覺之前不要熱水泡泡反正學七就是沒有人要咩噗,"['寒流', '來襲', '剛好', '剛好', '可以', '洗', '冷水澡', '不要', '洗', '就', '拉倒', '睡覺', '之前', '不要', '熱水', '泡泡', '反正', '學七', '就是', '沒有', '人', '要', '咩', '噗']","['寒流', '來襲', '洗', '冷水澡', '洗', '拉倒', '睡覺', '之前', '熱水', '泡泡', '反正', '學七', '人', '咩', '噗']",[],negative
40,07b7b7a6-57f2-4b50-ae80-45dae9d9f909,235138937,2021-01-08T16:47:18.122Z,2021-01-08T16:47:18.122Z,2,那就不要住宿,4.0,M,ntnu,https://www.dcard.tw/f/ntnu/p/235138937,dcard,comment,那就不要住宿,"['那', '就', '不要', '住宿']",['住宿'],[],negative
41,31442ceb-2716-44d2-b7de-bc8152387933,235138937,2021-01-08T16:56:05.604Z,2021-01-08T16:56:12.550Z,3,為啥要半夜洗澡？,1.0,M,ntnu,https://www.dcard.tw/f/ntnu/p/235138937,dcard,comment,為啥要半夜洗澡,"['為啥', '要', '半夜', '洗澡']","['為啥', '半夜', '洗澡']",[],neutral
42,0707b653-4913-40e9-b608-3c1df93d07a2,235138937,2021-01-08T17:03:26.521Z,2021-01-08T17:03:26.521Z,4,"B2 
不用這樣嘴，我們住宿你有什麼問題嗎！
況且也是有繳錢，你有什麼問題嗎！",19.0,M,ntnu,https://www.dcard.tw/f/ntnu/p/235138937,dcard,comment,不用這樣嘴我們住宿你有什麼問題嗎況且也是有繳錢你有什麼問題嗎,"['不用', '這樣', '嘴', '我們', '住宿', '你', '有', '什麼', '問題', '嗎', '況且', '也', '是', '有', '繳', '錢', '你', '有', '什麼', '問題', '嗎']","['不用', '嘴', '住宿', '問題', '繳', '錢', '問題']",[],negative
43,29e9339d-8388-4aff-9261-d0375284ba5f,235138937,2021-01-08T17:05:11.980Z,2021-01-08T17:07:46.284Z,5,住宿造成校方不便，應該拆除學七舍，然後要住宿生去流浪到北車住才對,1.0,M,ntnu,https://www.dcard.tw/f/ntnu/p/235138937,dcard,comment,住宿造成校方不便應該拆除學七舍然後要住宿生去流浪到北車住才對,"['住宿', '造成', '校方', '不便', '應該', '拆除', '學七舍', '然後', '要', '住宿生', '去', '流浪', '到', '北', '車住', '才', '對']","['住宿', '造成', '校方', '不便', '應該', '拆除', '學七舍', '住宿生', '流浪', '北', '車住']",[],negative
44,183ca37b-9383-4c26-b8d1-4f972420744c,235138937,2021-01-08T17:07:02.035Z,2021-01-08T17:07:02.035Z,6,"B3 
你的問題也是很哈囉！？
宿舍白紙黑字承諾24小時熱水，我洗澡跟我什麼時候洗澡有什麼衝突嗎！",24.0,M,ntnu,https://www.dcard.tw/f/ntnu/p/235138937,dcard,comment,你的問題也是很哈囉宿舍白紙黑字承諾小時熱水我洗澡跟我什麼時候洗澡有什麼衝突嗎,"['你', '的', '問題', '也', '是', '很', '哈囉', '宿舍', '白紙', '黑字', '承諾', '小時', '熱水', '我', '洗澡', '跟', '我', '什麼', '時候', '洗澡', '有', '什麼', '衝突', '嗎']","['問題', '哈囉', '宿舍', '白紙', '黑字', '承諾', '小時', '熱水', '洗澡', '洗澡', '衝突']",[],negative
45,25f579c7-3b40-4fbd-9fcd-a0b28644b5e3,235138937,2021-01-08T17:08:22.303Z,2021-01-08T17:08:22.303Z,7,那去跟學校繼續說啊在這邊有個屁用啊,1.0,M,ntnu,https://www.dcard.tw/f/ntnu/p/235138937,dcard,comment,那去跟學校繼續說啊在這邊有個屁用啊,"['那', '去', '跟', '學校', '繼續', '說', '啊', '在', '這邊', '有', '個', '屁用', '啊']","['學校', '繼續', '說', '屁用']",[],negative
46,76c70ee2-db8c-477a-b91d-555d5845ecbe,235138937,2021-01-08T17:09:37.059Z,2021-01-08T17:10:08.241Z,8,B7 感謝您的關心，已跟學校反應，您也可以不必浪費您的寶貴時間在這邊打字,7.0,M,ntnu,https://www.dcard.tw/f/ntnu/p/235138937,dcard,comment,感謝您的關心已跟學校反應您也可以不必浪費您的寶貴時間在這邊打字,"['感謝', '您', '的', '關心', '已', '跟', '學校', '反應', '您', '也', '可以', '不必', '浪費', '您', '的', '寶貴', '時間', '在', '這邊', '打字']","['感謝', '關心', '已', '學校', '反應', '浪費', '寶貴', '時間', '打字']",[],positive
47,c8eac738-dd45-4a81-bf82-3dddb336be66,235138937,2021-01-08T17:10:27.810Z,2021-01-08T17:10:27.810Z,9,"B5 對啊最好也把你退學，要不要一起在北車開流浪同學會，我相信我能請你吃麥當勞蛋捲冰淇淋，看能不能把你的喙凍一下，或是給你18元你自己去買，再用你被退學的數學下肄業證書去跟店員吵冰淇淋沒有轉三圈半
酸民退散！",4.0,M,ntnu,https://www.dcard.tw/f/ntnu/p/235138937,dcard,comment,對啊最好也把你退學要不要一起在北車開流浪同學會我相信我能請你吃麥當勞蛋捲冰淇淋看能不能把你的喙凍一下或是給你元你自己去買再用你被退學的數學下肄業證書去跟店員吵冰淇淋沒有轉三圈半酸民退散,"['對', '啊', '最好', '也', '把', '你', '退學', '要不要', '一起', '在', '北', '車', '開', '流浪', '同學會', '我', '相信', '我', '能', '請', '你', '吃', '麥當勞', '蛋捲', '冰淇淋', '看', '能不能', '把', '你', '的', '喙凍', '一下', '或是', '給', '你', '元', '你', '自己', '去', '買', '再', '用', '你', '被', '退學', '的', '數學', '下', '肄業', '證書', '去', '跟', '店員', '吵', '冰淇淋', '沒有', '轉', '三', '圈', '半', '酸民退', '散']","['最好', '退學', '要不要', '一起', '北', '車', '開', '流浪', '同學會', '相信', '請', '吃', '麥當勞', '蛋捲', '冰淇淋', '能不能', '喙凍', '一下', '元', '買', '再', '退學', '數學', '下', '肄業', '證書', '店員', '吵', '冰淇淋', '轉', '圈', '酸民退', '散']",[],negative
48,44d9e0be-e193-410c-afa0-ed7716571cfa,235138937,2021-01-08T17:12:50.124Z,2021-01-08T17:12:50.124Z,10,當兵也要洗冷水澡啊，就先提早適應會怎樣,2.0,M,ntnu,https://www.dcard.tw/f/ntnu/p/235138937,dcard,comment,當兵也要洗冷水澡啊就先提早適應會怎樣,"['當兵', '也', '要', '洗', '冷水澡', '啊', '就', '先', '提早', '適應', '會', '怎樣']","['當兵', '洗', '冷水澡', '先', '提早', '適應']",[],negative
49,38484083-8340-47fe-aecb-e3de1175dbcc,235138937,2021-01-08T17:13:46.206Z,2021-01-08T17:13:46.206Z,11,"可能是因為猴子也想要泡溫泉吧？
B10",1.0,M,ntnu,https://www.dcard.tw/f/ntnu/p/235138937,dcard,comment,可能是因為猴子也想要泡溫泉吧,"['可能', '是', '因為', '猴子', '也', '想要', '泡', '溫泉', '吧']","['猴子', '想要', '泡', '溫泉']",[],neutral
50,e7810a87-45dd-49db-bb0b-84c5dc02ef25,235138937,2021-01-08T17:15:13.982Z,2021-01-08T17:15:13.982Z,12,"B10 
我當兵過了，我們四個月少爺兵在工兵訓練中心每天有40-50分鐘洗澡，保證有熱水，還有自願役二兵顧熱水
你是什麼年代當兵還洗冷水？",4.0,M,ntnu,https://www.dcard.tw/f/ntnu/p/235138937,dcard,comment,我當兵過了我們四個月少爺兵在工兵訓練中心每天有分鐘洗澡保證有熱水還有自願役二兵顧熱水你是什麼年代當兵還洗冷水,"['我', '當兵', '過', '了', '我們', '四', '個', '月', '少爺兵', '在', '工兵', '訓練', '中心', '每', '天', '有', '分鐘', '洗澡', '保證', '有', '熱水', '還', '有', '自願', '役', '二', '兵顧', '熱水', '你', '是', '什麼', '年代', '當兵', '還', '洗', '冷水']","['當兵', '月', '少爺兵', '工兵', '訓練', '中心', '天', '分鐘', '洗澡', '保證', '熱水', '自願', '役', '兵顧', '熱水', '年代', '當兵', '洗', '冷水']",[],positive
51,a1ddd55b-0945-4480-b2d9-8eca616568b1,235138937,2021-01-08T17:15:51.633Z,2021-01-08T17:15:51.633Z,13,B12 鄧麗君還活著的時候,1.0,M,ntnu,https://www.dcard.tw/f/ntnu/p/235138937,dcard,comment,鄧麗君還活著的時候,"['鄧麗君', '還', '活', '著', '的', '時候']",['鄧麗君'],[],neutral
52,eaa75fcf-4917-4eec-85a2-689bb50c963a,235138937,2021-01-08T17:17:41.538Z,2021-01-08T17:17:41.538Z,14,"B12 
這個年代的兵真的不要拿出來說嘴
軟爛成這樣卻洋洋得意真的好笑",1.0,M,ntnu,https://www.dcard.tw/f/ntnu/p/235138937,dcard,comment,這個年代的兵真的不要拿出來說嘴軟爛成這樣卻洋洋得意真的好笑,"['這', '個', '年代', '的', '兵', '真的', '不要', '拿出來', '說嘴', '軟', '爛成', '這樣', '卻', '洋洋得意', '真的', '好笑']","['年代', '兵', '真的', '拿出來', '說嘴', '軟', '爛成', '卻', '洋洋得意', '真的', '好笑']",[],negative
53,846e1a6b-3bae-4efd-afd7-576074ca224f,235138937,2021-01-08T17:19:29.241Z,2021-01-08T17:19:29.241Z,15,這標題也下的不對啊，應該說過了某一特定時候就沒熱水了吧，不然還以為住學七連熱水都沒有,0.0,M,ntnu,https://www.dcard.tw/f/ntnu/p/235138937,dcard,comment,這標題也下的不對啊應該說過了某一特定時候就沒熱水了吧不然還以為住學七連熱水都沒有,"['這', '標題', '也', '下', '的', '不', '對', '啊', '應該', '說', '過', '了', '某', '一', '特定', '時候', '就', '沒', '熱水', '了', '吧', '不然', '還', '以為', '住', '學', '七', '連', '熱水', '都', '沒有']","['標題', '下', '應該', '說', '特定', '熱水', '以為', '住', '學', '熱水']",[],negative
54,227c1fed-fe98-4f5e-b0ac-f1a9ceefe63c,235138937,2021-01-08T17:21:07.470Z,2021-01-08T17:21:07.470Z,16,沒熱水是不會把浴缸拆了，拿去飲水機裝熱水嗎？,0.0,M,ntnu,https://www.dcard.tw/f/ntnu/p/235138937,dcard,comment,沒熱水是不會把浴缸拆了拿去飲水機裝熱水嗎,"['沒', '熱水', '是', '不會', '把', '浴缸', '拆', '了', '拿去', '飲水機', '裝', '熱水', '嗎']","['熱水', '浴缸', '拆', '拿去', '飲水機', '裝', '熱水']",[],negative
55,9799509e-acf0-48a5-9daf-8c21bbeae3b0,235138937,2021-01-08T17:27:49.318Z,2021-01-08T17:27:49.318Z,17,"B14 可憐啊 當兵改善環境也要被你講成軟爛
你阿公要是知道你講這番話大概會爬起來打爛你的嘴吧🙃",7.0,M,ntnu,https://www.dcard.tw/f/ntnu/p/235138937,dcard,comment,可憐啊當兵改善環境也要被你講成軟爛你阿公要是知道你講這番話大概會爬起來打爛你的嘴吧,"['可憐', '啊', '當兵', '改善', '環境', '也', '要', '被', '你', '講成', '軟', '爛', '你', '阿公', '要是', '知道', '你', '講', '這', '番', '話', '大概', '會', '爬起來', '打爛', '你', '的', '嘴', '吧']","['可憐', '當兵', '改善', '環境', '講成', '軟', '爛', '阿公', '知道', '講', '番', '話', '爬起來', '打爛', '嘴']",[],negative
56,748c80d6-3b8c-469f-b3b9-8e592b1ef65e,235138937,2021-01-08T17:44:03.555Z,2021-01-08T17:44:03.555Z,18,"熱水居然也能引起內部分裂
恐怖喔恐怖",2.0,M,ntnu,https://www.dcard.tw/f/ntnu/p/235138937,dcard,comment,熱水居然也能引起內部分裂恐怖喔恐怖,"['熱水', '居然', '也', '能', '引起', '內部', '分裂', '恐怖', '喔', '恐怖']","['熱水', '引起', '內部', '分裂', '恐怖', '恐怖']",[],negative
57,8e558cf7-0eb4-47f7-a321-c3008509560a,235138937,2021-01-08T18:54:25.349Z,2021-01-08T18:54:25.349Z,19,學店給你地方住已經很佛心了，你要懂得感謝，還要熱水？自己去外面住比較快,1.0,M,ntnu,https://www.dcard.tw/f/ntnu/p/235138937,dcard,comment,學店給你地方住已經很佛心了你要懂得感謝還要熱水自己去外面住比較快,"['學店', '給', '你', '地方', '住', '已經', '很', '佛心', '了', '你', '要', '懂得', '感謝', '還要', '熱水', '自己', '去', '外面', '住', '比較', '快']","['學店', '地方', '住', '已經', '佛心', '懂得', '感謝', '還要', '熱水', '外面', '住', '比較']",[],positive
58,b6717955-357d-45c7-a39b-9fed4342caa8,235138937,2021-01-08T18:55:29.507Z,2021-01-08T18:55:29.507Z,20,當兵你哪梯可以洗到40-50分的澡？過太爽？,1.0,M,ntnu,https://www.dcard.tw/f/ntnu/p/235138937,dcard,comment,當兵你哪梯可以洗到分的澡過太爽,"['當兵', '你', '哪', '梯', '可以', '洗到', '分', '的', '澡', '過', '太', '爽']","['當兵', '梯', '洗到', '分', '澡', '太', '爽']",[],neutral
59,c5052c72-6c61-4dc0-ba40-1b5a9206e1d4,235138937,2021-01-09T02:03:46.733Z,2021-01-09T02:03:46.733Z,21,"各位抱歉 書丞又來亂了
很明顯 B16 他沒有住宿舍 不知道沒有浴缸
可能也沒進過宿舍吧 沒朋友",6.0,M,ntnu,https://www.dcard.tw/f/ntnu/p/235138937,dcard,comment,各位抱歉書丞又來亂了很明顯他沒有住宿舍不知道沒有浴缸可能也沒進過宿舍吧沒朋友,"['各位', '抱歉', '書', '丞', '又', '來', '亂', '了', '很', '明顯', '他', '沒有', '住', '宿舍', '不', '知道', '沒有', '浴缸', '可能', '也', '沒', '進', '過', '宿舍', '吧', '沒', '朋友']","['抱歉', '書', '丞', '亂', '明顯', '住', '宿舍', '知道', '浴缸', '進', '宿舍', '朋友']",[],negative
60,91705da9-2e5a-41f8-97fa-f7211a098cc9,235138937,2021-01-09T03:43:48.234Z,2021-01-09T03:46:17.303Z,22,"那個數學系的明顯就是數學哥吧
既然學生有義務遵守宿舍的規定
那校方也有義務要履行宿舍提供的內容
24小時熱水就是應該24小時要有熱水 是有什麼問題？
我們付錢的欸
不然我把女友帶進宿舍打炮是有什麼問題？",2.0,M,ntnu,https://www.dcard.tw/f/ntnu/p/235138937,dcard,comment,那個數學系的明顯就是數學哥吧既然學生有義務遵守宿舍的規定那校方也有義務要履行宿舍提供的內容小時熱水就是應該小時要有熱水是有什麼問題我們付錢的欸不然我把女友帶進宿舍打炮是有什麼問題,"['那', '個', '數學系', '的', '明顯', '就是', '數學', '哥', '吧', '既然', '學生', '有', '義務', '遵守', '宿舍', '的', '規定', '那', '校方', '也', '有', '義務', '要', '履行', '宿舍', '提供', '的', '內容', '小時', '熱水', '就是', '應該', '小時', '要', '有', '熱水', '是', '有', '什麼', '問題', '我們', '付錢', '的', '欸', '不然', '我', '把', '女友', '帶進', '宿舍', '打炮', '是', '有', '什麼', '問題']","['數學系', '明顯', '數學', '哥', '學生', '義務', '遵守', '宿舍', '規定', '校方', '義務', '履行', '宿舍', '提供', '內容', '小時', '熱水', '應該', '小時', '熱水', '問題', '付錢', '欸', '女友', '帶進', '宿舍', '打炮', '問題']",[],positive
61,b8df3bd1-6732-4aeb-87d4-0f9d3bf97567,235138937,2021-01-09T03:46:18.823Z,2021-01-09T03:46:18.823Z,23,b21 b22 不好意思，我並不是數學哥，我也不認識數學哥，更不知道數學哥是誰，我只是說我想說的話,0.0,M,ntnu,https://www.dcard.tw/f/ntnu/p/235138937,dcard,comment,不好意思我並不是數學哥我也不認識數學哥更不知道數學哥是誰我只是說我想說的話,"['不好意思', '我', '並', '不', '是', '數學哥', '我', '也', '不', '認識', '數學哥', '更', '不', '知道', '數學哥', '是', '誰', '我', '只是', '說', '我', '想', '說', '的', '話']","['不好意思', '數學哥', '認識', '數學哥', '知道', '數學哥', '說', '想', '說', '話']",[],negative
62,03c10e41-cf08-43f9-9a0e-1830247ad1b3,235138937,2021-01-09T03:49:01.903Z,2021-01-09T03:49:01.903Z,24,B10 我哥說有熱水好嗎…他現在正在當兵中,0.0,F,ntnu,https://www.dcard.tw/f/ntnu/p/235138937,dcard,comment,我哥說有熱水好嗎他現在正在當兵中,"['我', '哥', '說', '有', '熱水', '好', '嗎', '他', '現在', '正在', '當兵', '中']","['哥', '說', '熱水', '好', '現在', '正在', '當兵', '中']",[],neutral
63,d3987fbb-c0ee-4673-a675-a995a62a4b25,235138937,2021-01-09T03:49:26.391Z,2021-01-09T03:49:26.391Z,25,"B23 
反正我該說的都說了 我不懂到這個年紀了
為什麼還得要什麼都無條件隱忍
你可以不代表所有人都行",0.0,M,ntnu,https://www.dcard.tw/f/ntnu/p/235138937,dcard,comment,反正我該說的都說了我不懂到這個年紀了為什麼還得要什麼都無條件隱忍你可以不代表所有人都行,"['反正', '我', '該', '說', '的', '都', '說', '了', '我', '不', '懂', '到', '這', '個', '年紀', '了', '為什麼', '還', '得', '要', '什麼', '都', '無條件', '隱忍', '你', '可以', '不', '代表', '所有人', '都', '行']","['反正', '說', '說', '懂', '年紀', '無條件', '隱忍', '代表', '所有人', '行']",[],neutral
64,1820b1da-431c-4451-a774-593b142df6ca,235138937,2021-01-09T04:04:00.861Z,2021-01-09T04:04:00.861Z,26,"再上新聞一次，同時附上舊聞和同學們的反應~~~
看看教育局和校務會議會有何做為~~
我覺得…當事情不會燒到他/她自己的KPI時，他們就會選擇裝死~~反正又不是我洗不到熱水😏😏",2.0,M,ntnu,https://www.dcard.tw/f/ntnu/p/235138937,dcard,comment,再上新聞一次同時附上舊聞和同學們的反應看看教育局和校務會議會有何做為我覺得當事情不會燒到他她自己的時他們就會選擇裝死反正又不是我洗不到熱水,"['再', '上', '新聞', '一', '次', '同時', '附上', '舊聞', '和', '同學們', '的', '反應', '看看', '教育局', '和', '校務', '會議', '會', '有', '何', '做為', '我', '覺得', '當', '事情', '不會', '燒到', '他', '她', '自己', '的', '時', '他們', '就', '會', '選擇', '裝', '死', '反正', '又', '不', '是', '我', '洗', '不', '到', '熱水']","['再', '新聞', '次', '附上', '舊聞', '同學們', '反應', '看看', '教育局', '校務', '會議', '做為', '覺得', '事情', '燒到', '時', '選擇', '裝', '死', '反正', '洗', '熱水']",[],negative
65,af8564bd-e717-4fab-a2bd-2533290e93be,235138937,2021-01-09T06:50:58.400Z,2021-01-09T06:50:58.400Z,27,"為什麼學七還會有沒有熱水的問題啊. .不是每個房間都有一個自己的熱水器嗎...？
(抱歉我是學一仔，沒住過學七QQ)",0.0,M,ntnu,https://www.dcard.tw/f/ntnu/p/235138937,dcard,comment,為什麼學七還會有沒有熱水的問題啊不是每個房間都有一個自己的熱水器嗎抱歉我是學一仔沒住過學七,"['為什麼', '學七', '還', '會', '有沒有', '熱水', '的', '問題', '啊', '不', '是', '每', '個', '房間', '都', '有', '一', '個', '自己', '的', '熱水器', '嗎', '抱歉', '我', '是', '學', '一', '仔', '沒', '住', '過', '學七']","['學七', '有沒有', '熱水', '問題', '房間', '熱水器', '抱歉', '學', '仔', '住', '學七']",[],negative
66,aea1453f-58ef-4870-92f9-511d4d46b03d,235138937,2021-01-09T08:02:08.739Z,2021-01-09T08:03:21.931Z,28,"B27
學七每個房間有熱水器是大約10年前的事了
後來換熱泵整棟一起加熱供應熱水
學校就把學七所有房間的熱水器都拆了",0.0,M,ntnu,https://www.dcard.tw/f/ntnu/p/235138937,dcard,comment,學七每個房間有熱水器是大約年前的事了後來換熱泵整棟一起加熱供應熱水學校就把學七所有房間的熱水器都拆了,"['學七', '每', '個', '房間', '有', '熱水器', '是', '大約', '年前', '的', '事', '了', '後來', '換熱泵', '整', '棟', '一起', '加熱', '供應', '熱水', '學校', '就', '把', '學七', '所有', '房間', '的', '熱水器', '都', '拆', '了']","['學七', '房間', '熱水器', '年前', '事', '換熱泵', '整', '棟', '一起', '加熱', '供應', '熱水', '學校', '學七', '所有', '房間', '熱水器', '拆']",[],neutral
67,abd286c8-5a31-4af0-8138-16ac9a66b478,235138937,2021-01-09T09:04:02.623Z,2021-01-09T09:04:02.623Z,29,書丞現在會裝死隱藏系所發言了欸,1.0,M,ntnu,https://www.dcard.tw/f/ntnu/p/235138937,dcard,comment,書丞現在會裝死隱藏系所發言了欸,"['書', '丞', '現在', '會', '裝死', '隱藏', '系所', '發言', '了', '欸']","['書', '丞', '現在', '裝死', '隱藏', '系所', '發言', '欸']",[],negative
68,281eedf2-b0f6-4e53-ba75-06edbd36a7e7,235138937,2021-01-09T10:30:51.522Z,2021-01-09T10:30:51.522Z,30,B29 我覺得那個不是書丞,0.0,M,ntnu,https://www.dcard.tw/f/ntnu/p/235138937,dcard,comment,我覺得那個不是書丞,"['我', '覺得', '那', '個', '不', '是', '書', '丞']","['覺得', '書', '丞']",[],neutral
69,dd89be42-fc44-4340-9c92-27cec3efaef9,235138937,2021-01-09T11:23:10.441Z,2021-01-09T11:23:10.441Z,31,"不知道這樣能不能安慰到你
就是女一分的水現在是咖啡色的
也沒什麼啦 就施大嘛；）",6.0,F,ntnu,https://www.dcard.tw/f/ntnu/p/235138937,dcard,comment,不知道這樣能不能安慰到你就是女一分的水現在是咖啡色的也沒什麼啦就施大嘛,"['不', '知道', '這樣', '能不能', '安慰', '到', '你', '就是', '女', '一', '分', '的', '水', '現在', '是', '咖啡色', '的', '也', '沒', '什麼', '啦', '就', '施', '大', '嘛']","['知道', '能不能', '安慰', '女', '分', '水', '現在', '咖啡色', '施']",[],positive
70,2ca84d84-51d0-4508-b010-c06d9cba4341,235138937,2021-01-09T12:00:37.754Z,2021-01-09T12:00:37.754Z,32,B2 這種發言其實還蠻垃圾的,1.0,M,ntnu,https://www.dcard.tw/f/ntnu/p/235138937,dcard,comment,這種發言其實還蠻垃圾的,"['這', '種', '發言', '其實', '還', '蠻', '垃圾', '的']","['種', '發言', '垃圾']",[],negative
71,01be4400-6cbc-413a-932f-f17af360a18b,235138937,2021-01-09T13:22:02.203Z,2021-01-09T13:22:02.203Z,33,B31 還有紅色呢,1.0,F,ntnu,https://www.dcard.tw/f/ntnu/p/235138937,dcard,comment,還有紅色呢,"['還', '有', '紅色', '呢']",['紅色'],[],neutral
72,6317dcc0-d3d9-495b-9fe9-eaa922126075,235138937,2021-01-09T15:56:37.884Z,2021-01-09T15:56:37.884Z,34,男一熱水早些時間是棕紅色的，都不知道是不是藍可兒案再現,1.0,M,ntnu,https://www.dcard.tw/f/ntnu/p/235138937,dcard,comment,男一熱水早些時間是棕紅色的都不知道是不是藍可兒案再現,"['男', '一', '熱水', '早些', '時間', '是', '棕', '紅色', '的', '都', '不', '知道', '是', '不', '是', '藍可兒', '案', '再現']","['男', '熱水', '早些', '時間', '棕', '紅色', '知道', '藍可兒', '案', '再現']",[],positive
73,99c1a7a7-5fb9-4a3a-a1b6-4cd4c0eef109,235138937,2021-01-10T00:02:13.660Z,2021-01-10T00:02:13.660Z,35,紅棕色或咖啡色，單純是水管內生鏽，流出繡水ㄅ,0.0,M,ntnu,https://www.dcard.tw/f/ntnu/p/235138937,dcard,comment,紅棕色或咖啡色單純是水管內生鏽流出繡水,"['紅棕色', '或', '咖啡色', '單純', '是', '水管', '內', '生鏽', '流出', '繡', '水']","['紅棕色', '咖啡色', '水管', '生鏽', '流出', '繡', '水']",[],negative
74,f9fedd76-b5a2-4209-9654-b0a1a049f869,235138937,2021-01-10T01:55:06.441Z,2021-01-10T01:55:06.441Z,36,哪個沒當過兵的菜雞看到哪個營區現在洗澡沒熱水啊？,0.0,M,ntnu,https://www.dcard.tw/f/ntnu/p/235138937,dcard,comment,哪個沒當過兵的菜雞看到哪個營區現在洗澡沒熱水啊,"['哪', '個', '沒', '當', '過', '兵', '的', '菜雞', '看到', '哪', '個', '營區', '現在', '洗澡', '沒', '熱水', '啊']","['兵', '菜雞', '看到', '營區', '現在', '洗澡', '熱水']",[],neutral
75,8c00f9f3-c2af-4df9-8f2c-f8aec9359d54,235138937,2021-01-10T13:09:08.117Z,2021-01-10T13:09:08.117Z,37,節能環保啊♻️ 校長帶頭做起 你各位還不跟上,0.0,F,ntnu,https://www.dcard.tw/f/ntnu/p/235138937,dcard,comment,節能環保啊校長帶頭做起你各位還不跟上,"['節', '能', '環保', '啊', '校長', '帶頭', '做', '起', '你', '各位', '還', '不', '跟上']","['節', '環保', '校長', '帶頭', '做', '跟上']",[],neutral
76,f8b36e09-01b6-4e64-b2c8-816a8e62cda5,235138937,2021-01-10T23:20:51.549Z,2021-01-10T23:20:51.549Z,38,"我是覺得 B9 可以客氣一點啦～連系所都不秀還噴有秀系所的人，是自己的系所不敢秀？
P.s我第一次在這樓留言",0.0,M,ntnu,https://www.dcard.tw/f/ntnu/p/235138937,dcard,comment,我是覺得可以客氣一點啦連系所都不秀還噴有秀系所的人是自己的系所不敢秀我第一次在這樓留言,"['我', '是', '覺得', '可以', '客氣', '一點', '啦', '連', '系所', '都', '不', '秀', '還', '噴', '有', '秀', '系所', '的', '人', '是', '自己', '的', '系所', '不', '敢', '秀', '我', '第一', '次', '在', '這', '樓', '留言']","['覺得', '客氣', '一點', '系所', '秀', '噴', '秀', '系所', '人', '系所', '秀', '第一', '次', '樓', '留言']",[],positive
77,d71b3779-f2e7-496d-bb54-811a0b3da9ef,235135201,2021-01-08T18:37:30.924Z,2021-01-08T18:37:30.924Z,1,原po很用心還選了熊熊的貼圖遮住,1.0,F,ntnu,https://www.dcard.tw/f/ntnu/p/235135201,dcard,comment,原很用心還選了熊熊的貼圖遮住,"['原', '很', '用心', '還', '選', '了', '熊熊', '的', '貼圖', '遮住']","['原', '用心', '選', '熊熊', '貼圖', '遮住']",[],neutral
78,d7a41210-3f02-496f-9b31-fce0fad2d224,235133358,2021-01-07T17:35:07.472Z,2021-01-07T17:35:07.472Z,1,公領不是很強 怎麼連這個都不知道？,7.0,M,ntnu,https://www.dcard.tw/f/ntnu/p/235133358,dcard,comment,公領不是很強怎麼連這個都不知道,"['公領', '不', '是', '很', '強', '怎麼', '連', '這', '個', '都', '不', '知道']","['公領', '強', '知道']",[],positive
79,8c1994ed-c175-456a-b60c-179d36d366a8,235133358,2021-01-07T17:38:09.002Z,2021-01-07T17:38:09.002Z,2,B1 啊就不知道才問啊,0.0,M,ntnu,https://www.dcard.tw/f/ntnu/p/235133358,dcard,comment,啊就不知道才問啊,"['啊', '就', '不', '知道', '才', '問', '啊']","['知道', '問']",[],positive
80,805c2271-81be-43a0-9237-929122c32510,235133358,2021-01-07T18:15:30.131Z,2021-01-07T18:15:30.131Z,3,我也有這個疑惑,0.0,F,ntnu,https://www.dcard.tw/f/ntnu/p/235133358,dcard,comment,我也有這個疑惑,"['我', '也', '有', '這', '個', '疑惑']",['疑惑'],[],negative
81,7f87cece-7f8a-48fc-aa31-63d8f5bef15a,235133358,2021-01-07T18:25:57.724Z,2021-01-07T18:25:57.724Z,4,電類與機械類課程在兩系都會上到，只是機電系的課程機械類多餘於電類，而電機的課程電類多餘機械,5.0,M,ntnu,https://www.dcard.tw/f/ntnu/p/235133358,dcard,comment,電類與機械類課程在兩系都會上到只是機電系的課程機械類多餘於電類而電機的課程電類多餘機械,"['電類', '與', '機械類', '課程', '在', '兩', '系', '都', '會', '上到', '只是', '機電系', '的', '課程', '機械類', '多餘', '於', '電類', '而', '電機', '的', '課程', '電類', '多餘', '機械']","['電類', '機械類', '課程', '兩', '系', '上到', '機電系', '課程', '機械類', '多餘', '電類', '電機', '課程', '電類', '多餘', '機械']",[],negative
82,5fc7b841-d82e-480d-bd12-76d2ba633961,235133358,2021-01-07T23:29:01.531Z,2021-01-07T23:31:55.027Z,5,機電系就重自控的機械系，電機系就電機系，醬ㄇ,2.0,M,ntnu,https://www.dcard.tw/f/ntnu/p/235133358,dcard,comment,機電系就重自控的機械系電機系就電機系醬,"['機電系', '就', '重', '自控', '的', '機械系', '電機系', '就', '電機系', '醬']","['機電系', '重', '自控', '機械系', '電機系', '電機系', '醬']",[],neutral
83,cfb7170a-e8d6-4a6f-99a5-96dd5fc593d7,235133358,2021-01-07T23:41:46.064Z,2021-01-07T23:56:55.652Z,6,"機電系會作弊 因為這系素質就這樣
電機系的不會 因為考試如智力測驗
差在這",5.0,M,ntnu,https://www.dcard.tw/f/ntnu/p/235133358,dcard,comment,機電系會作弊因為這系素質就這樣電機系的不會因為考試如智力測驗差在這,"['機電', '系會', '作弊', '因為', '這', '系', '素質', '就', '這樣', '電機系', '的', '不會', '因為', '考試', '如', '智力', '測驗', '差', '在', '這']","['機電', '系會', '作弊', '系', '素質', '電機系', '考試', '智力', '測驗', '差']",[],negative
84,2ec397cb-d509-4592-b99b-a29bb8d46216,235133358,2021-01-08T01:55:42.710Z,2021-01-08T01:55:42.710Z,7,B5 電機系也有控制系統 那不算是我們兩系的差別，主要是差在我們會學五大力學然後電機會有電路設計相關 ，當然如果你也可以想像說他們就是電機系而我們是機械加電機系,0.0,M,ntnu,https://www.dcard.tw/f/ntnu/p/235133358,dcard,comment,電機系也有控制系統那不算是我們兩系的差別主要是差在我們會學五大力學然後電機會有電路設計相關當然如果你也可以想像說他們就是電機系而我們是機械加電機系,"['電機系', '也', '有', '控制', '系統', '那', '不', '算是', '我們', '兩', '系', '的', '差別', '主要', '是', '差', '在', '我們', '會', '學', '五', '大', '力學', '然後', '電機', '會', '有', '電路', '設計', '相關', '當然', '如果', '你', '也', '可以', '想像', '說', '他們', '就是', '電機系', '而', '我們', '是', '機械', '加', '電機系']","['電機系', '控制', '系統', '算是', '兩', '系', '差別', '主要', '差', '學', '力學', '電機', '電路', '設計', '相關', '想像', '說', '電機系', '機械', '加', '電機系']",[],positive
85,f7fa572a-e425-4167-b7af-3c02a3ae486b,235133358,2021-01-08T02:51:38.002Z,2021-01-08T02:51:38.002Z,8,"你說你是公領系
怎麼發文時不露系名
還要特地隱藏系名再來說自己是公領系
要反串也有點腦好嗎",24.0,M,ntnu,https://www.dcard.tw/f/ntnu/p/235133358,dcard,comment,你說你是公領系怎麼發文時不露系名還要特地隱藏系名再來說自己是公領系要反串也有點腦好嗎,"['你', '說', '你', '是', '公領系', '怎麼', '發文', '時', '不', '露', '系名', '還要', '特地', '隱藏', '系名', '再', '來', '說', '自己', '是', '公領系', '要', '反串', '也', '有點', '腦', '好', '嗎']","['說', '公領系', '發文', '時', '露', '系名', '還要', '特地', '隱藏', '系名', '再', '說', '公領系', '反串', '有點', '腦', '好']",[],negative
86,0b206adf-d8b0-4f9d-9771-d7791ef46316,235133358,2021-01-08T04:45:27.382Z,2021-01-08T04:45:27.382Z,9,有膽就露系,1.0,F,ntnu,https://www.dcard.tw/f/ntnu/p/235133358,dcard,comment,有膽就露系,"['有', '膽', '就', '露', '系']","['膽', '露', '系']",[],neutral
87,0f1bd2a6-3d64-4f4f-97d9-36637474c916,235133358,2021-01-08T05:50:26.846Z,2021-01-08T05:50:26.846Z,10,簡言之，機電主要學機械，電機主要學電,4.0,M,ntnu,https://www.dcard.tw/f/ntnu/p/235133358,dcard,comment,簡言之機電主要學機械電機主要學電,"['簡言之', '機電', '主要', '學', '機械', '電機', '主要', '學', '電']","['機電', '主要', '學', '機械', '電機', '主要', '學', '電']",[],neutral
88,b5717a10-09e9-4e2f-bee7-a1118bef4112,235133358,2021-01-08T15:09:47.395Z,2021-01-08T15:09:47.395Z,11,有差嗎，反正都是_圾，師大工學院呵呵,1.0,M,ntnu,https://www.dcard.tw/f/ntnu/p/235133358,dcard,comment,有差嗎反正都是圾師大工學院呵呵,"['有', '差', '嗎', '反正', '都', '是', '圾', '師大', '工學院', '呵呵']","['差', '反正', '圾', '師大', '工學院', '呵呵']",[],positive
89,042caa3f-9f45-45e8-8fdb-e7e71a04296f,235133358,2021-01-08T16:44:00.508Z,2021-01-08T16:44:20.451Z,12,"B11 
你又是哪來的垃圾 露系？",5.0,M,ntnu,https://www.dcard.tw/f/ntnu/p/235133358,dcard,comment,你又是哪來的垃圾露系,"['你', '又', '是', '哪來', '的', '垃圾', '露', '系']","['哪來', '垃圾', '露', '系']",[],negative
90,b07e59fe-ed36-4db7-bf0e-b13491d2ffc6,235133358,2021-01-10T18:34:03.169Z,2021-01-10T20:05:56.616Z,13,"你又是哪個想丟系上臉出來秀下限的邊緣仔啊
B11",0.0,M,ntnu,https://www.dcard.tw/f/ntnu/p/235133358,dcard,comment,你又是哪個想丟系上臉出來秀下限的邊緣仔啊,"['你', '又', '是', '哪', '個', '想', '丟', '系', '上', '臉', '出來', '秀', '下限', '的', '邊緣仔', '啊']","['想', '丟', '系', '臉', '秀', '下限', '邊緣仔']",[],neutral
91,4febad78-0434-46cf-a31f-0debd5282a54,235133358,2021-01-11T08:10:49.552Z,2021-01-11T08:10:49.552Z,14,B11 有膽就po學測成績單啊 可悲,0.0,M,ntnu,https://www.dcard.tw/f/ntnu/p/235133358,dcard,comment,有膽就學測成績單啊可悲,"['有', '膽', '就學', '測', '成績單', '啊', '可悲']","['膽', '就學', '測', '成績單', '可悲']",[],negative
92,6686d1ea-7b52-4a05-b37b-3c83450478f8,235133358,2021-01-11T15:54:42.567Z,2021-01-11T15:54:42.567Z,15,"啊，舉個例子，電機系必修是電子學電路學數位系統
機電我不清楚，但應該更多力學，電機系不用修熱力學，工程製圖也不是必修。
但我們控制相關的課，程式相關的多點",0.0,F,ntnu,https://www.dcard.tw/f/ntnu/p/235133358,dcard,comment,啊舉個例子電機系必修是電子學電路學數位系統機電我不清楚但應該更多力學電機系不用修熱力學工程製圖也不是必修但我們控制相關的課程式相關的多點,"['啊', '舉', '個', '例子', '電機系', '必修', '是', '電子學', '電路', '學', '數位', '系統', '機電', '我', '不', '清楚', '但', '應該', '更多', '力學', '電機系', '不用', '修', '熱力學', '工程', '製圖', '也', '不', '是', '必修', '但', '我們', '控制', '相關', '的', '課程式', '相關', '的', '多點']","['舉', '例子', '電機系', '必修', '電子學', '電路', '學', '數位', '系統', '機電', '清楚', '應該', '更多', '力學', '電機系', '不用', '修', '熱力學', '工程', '製圖', '必修', '控制', '相關', '課程式', '相關', '多點']",[],positive
93,0da5fa64-6442-4de3-b10e-f50ad708d60b,235133116,2021-01-08T10:14:48.133Z,2021-01-08T10:14:48.133Z,1,"看起來規模比較小

https://btsflip.weebly.com/35506312433603935338.html

無界塾基本資料
上課時間：週一到週五，每日早上九點至下午五點半。塾內外活動時有安排於假日，請家長們知悉。
上課場地：目前為臺北市大安區芳和國中（國高中生）、臺北市萬華區華江國小（國小生）
自學型態：無界塾為實驗教育機構，遵循中華民國政府實驗教育法的規範。
學期規劃：無界塾為一學年三學期制，分別為一至三月、五至七月、九至十一月。每年四、八、十二月為休假月。
收費標準：目前每學期收取「共學金」九萬元整。
​

課程理念
以能力為主、學生本位出發的課程設計
跨科合作的主題式課程
重理解與實用的教學內容
鼓勵表達與創意的環境
整體規劃
第一年與第二年
    目標：著重探索與認識自我
​    課程：語文、英文、數學、自然、人文、體育、藝術與綜合活動
              、專案工作坊（主題課程）、戶外實查
第三年到第五年
    目標：自學能力培養與深化、人格養成與陪伴
  「必修課程」
    語文、閱讀、寫作、英文、數學、自然、人文、專案、體育
  「選修課程」
    分為一般選修與藝術選修，視同學需求開設不同課程選修
  「自主時間」
   每週至少一個下午的時間，讓每位孩子學習、發展興趣。
  「Mentor制度」
   每位學生分配一名老師作為導師，輔導學生的學習、生活

第六年到第八年
​  目標：發展興趣，成為該領域的專才
 「職人課程」理解該領域頂尖人士的水準，並深化探索
 「個人化課表」依據興趣與需求，排列學生需要的課程與學習
 「實習課程」依照學生需求，洽談實習機構，增加實務經驗",0.0,M,ntnu,https://www.dcard.tw/f/ntnu/p/235133116,dcard,comment,看起來規模比較小無界塾基本資料上課時間週一到週五每日早上九點至下午五點半塾內外活動時有安排於假日請家長們知悉上課場地目前為臺北市大安區芳和國中國高中生臺北市萬華區華江國小國小生自學型態無界塾為實驗教育機構遵循中華民國政府實驗教育法的規範學期規劃無界塾為一學年三學期制分別為一至三月五至七月九至十一月每年四八十二月為休假月收費標準目前每學期收取共學金九萬元整課程理念以能力為主學生本位出發的課程設計跨科合作的主題式課程重理解與實用的教學內容鼓勵表達與創意的環境整體規劃第一年與第二年目標著重探索與認識自我課程語文英文數學自然人文體育藝術與綜合活動專案工作坊主題課程戶外實查第三年到第五年目標自學能力培養與深化人格養成與陪伴必修課程語文閱讀寫作英文數學自然人文專案體育選修課程分為一般選修與藝術選修視同學需求開設不同課程選修自主時間每週至少一個下午的時間讓每位孩子學習發展興趣制度每位學生分配一名老師作為導師輔導學生的學習生活第六年到第八年目標發展興趣成為該領域的專才職人課程理解該領域頂尖人士的水準並深化探索個人化課表依據興趣與需求排列學生需要的課程與學習實習課程依照學生需求洽談實習機構增加實務經驗,"['看起來', '規模', '比較', '小', '無界塾', '基本', '資料', '上課', '時間', '週一', '到', '週五', '每日', '早上', '九點', '至', '下午', '五點', '半', '塾', '內外', '活動', '時有', '安排', '於', '假日', '請', '家長', '們', '知悉', '上課', '場地', '目前', '為', '臺北市', '大安區', '芳', '和', '國', '中國', '高中生', '臺北市', '萬華區', '華江', '國小', '國小', '生', '自學', '型態', '無界塾', '為', '實驗', '教育', '機構', '遵循', '中華民國', '政府', '實驗', '教育法', '的', '規範', '學期', '規劃', '無界塾', '為', '一學年', '三', '學期', '制', '分別', '為', '一', '至', '三月', '五', '至', '七月', '九', '至', '十一月', '每', '年', '四八十二月', '為', '休假', '月', '收費', '標準', '目前', '每', '學期', '收取', '共學金', '九萬', '元', '整', '課程', '理念', '以', '能力', '為主', '學生', '本位', '出發', '的', '課程', '設計', '跨科', '合作', '的', '主題式', '課程', '重', '理解', '與', '實用', '的', '教學', '內容', '鼓勵', '表達', '與', '創意', '的', '環境', '整體', '規劃', '第一', '年', '與', '第二', '年', '目標', '著重', '探索', '與', '認識', '自我', '課程', '語文', '英文', '數學', '自然', '人文', '體育', '藝術', '與', '綜合', '活動', '專案', '工作坊', '主題', '課程', '戶外', '實', '查', '第三', '年', '到', '第五', '年', '目標', '自學', '能力', '培養', '與', '深化', '人格', '養成', '與', '陪伴', '必修', '課程', '語文', '閱讀', '寫作', '英文', '數學', '自然', '人文', '專案', '體育', '選修', '課程', '分為', '一般', '選修', '與', '藝術', '選修', '視', '同學', '需求', '開設', '不同', '課程', '選修', '自主', '時間', '每', '週', '至少', '一', '個', '下午', '的', '時間', '讓', '每', '位', '孩子', '學習', '發展', '興趣', '制度', '每', '位', '學生', '分配', '一', '名', '老師', '作為', '導師', '輔導', '學生', '的', '學習', '生活', '第六', '年', '到', '第八', '年', '目標', '發展', '興趣', '成為', '該', '領域', '的', '專才', '職人', '課程', '理解', '該', '領域', '頂尖', '人士', '的', '水準', '並', '深化', '探索', '個人化', '課表', '依據', '興趣', '與', '需求', '排列', '學生', '需要', '的', '課程', '與', '學習', '實習', '課程', '依照', '學生', '需求', '洽談', '實習', '機構', '增加', '實務', '經驗']","['規模', '比較', '小', '無界塾', '資料', '上課', '時間', '週一', '週五', '每日', '早上', '九點', '下午', '五點', '塾', '內外', '活動', '時有', '安排', '假日', '請', '家長', '知悉', '上課', '場地', '目前', '臺北市', '大安區', '芳', '國', '中國', '高中生', '臺北市', '萬華區', '華江', '國小', '國小', '生', '自學', '型態', '無界塾', '實驗', '教育', '機構', '遵循', '中華民國', '政府', '實驗', '教育法', '規範', '學期', '規劃', '無界塾', '一學年', '學期', '制', '分別', '三月', '七月', '十一月', '年', '四八十二月', '休假', '月', '收費', '標準', '目前', '學期', '收取', '共學金', '九萬', '元', '整', '課程', '理念', '能力', '為主', '學生', '本位', '出發', '課程', '設計', '跨科', '合作', '主題式', '課程', '重', '理解', '實用', '教學', '內容', '鼓勵', '表達', '創意', '環境', '整體', '規劃', '第一', '年', '第二', '年', '目標', '著重', '探索', '認識', '自我', '課程', '語文', '英文', '數學', '自然', '人文', '體育', '藝術', '綜合', '活動', '專案', '工作坊', '主題', '課程', '戶外', '實', '查', '第三', '年', '第五', '年', '目標', '自學', '能力', '培養', '深化', '人格', '養成', '陪伴', '必修', '課程', '語文', '閱讀', '寫作', '英文', '數學', '自然', '人文', '專案', '體育', '選修', '課程', '分為', '選修', '藝術', '選修', '視', '同學', '需求', '開設', '課程', '選修', '自主', '時間', '週', '至少', '下午', '時間', '位', '孩子', '學習', '發展', '興趣', '制度', '位', '學生', '分配', '名', '老師', '導師', '輔導', '學生', '學習', '生活', '第六', '年', '第八', '年', '目標', '發展', '興趣', '成為', '領域', '專才', '職人', '課程', '理解', '領域', '頂尖', '人士', '水準', '深化', '探索', '個人化', '課表', '依據', '興趣', '需求', '排列', '學生', '需要', '課程', '學習', '實習', '課程', '學生', '需求', '洽談', '實習', '機構', '增加', '實務', '經驗']","['課程', '年', '學生']",positive
94,b8ec8d01-8316-43a7-8ce1-6d9f52323392,235133116,2021-01-08T10:18:19.218Z,2021-01-08T10:18:19.218Z,2,"原po如果對實驗、特色學校有興趣
可以多找幾間比較一下
網站頁尾有一個學校清單：
https://feature.parenting.com.tw/alternativeedu2019

http://www1.businessweekly.com.tw/event/2009/school/about_taipei.php",0.0,M,ntnu,https://www.dcard.tw/f/ntnu/p/235133116,dcard,comment,原如果對實驗特色學校有興趣可以多找幾間比較一下網站頁尾有一個學校清單,"['原', '如果', '對', '實驗', '特色', '學校', '有', '興趣', '可以', '多', '找', '幾', '間', '比較', '一', '下網', '站頁尾', '有', '一', '個', '學校', '清單']","['原', '實驗', '特色', '學校', '興趣', '找', '間', '比較', '下網', '站頁尾', '學校', '清單']",[],positive
95,4ffb1b28-669a-4720-b7aa-b5a607c4822c,235133116,2021-01-08T12:24:04.218Z,2021-01-08T12:24:04.218Z,3,我記得聽過教育系的說他們想要去參觀還不能全班去，只能少量名額，不知道是不是學校真的很小（？,1.0,M,ntnu,https://www.dcard.tw/f/ntnu/p/235133116,dcard,comment,我記得聽過教育系的說他們想要去參觀還不能全班去只能少量名額不知道是不是學校真的很小,"['我', '記得', '聽', '過', '教育系', '的', '說', '他們', '想要', '去', '參觀', '還', '不能', '全', '班', '去', '只', '能', '少量', '名額', '不', '知道', '是', '不', '是', '學校', '真的', '很', '小']","['記得', '聽', '教育系', '說', '想要', '參觀', '全', '班', '只', '少量', '名額', '知道', '學校', '真的', '小']",[],negative
96,8b075cde-41dd-493c-a54f-eb10fc8d3eaf,235133116,2021-01-08T12:26:14.023Z,2021-01-08T12:26:14.023Z,4,B2 我沒有打算去實驗學校，畢竟一般的普通學校還是大宗。只是單純好奇他們內部的運作模式～不過還是很感謝你提供了其他參考資訊～,0.0,M,ntnu,https://www.dcard.tw/f/ntnu/p/235133116,dcard,comment,我沒有打算去實驗學校畢竟一般的普通學校還是大宗只是單純好奇他們內部的運作模式不過還是很感謝你提供了其他參考資訊,"['我', '沒有', '打算', '去', '實驗', '學校', '畢竟', '一般', '的', '普通', '學校', '還是', '大', '宗', '只是', '單純', '好奇', '他們', '內部', '的', '運作', '模式', '不過', '還是', '很', '感謝', '你', '提供', '了', '其他', '參考', '資訊']","['打算', '實驗', '學校', '普通', '學校', '宗', '好奇', '內部', '運作', '模式', '感謝', '提供', '參考', '資訊']",[],positive
97,a88868c7-90f0-4114-96d1-d5fcc24cfd90,235133116,2021-01-08T12:27:42.659Z,2021-01-08T12:27:42.659Z,5,B3感覺也可能是人太多去會影響上課，學生注意力可能會被來參觀的大哥哥大姐姐們吸引過去,0.0,M,ntnu,https://www.dcard.tw/f/ntnu/p/235133116,dcard,comment,感覺也可能是人太多去會影響上課學生注意力可能會被來參觀的大哥哥大姐姐們吸引過去,"['感覺', '也', '可能', '是', '人', '太多', '去', '會', '影響', '上課', '學生', '注意力', '可能', '會', '被', '來', '參觀', '的', '大哥', '哥大', '姐姐', '們', '吸引過去']","['感覺', '人', '太多', '影響', '上課', '學生', '注意力', '參觀', '大哥', '哥大', '姐姐', '吸引過去']",[],neutral
98,dc805832-6b06-4240-bbb4-b8c4248580af,235133116,2021-01-08T12:30:28.896Z,2021-01-08T12:30:28.896Z,6,"哈哈，薪水少正常，進去還有行政職要兼啦。
你就想一個學校平常該有的行政+正常老師，現在轉嫁到學生身上這樣的收費都還不太夠了。
你是做教育餒，怎麼可以這樣把錢看的那麼重，要拿出教育愛阿🤣
創辦人有哪些掛就不說了，不就是靠他名氣的學校而已xD",1.0,M,ntnu,https://www.dcard.tw/f/ntnu/p/235133116,dcard,comment,哈哈薪水少正常進去還有行政職要兼啦你就想一個學校平常該有的行政正常老師現在轉嫁到學生身上這樣的收費都還不太夠了你是做教育餒怎麼可以這樣把錢看的那麼重要拿出教育愛阿創辦人有哪些掛就不說了不就是靠他名氣的學校而已,"['哈哈', '薪水', '少', '正常', '進去', '還', '有', '行政', '職', '要', '兼', '啦', '你', '就', '想', '一', '個', '學校', '平常', '該', '有的', '行政', '正常', '老師', '現在', '轉嫁到', '學生', '身', '上', '這樣', '的', '收費', '都', '還', '不', '太', '夠', '了', '你', '是', '做', '教育', '餒', '怎麼', '可以', '這樣', '把', '錢', '看', '的', '那麼', '重要', '拿出', '教育', '愛', '阿', '創辦人', '有', '哪些', '掛', '就', '不', '說', '了', '不', '就是', '靠', '他', '名氣', '的', '學校', '而已']","['薪水', '少', '正常', '行政', '職', '兼', '想', '學校', '平常', '行政', '正常', '老師', '現在', '轉嫁到', '學生', '身', '收費', '太', '夠', '做', '教育', '餒', '錢', '重要', '拿出', '教育', '愛', '創辦人', '掛', '說', '名氣', '學校']",[],positive
99,2126cc68-55f1-4b93-8624-22a82ea4fc4b,235133116,2021-01-08T14:30:14.165Z,2021-01-08T14:30:14.165Z,7,B6教育愛固然要有啦XD，不過要用低於行情的薪資要求富有教育熱忱以及開發很多新穎課程、兼做很多行政庶務的老師，恐怕跟尊重老師專業有點落差😝,3.0,M,ntnu,https://www.dcard.tw/f/ntnu/p/235133116,dcard,comment,教育愛固然要有啦不過要用低於行情的薪資要求富有教育熱忱以及開發很多新穎課程兼做很多行政庶務的老師恐怕跟尊重老師專業有點落差,"['教育', '愛', '固然', '要', '有', '啦', '不過', '要', '用', '低於', '行情', '的', '薪資', '要求', '富有', '教育', '熱忱', '以及', '開發', '很多', '新穎', '課程', '兼', '做', '很多', '行政', '庶務', '的', '老師', '恐怕', '跟', '尊重', '老師', '專業', '有點', '落差']","['教育', '愛', '低於', '行情', '薪資', '要求', '富有', '教育', '熱忱', '開發', '新穎', '課程', '兼', '做', '行政', '庶務', '老師', '尊重', '老師', '專業', '有點', '落差']",[],positive
100,9cebe02f-cdb4-490e-906c-f2031f040476,235133116,2021-01-09T01:00:47.350Z,2021-01-09T01:00:47.350Z,8,電機網紅葉老師？,2.0,M,ntnu,https://www.dcard.tw/f/ntnu/p/235133116,dcard,comment,電機網紅葉老師,"['電機網', '紅葉', '老師']","['電機網', '紅葉', '老師']",[],neutral
101,67c7faa1-968b-4e6a-8dd2-30cd53a027b4,235133116,2021-01-09T01:12:42.689Z,2021-01-09T01:12:42.689Z,9,"這種走實驗類型的學校薪水好像都偏低，重點是都要兼行政，工時比一般學校長很多
無屆塾在公校轉型成實驗學校的芳和國中裡，共用校舍
我覺得這種沒有自成一套體系（例如華德福）的實驗都有點危險，招生問題啊⋯⋯誰知道實驗能紅多久",0.0,F,ntnu,https://www.dcard.tw/f/ntnu/p/235133116,dcard,comment,這種走實驗類型的學校薪水好像都偏低重點是都要兼行政工時比一般學校長很多無屆塾在公校轉型成實驗學校的芳和國中裡共用校舍我覺得這種沒有自成一套體系例如華德福的實驗都有點危險招生問題啊誰知道實驗能紅多久,"['這', '種', '走', '實驗', '類型', '的', '學校', '薪水', '好像', '都', '偏低', '重點', '是', '都', '要', '兼', '行政', '工時', '比', '一般', '學', '校長', '很多', '無', '屆', '塾', '在', '公校', '轉型成', '實驗', '學校', '的', '芳', '和', '國中', '裡', '共用', '校舍', '我', '覺得', '這', '種', '沒有', '自成', '一', '套', '體系', '例如', '華德福', '的', '實驗', '都', '有點', '危險', '招生', '問題', '啊', '誰', '知道', '實驗', '能', '紅', '多久']","['種', '走', '實驗', '類型', '學校', '薪水', '好像', '偏低', '重點', '兼', '行政', '工時', '學', '校長', '無', '屆', '塾', '公校', '轉型成', '實驗', '學校', '芳', '國中', '裡', '共用', '校舍', '覺得', '種', '自成', '套', '體系', '華德福', '實驗', '有點', '危險', '招生', '問題', '知道', '實驗', '紅', '多久']",[],negative
102,bc5d02eb-3776-455c-8137-cd1d52179836,235133116,2021-01-09T01:30:30.942Z,2021-01-09T01:30:30.942Z,10,B9我覺得他們有自己的體系，不過就是欠缺自己的校地。在寸土寸金的台北，要有自己的校地除非是很早以前地價還沒高到那麼誇張時就取得校地，不然以近年來的地價來看，在台北特別買一塊地開實驗學校是不太可能的。至於實驗教育能紅多久也沒人知道，可能要等到目前接受實驗教育的小孩長大後的表現才能斷定了吧！,0.0,M,ntnu,https://www.dcard.tw/f/ntnu/p/235133116,dcard,comment,我覺得他們有自己的體系不過就是欠缺自己的校地在寸土寸金的台北要有自己的校地除非是很早以前地價還沒高到那麼誇張時就取得校地不然以近年來的地價來看在台北特別買一塊地開實驗學校是不太可能的至於實驗教育能紅多久也沒人知道可能要等到目前接受實驗教育的小孩長大後的表現才能斷定了吧,"['我', '覺得', '他們', '有', '自己', '的', '體系', '不過', '就是', '欠缺', '自己', '的', '校地', '在', '寸土寸金', '的', '台北', '要', '有', '自己', '的', '校地', '除非', '是', '很', '早', '以前', '地價', '還', '沒', '高到', '那麼', '誇張', '時', '就', '取得', '校地', '不然', '以', '近年', '來', '的', '地價', '來', '看', '在', '台北', '特別', '買', '一', '塊', '地', '開', '實驗', '學校', '是', '不', '太', '可能', '的', '至於', '實驗', '教育', '能', '紅', '多久', '也', '沒', '人', '知道', '可能', '要', '等到', '目前', '接受', '實驗', '教育', '的', '小孩', '長大', '後', '的', '表現', '才能', '斷定', '了', '吧']","['覺得', '體系', '欠缺', '校地', '寸土寸金', '台北', '校地', '早', '以前', '地價', '高到', '誇張', '時', '取得', '校地', '近年', '地價', '台北', '特別', '買', '塊', '開', '實驗', '學校', '太', '實驗', '教育', '紅', '多久', '人', '知道', '目前', '接受', '實驗', '教育', '小孩', '長大', '後', '表現', '斷定']",[],positive
103,5db74889-f8ac-40c4-a1cb-b2bfb7e7a349,235133116,2021-01-09T01:33:04.271Z,2021-01-09T01:33:04.271Z,11,"B10 我的體系是指有不同的分校,A學校不待還可以去B學校，無屆塾就打死在那囉，不可否認，任何非公立令人擔心的都是招生問題",1.0,F,ntnu,https://www.dcard.tw/f/ntnu/p/235133116,dcard,comment,我的體系是指有不同的分校學校不待還可以去學校無屆塾就打死在那囉不可否認任何非公立令人擔心的都是招生問題,"['我', '的', '體系', '是', '指', '有', '不同', '的', '分校', '學校', '不', '待', '還可以', '去', '學校', '無', '屆', '塾', '就', '打死', '在', '那', '囉', '不可', '否認', '任何', '非', '公立', '令', '人', '擔心', '的', '都', '是', '招生', '問題']","['體系', '指', '分校', '學校', '還可以', '學校', '無', '屆', '塾', '打死', '囉', '不可', '否認', '非', '公立', '令', '人', '擔心', '招生', '問題']",[],negative
104,7b224489-d23b-4412-9c89-53e10ab31dfa,235131334,2021-01-07T17:45:53.330Z,2021-01-07T17:45:53.330Z,1,"是我的！謝謝你好心同學😭😭
我甚至不知道他不見了
祝你歐趴發票中獎 大感謝🤩🤩🤩",1.0,F,ntnu,https://www.dcard.tw/f/ntnu/p/235131334,dcard,comment,是我的謝謝你好心同學我甚至不知道他不見了祝你歐趴發票中獎大感謝,"['是', '我', '的', '謝謝', '你', '好心', '同學', '我', '甚至', '不', '知道', '他', '不見了', '祝', '你', '歐', '趴', '發票', '中獎', '大', '感謝']","['謝謝', '好心', '同學', '知道', '不見了', '祝', '歐', '趴', '發票', '中獎', '感謝']",[],positive
105,aa55ef49-9401-4c6c-88d1-311fc583964e,235131334,2021-01-08T06:47:45.443Z,2021-01-08T06:47:45.443Z,2,"B1 
不客氣～
有找到就好！
謝謝你的祝福😊",0.0,F,ntnu,https://www.dcard.tw/f/ntnu/p/235131334,dcard,comment,不客氣有找到就好謝謝你的祝福,"['不', '客氣', '有', '找到', '就', '好', '謝謝', '你', '的', '祝福']","['客氣', '找到', '好', '謝謝', '祝福']",[],positive
106,04d6488e-64d7-469d-8093-bcf72c274d49,235127421,2021-01-07T02:52:53.494Z,2021-01-07T02:52:53.494Z,1,妳要說是哪間啊......,0.0,F,ntnu,https://www.dcard.tw/f/ntnu/p/235127421,dcard,comment,妳要說是哪間啊,"['妳', '要', '說', '是', '哪', '間', '啊']","['妳', '說', '間']",[],neutral
107,af69668a-b70b-44e5-8b4e-b97598c76f9e,235127421,2021-01-07T11:37:35.013Z,2021-01-07T11:37:35.013Z,2,哪間，學七大學部有興趣,0.0,F,ntnu,https://www.dcard.tw/f/ntnu/p/235127421,dcard,comment,哪間學七大學部有興趣,"['哪', '間', '學七', '大學部', '有', '興趣']","['間', '學七', '大學部', '興趣']",[],positive
108,7b4474d4-512f-4f50-a8d3-1e8f2ad426d9,235127421,2021-01-07T11:39:19.351Z,2021-01-07T11:39:41.483Z,3,B1 B2 啊抱歉抱歉 我是大學部學七的,0.0,F,ntnu,https://www.dcard.tw/f/ntnu/p/235127421,dcard,comment,啊抱歉抱歉我是大學部學七的,"['啊', '抱歉', '抱歉', '我', '是', '大學部', '學七', '的']","['抱歉', '抱歉', '大學部', '學七']",[],negative
109,9fe66bb3-b79c-49f5-a5a7-aaa74575789f,235127421,2021-01-07T11:45:17.398Z,2021-01-07T11:45:17.398Z,4,我是 B2，原po現在有在線嗎,0.0,F,ntnu,https://www.dcard.tw/f/ntnu/p/235127421,dcard,comment,我是原現在有在線嗎,"['我', '是', '原', '現在', '有', '在', '線', '嗎']","['原', '現在', '線']",[],neutral
110,f59794b3-9c98-463f-b856-5075a804fc1a,235127421,2021-01-07T11:55:34.305Z,2021-01-07T11:55:34.305Z,5,B4 有,0.0,F,ntnu,https://www.dcard.tw/f/ntnu/p/235127421,dcard,comment,有,有,[],[],neutral
111,f3cc36b1-590e-4756-ba2f-9fe2c3f90aeb,235127421,2021-01-07T11:55:52.224Z,2021-01-07T11:55:52.224Z,6,B4 想問一下 妳是住學七嗎,0.0,F,ntnu,https://www.dcard.tw/f/ntnu/p/235127421,dcard,comment,想問一下妳是住學七嗎,"['想', '問', '一下', '妳', '是', '住', '學七', '嗎']","['想', '問', '一下', '妳', '住', '學七']",[],neutral
112,6289e34a-2f50-4b61-908d-77586b24bcdb,235127421,2021-01-07T12:13:31.194Z,2021-01-07T12:13:31.194Z,7,B6 對 但我住二樓，會介意嗎，不介意的話我們找個方式詳談,0.0,F,ntnu,https://www.dcard.tw/f/ntnu/p/235127421,dcard,comment,對但我住二樓會介意嗎不介意的話我們找個方式詳談,"['對', '但', '我', '住', '二樓', '會', '介意', '嗎', '不', '介意', '的', '話', '我們', '找', '個', '方式', '詳', '談']","['住', '二樓', '介意', '介意', '話', '找', '方式', '詳', '談']",[],negative
113,95f79068-3793-4c89-b087-31320aad01f1,235127421,2021-01-07T12:15:12.627Z,2021-01-07T12:15:12.627Z,8,明天跟你約碰面詳談可以嗎 B7,0.0,F,ntnu,https://www.dcard.tw/f/ntnu/p/235127421,dcard,comment,明天跟你約碰面詳談可以嗎,"['明天', '跟', '你', '約', '碰面', '詳', '談', '可以', '嗎']","['明天', '約', '碰面', '詳', '談']",[],neutral
114,3d6565e3-dc5b-4792-af98-dbcfaf474eb0,235127421,2021-01-07T12:20:49.712Z,2021-01-07T12:49:14.912Z,9,,,,ntnu,https://www.dcard.tw/f/ntnu/p/235127421,dcard,comment,,,[],[],neutral
115,e5dcea4b-2ad3-4696-9949-74f496eaaddd,235127421,2021-01-07T12:44:35.272Z,2021-01-07T12:44:35.272Z,10,Ok 刪 謝謝B9,0.0,F,ntnu,https://www.dcard.tw/f/ntnu/p/235127421,dcard,comment,刪謝謝,"['刪', '謝謝']","['刪', '謝謝']",[],positive
116,862599fd-f3a6-441d-8077-3d3ca8e3a9bf,235127421,2021-01-07T13:47:51.380Z,2021-01-07T13:48:07.075Z,11,B0 可惜女一四樓有一間很適合妳,0.0,F,ntnu,https://www.dcard.tw/f/ntnu/p/235127421,dcard,comment,可惜女一四樓有一間很適合妳,"['可惜女', '一四樓', '有', '一', '間', '很', '適合', '妳']","['可惜女', '一四樓', '間', '適合', '妳']",[],positive
117,276d813e-1a15-4650-b2cb-49548b014026,235124226,2021-01-06T11:26:04.745Z,2021-01-06T11:26:04.745Z,1,哪裡有告白板？,0.0,F,ntnu,https://www.dcard.tw/f/ntnu/p/235124226,dcard,comment,哪裡有告白板,"['哪裡', '有', '告', '白板']","['哪裡', '告', '白板']",[],neutral
118,f06cfde5-ed29-4e83-8e08-26fc1c9051b8,235124226,2021-01-06T11:28:07.635Z,2021-01-06T11:28:07.635Z,2,告白師大,1.0,M,ntnu,https://www.dcard.tw/f/ntnu/p/235124226,dcard,comment,告白師大,"['告白', '師大']","['告白', '師大']",[],neutral
119,cc63ec4e-10ef-4d82-97af-1a17a3a0afb1,235124226,2021-01-07T18:06:22.719Z,2021-01-07T18:06:22.719Z,3,如果有個帥哥跟我告白該有多好啊！,1.0,M,ntnu,https://www.dcard.tw/f/ntnu/p/235124226,dcard,comment,如果有個帥哥跟我告白該有多好啊,"['如果', '有', '個', '帥哥', '跟', '我', '告白', '該', '有', '多', '好', '啊']","['帥哥', '告白', '好']",[],neutral
120,0f8c4be3-1c9f-4e4a-8a32-0d7f161f5f2a,235124226,2021-01-08T15:10:54.037Z,2021-01-08T15:10:54.037Z,4,你是不是也想幹人家？,2.0,M,ntnu,https://www.dcard.tw/f/ntnu/p/235124226,dcard,comment,你是不是也想幹人家,"['你', '是', '不', '是也', '想', '幹', '人家']","['是也', '想', '幹']",[],neutral
121,90970b15-ecdf-44f8-8865-9478025ee81e,235124226,2021-01-09T04:53:55.000Z,2021-01-09T04:53:55.000Z,5,我喜歡大肌肌，可是師大實在太少,0.0,M,ntnu,https://www.dcard.tw/f/ntnu/p/235124226,dcard,comment,我喜歡大肌肌可是師大實在太少,"['我', '喜歡', '大肌肌', '可是', '師大', '實在', '太少']","['喜歡', '大肌肌', '師大', '實在', '太少']",[],positive
122,cbfaa0f8-fa0f-4964-9f58-aaa94be8f44b,235124226,2021-01-11T06:43:35.957Z,2021-01-11T06:43:35.957Z,6,B5 都在體育系,0.0,M,ntnu,https://www.dcard.tw/f/ntnu/p/235124226,dcard,comment,都在體育系,"['都', '在', '體育系']",['體育系'],[],neutral
123,240262a6-1356-496a-9958-a21897b7a9bb,235124226,2021-01-11T06:45:18.211Z,2021-01-11T06:45:18.211Z,7,B6 我根本接觸不了體育系😭,0.0,M,ntnu,https://www.dcard.tw/f/ntnu/p/235124226,dcard,comment,我根本接觸不了體育系,"['我', '根本', '接觸', '不', '了', '體育系']","['根本', '接觸', '體育系']",[],neutral
124,cc3fa02a-8984-449b-8be6-d53d1f72158b,235124226,2021-01-11T19:23:46.271Z,2021-01-11T19:23:46.271Z,8,b5去找體育系肛肛好,1.0,M,ntnu,https://www.dcard.tw/f/ntnu/p/235124226,dcard,comment,去找體育系肛肛好,"['去', '找', '體育系', '肛肛', '好']","['找', '體育系', '肛肛', '好']",[],neutral
125,bb6fac1e-27e2-4b42-b83a-52c807a67350,235123986,2021-01-06T10:23:07.386Z,2021-01-06T10:23:07.386Z,1,哪位大媽？？？,1.0,M,ntnu,https://www.dcard.tw/f/ntnu/p/235123986,dcard,comment,哪位大媽,"['哪', '位', '大媽']","['位', '大媽']",[],neutral
126,cbf670da-a222-4190-858c-a87afe6fc647,235123986,2021-01-06T10:23:56.505Z,2021-01-06T10:23:56.505Z,2,B1 不至於到大媽吧,0.0,M,ntnu,https://www.dcard.tw/f/ntnu/p/235123986,dcard,comment,不至於到大媽吧,"['不至於', '到', '大媽', '吧']",['大媽'],[],neutral
127,e05ce5d1-5bf4-46d0-9eaa-1e76a6d9202d,235123986,2021-01-08T15:11:14.346Z,2021-01-08T15:11:14.346Z,3,你是不是想幹人家？,2.0,M,ntnu,https://www.dcard.tw/f/ntnu/p/235123986,dcard,comment,你是不是想幹人家,"['你', '是', '不', '是', '想', '幹', '人家']","['想', '幹']",[],neutral
128,381b86d3-55f4-44fa-9b77-538b507367ee,235123986,2021-01-08T15:11:33.892Z,2021-01-08T15:11:33.892Z,4,B3 什麼啦😂,0.0,M,ntnu,https://www.dcard.tw/f/ntnu/p/235123986,dcard,comment,什麼啦,"['什麼', '啦']",[],[],neutral
129,2b253cb5-609a-4aae-b5d0-40a20f7b0f1b,235123745,2021-01-06T09:14:02.429Z,2021-01-06T09:18:31.999Z,1,應該是最近發生很多拿錯衣服的案例，所以綁起來害怕被拿走吧🤔,0.0,F,ntnu,https://www.dcard.tw/f/ntnu/p/235123745,dcard,comment,應該是最近發生很多拿錯衣服的案例所以綁起來害怕被拿走吧,"['應該', '是', '最近', '發生', '很多', '拿', '錯', '衣服', '的', '案例', '所以', '綁起來', '害怕', '被', '拿走', '吧']","['應該', '最近', '發生', '錯', '衣服', '案例', '綁起來', '害怕', '拿走']",[],negative
130,fb4136f7-07b4-4baf-8623-e5b3916d2f03,235121460,2021-01-06T04:05:07.166Z,2021-01-06T04:05:07.166Z,1,會直接退學,6.0,M,ntnu,https://www.dcard.tw/f/ntnu/p/235121460,dcard,comment,會直接退學,"['會', '直接', '退學']","['直接', '退學']",[],negative
131,1ccb31e8-fc5c-4428-ac98-2c557823ee6e,235121460,2021-01-06T04:07:28.167Z,2021-01-06T04:07:28.167Z,2,B1 不要亂,0.0,M,ntnu,https://www.dcard.tw/f/ntnu/p/235121460,dcard,comment,不要亂,"['不要', '亂']",['亂'],[],negative
132,1423a3da-763d-4bef-8e71-70145d7714eb,235121460,2021-01-06T04:57:53.923Z,2021-01-06T04:57:53.923Z,3,"都已經大學了
自己的學習應該由自己來負責
學校不會有任何處分",23.0,M,ntnu,https://www.dcard.tw/f/ntnu/p/235121460,dcard,comment,都已經大學了自己的學習應該由自己來負責學校不會有任何處分,"['都', '已經', '大學', '了', '自己', '的', '學習', '應該', '由', '自己', '來', '負責', '學校', '不會', '有', '任何', '處分']","['已經', '大學', '學習', '應該', '負責', '學校', '處分']",[],positive
133,68c330b3-fe7b-4595-abf4-42dd57f044e1,235121460,2021-01-06T10:03:14.051Z,2021-01-06T10:03:14.051Z,4,警告？？？？？？,0.0,F,ntnu,https://www.dcard.tw/f/ntnu/p/235121460,dcard,comment,警告,['警告'],['警告'],[],negative
134,3446a78d-7016-40ab-a6a2-7739f817a6fe,235121460,2021-01-06T17:05:39.006Z,2021-01-06T17:05:39.006Z,5,大學誰在跟你記警告小過的？,2.0,M,ntnu,https://www.dcard.tw/f/ntnu/p/235121460,dcard,comment,大學誰在跟你記警告小過的,"['大學', '誰', '在', '跟', '你', '記', '警告', '小過', '的']","['大學', '記', '警告', '小過']",[],negative
135,a6750d22-7030-4e36-b357-148dce98c8ce,235121460,2021-01-07T04:40:47.732Z,2021-01-07T04:40:47.732Z,6,還當自己國高中生啊,1.0,M,ntnu,https://www.dcard.tw/f/ntnu/p/235121460,dcard,comment,還當自己國高中生啊,"['還', '當', '自己', '國', '高中生', '啊']","['國', '高中生']",[],neutral
136,fb02e722-6812-419a-ab0a-51855bac34ca,235117838,2021-01-05T12:01:01.120Z,2021-01-05T12:01:01.120Z,1,幫，qq，我也沒動力讀期末,5.0,M,ntnu,https://www.dcard.tw/f/ntnu/p/235117838,dcard,comment,幫我也沒動力讀期末,"['幫', '我', '也', '沒', '動力', '讀', '期末']","['幫', '動力', '讀', '期末']",[],neutral
137,8411b151-b85e-4de2-97ea-5999d929c953,235117838,2021-01-05T12:02:01.906Z,2021-01-05T12:02:01.906Z,2,B1 理學院一片哀嚎😭,8.0,M,ntnu,https://www.dcard.tw/f/ntnu/p/235117838,dcard,comment,理學院一片哀嚎,"['理學院', '一', '片', '哀嚎']","['理學院', '片', '哀嚎']",[],neutral
138,43d804f4-3f33-499f-b751-850b55184e97,235117838,2021-01-05T14:14:12.273Z,2021-01-05T14:14:12.273Z,3,"通報 📢
好像有人對這篇文章有新想法唷，快來去看看！
  https://www.dcard.tw/f/ntnu/p/235118846",0.0,D,ntnu,https://www.dcard.tw/f/ntnu/p/235117838,dcard,comment,通報好像有人對這篇文章有新想法唷快來去看看,"['通報', '好像', '有', '人', '對', '這', '篇', '文章', '有', '新', '想法', '唷', '快', '來去', '看看']","['通報', '好像', '人', '篇', '文章', '新', '想法', '唷', '來去', '看看']",[],neutral
139,5763c452-928c-4c45-9d14-369b277450da,235117838,2021-01-05T15:47:48.292Z,2021-01-05T15:47:48.292Z,4,現在開始放假就能延畢了呢,2.0,M,ntnu,https://www.dcard.tw/f/ntnu/p/235117838,dcard,comment,現在開始放假就能延畢了呢,"['現在', '開始', '放假', '就', '能', '延畢', '了', '呢']","['現在', '放假', '延畢']",[],neutral
140,66948bef-9572-4479-978e-75ee69dc8aa7,235117838,2021-01-05T15:51:22.865Z,2021-01-05T15:51:22.865Z,5,B4 有那麼慘嗎,0.0,M,ntnu,https://www.dcard.tw/f/ntnu/p/235117838,dcard,comment,有那麼慘嗎,"['有', '那麼', '慘', '嗎']",['慘'],[],neutral
141,5e9b929b-53e0-480a-a97f-e0f24a2a4d6c,235117838,2021-01-05T16:09:19.406Z,2021-01-05T16:09:19.406Z,6,我！！😭根本完全沒動力,0.0,F,ntnu,https://www.dcard.tw/f/ntnu/p/235117838,dcard,comment,我根本完全沒動力,"['我', '根本', '完全', '沒', '動力']","['根本', '完全', '動力']",[],neutral
142,80b2e95c-7a88-4d13-b6b4-e2e80d6213e5,235117838,2021-01-05T16:14:42.656Z,2021-01-05T16:14:42.656Z,7,現在放棄，寒假就開始了,1.0,M,ntnu,https://www.dcard.tw/f/ntnu/p/235117838,dcard,comment,現在放棄寒假就開始了,"['現在', '放棄', '寒假', '就', '開始', '了']","['現在', '放棄', '寒假']",[],negative
143,f58477ec-cde5-4f41-8ee5-81c604d6d841,235117838,2021-01-05T16:24:51.475Z,2021-01-05T16:24:51.475Z,8,"天啊！我也是！
真的非常想逃避那些嚴重落後的課業
下禮拜就要考3科，真的很怕考不夠高會被當掉
壓力好大",0.0,F,ntnu,https://www.dcard.tw/f/ntnu/p/235117838,dcard,comment,天啊我也是真的非常想逃避那些嚴重落後的課業下禮拜就要考科真的很怕考不夠高會被當掉壓力好大,"['天啊', '我', '也', '是', '真的', '非常', '想', '逃避', '那些', '嚴重', '落後', '的', '課業', '下', '禮拜', '就', '要', '考科', '真的', '很', '怕', '考', '不', '夠', '高', '會', '被', '當掉', '壓力', '好', '大']","['天啊', '真的', '想', '逃避', '嚴重', '落後', '課業', '下', '禮拜', '考科', '真的', '考', '夠', '高', '當掉', '壓力', '好']",[],negative
144,c7e62e44-bc48-4611-9c5d-0d5693aec51a,235117838,2021-01-05T16:38:35.843Z,2021-01-05T16:38:35.843Z,9,"理學院的壓力應該都頗大 
大家一起加油 撐下去！",2.0,M,ntnu,https://www.dcard.tw/f/ntnu/p/235117838,dcard,comment,理學院的壓力應該都頗大大家一起加油撐下去,"['理學院', '的', '壓力', '應該', '都', '頗', '大', '大家', '一起', '加油', '撐下去']","['理學院', '壓力', '應該', '一起', '加油', '撐下去']",[],negative
145,2967cabd-25dd-4d8a-8004-c235117fa929,235117838,2021-01-05T16:52:41.107Z,2021-01-05T16:52:41.107Z,10,"大家撐住r

雖然壓力真的爆幹大的",0.0,M,ntnu,https://www.dcard.tw/f/ntnu/p/235117838,dcard,comment,大家撐住雖然壓力真的爆幹大的,"['大家', '撐住', '雖然', '壓力', '真的', '爆幹', '大', '的']","['撐住', '壓力', '真的', '爆幹']",[],negative
146,4a7b5608-3795-4531-a1ee-b8b36e6ad4a5,235117838,2021-01-05T17:24:28.443Z,2021-01-05T17:24:28.443Z,11,"還好我期中就停修掉應該跟不上的
專心顧好還有機會救的QQ
加油啊😣",1.0,M,ntnu,https://www.dcard.tw/f/ntnu/p/235117838,dcard,comment,還好我期中就停修掉應該跟不上的專心顧好還有機會救的加油啊,"['還好', '我', '期中', '就', '停', '修掉', '應該', '跟不上', '的', '專心', '顧好', '還', '有', '機會', '救', '的', '加油', '啊']","['還好', '期中', '停', '修掉', '應該', '跟不上', '專心', '顧好', '機會', '救', '加油']",[],positive
147,b2d4d047-9576-4e60-931e-16e75f2ef267,235117838,2021-01-05T18:00:29.250Z,2021-01-05T18:00:29.250Z,12,放棄？我都還沒有努力過呢,3.0,M,ntnu,https://www.dcard.tw/f/ntnu/p/235117838,dcard,comment,放棄我都還沒有努力過呢,"['放棄', '我', '都', '還', '沒有', '努力', '過', '呢']","['放棄', '努力']",[],negative
148,6dc7286b-5742-4e0b-b893-ce15b71f4be7,235117838,2021-01-05T19:16:12.472Z,2021-01-05T19:16:12.472Z,13,B11 我也是 一起加油 ಥ‿ಥ,0.0,F,ntnu,https://www.dcard.tw/f/ntnu/p/235117838,dcard,comment,我也是一起加油,"['我', '也', '是', '一起', '加油']","['一起', '加油']",[],neutral
149,33caaab8-c9ca-4a91-8d0e-e7cdafb598f1,235117838,2021-01-06T02:18:16.044Z,2021-01-06T02:18:51.188Z,14,"我...下禮拜要考6科...
理學院真的不好混 嗚嗚",2.0,F,ntnu,https://www.dcard.tw/f/ntnu/p/235117838,dcard,comment,我下禮拜要考科理學院真的不好混嗚嗚,"['我', '下', '禮拜', '要', '考', '科', '理學院', '真的', '不', '好', '混', '嗚嗚']","['下', '禮拜', '考', '科', '理學院', '真的', '好', '混', '嗚嗚']",[],neutral
150,be416268-96a7-435b-8f97-11cf66457781,235117838,2021-01-06T03:14:29.163Z,2021-01-06T03:14:29.163Z,15,"🎉🎉已經考完囉！
先苦後甘😄😄",0.0,M,ntnu,https://www.dcard.tw/f/ntnu/p/235117838,dcard,comment,已經考完囉先苦後甘,"['已經', '考完', '囉', '先', '苦', '後', '甘']","['已經', '考完', '囉', '先', '苦', '後', '甘']",[],neutral
151,8c7d1aec-5d25-42c2-8273-956fb437d3fb,235117838,2021-01-06T03:16:56.493Z,2021-01-06T03:16:56.493Z,16,我聽音樂怎麼壓力越來越大,20.0,M,ntnu,https://www.dcard.tw/f/ntnu/p/235117838,dcard,comment,我聽音樂怎麼壓力越來越大,"['我', '聽', '音樂', '怎麼', '壓力', '越來越', '大']","['聽', '音樂', '壓力', '越來越']",[],negative
152,d9ba2dd3-f342-4950-92d1-e8dd14b8f651,235117838,2021-01-06T03:17:48.744Z,2021-01-06T03:17:48.744Z,17,B4 現在決定延畢就能放假了呢,1.0,M,ntnu,https://www.dcard.tw/f/ntnu/p/235117838,dcard,comment,現在決定延畢就能放假了呢,"['現在', '決定', '延畢', '就', '能', '放假', '了', '呢']","['現在', '決定', '延畢', '放假']",[],positive
153,96af72fe-5cf8-42f5-b1c9-71566f41925e,235117838,2021-01-06T04:06:25.683Z,2021-01-06T04:06:25.683Z,18,我壓力也大 QAQ,0.0,F,ntnu,https://www.dcard.tw/f/ntnu/p/235117838,dcard,comment,我壓力也大,"['我', '壓力', '也', '大']",['壓力'],[],negative
154,68883927-3ed6-4703-9d95-107b9a4512e6,235117838,2021-01-06T04:08:08.921Z,2021-01-06T04:08:08.921Z,19,b18 期末考沒去會怎樣嗎,0.0,M,ntnu,https://www.dcard.tw/f/ntnu/p/235117838,dcard,comment,期末考沒去會怎樣嗎,"['期末考', '沒', '去', '會', '怎樣', '嗎']",['期末考'],[],negative
155,93d3945e-2506-4f3d-89c2-294616e835bd,235117838,2021-01-06T04:10:16.347Z,2021-01-06T04:10:16.347Z,20,"B19 沒去80%機率會被當吧 •́  ‿ ,•̀
期末成績不是通常比期中佔比更重嗎",0.0,F,ntnu,https://www.dcard.tw/f/ntnu/p/235117838,dcard,comment,沒去機率會被當吧期末成績不是通常比期中佔比更重嗎,"['沒', '去', '機率', '會', '被', '當', '吧', '期末', '成績', '不', '是', '通常', '比', '期中', '佔', '比', '更', '重', '嗎']","['機率', '期末', '成績', '通常', '期中', '佔', '重']",[],neutral
156,635bc2e9-a9be-4326-87fa-2c3243d9002a,235117838,2021-01-06T04:10:42.598Z,2021-01-06T04:10:42.598Z,21,B20 會被退學嗎,0.0,M,ntnu,https://www.dcard.tw/f/ntnu/p/235117838,dcard,comment,會被退學嗎,"['會', '被', '退學', '嗎']",['退學'],[],negative
157,a80ea296-25ac-4920-a6d1-36f9c0170dab,235117838,2021-01-06T04:11:33.457Z,2021-01-06T04:11:33.457Z,22,B20 是某音史嗎,0.0,M,ntnu,https://www.dcard.tw/f/ntnu/p/235117838,dcard,comment,是某音史嗎,"['是', '某', '音史', '嗎']",['音史'],[],neutral
158,e08324dd-be88-423f-a4f5-19dedcee22df,235117838,2021-01-06T04:13:31.060Z,2021-01-06T04:13:31.060Z,23,B21 除非其他科成績也不太好不然應該是不會,1.0,F,ntnu,https://www.dcard.tw/f/ntnu/p/235117838,dcard,comment,除非其他科成績也不太好不然應該是不會,"['除非', '其他', '科', '成績', '也', '不', '太', '好', '不然', '應該', '是', '不會']","['科', '成績', '太', '好', '應該']",[],negative
159,ebf849f9-ea58-4a84-9cee-edae52898427,235117838,2021-01-06T04:15:11.570Z,2021-01-06T04:15:11.570Z,24,B22 你也在擔心某音史嗎哈哈哈哈,3.0,F,ntnu,https://www.dcard.tw/f/ntnu/p/235117838,dcard,comment,你也在擔心某音史嗎哈哈哈哈,"['你', '也', '在', '擔心', '某', '音史', '嗎', '哈哈', '哈哈']","['擔心', '音史']",[],positive
160,e88c6e10-50d3-457c-8189-7647effddb13,235117838,2021-01-06T04:16:17.188Z,2021-01-06T04:16:17.188Z,25,B24哭了,0.0,M,ntnu,https://www.dcard.tw/f/ntnu/p/235117838,dcard,comment,哭了,"['哭', '了']",['哭'],[],neutral
161,a542f50c-17b3-44ac-9a6e-d0303e0e5d2d,235117838,2021-01-06T05:40:13.064Z,2021-01-06T05:40:13.064Z,26,全被當也不會被退學 你可以待著混六年 直到修業年限到後被踢出去,3.0,M,ntnu,https://www.dcard.tw/f/ntnu/p/235117838,dcard,comment,全被當也不會被退學你可以待著混六年直到修業年限到後被踢出去,"['全', '被', '當', '也', '不會', '被', '退學', '你', '可以', '待', '著', '混', '六年', '直到', '修業', '年限', '到', '後', '被', '踢出去']","['全', '退學', '混', '六年', '直到', '修業', '年限', '後', '踢出去']",[],negative
162,c90df284-26c8-4079-9bab-328f682a0614,235117838,2021-01-06T06:09:01.227Z,2021-01-06T06:09:01.227Z,27,我的普心🥲我笑不出來,0.0,F,ntnu,https://www.dcard.tw/f/ntnu/p/235117838,dcard,comment,我的普心我笑不出來,"['我', '的', '普', '心', '我', '笑', '不', '出來']","['普', '心', '笑']",[],neutral
163,986fdab1-aade-41d5-b906-169f7056c25c,235117838,2021-01-06T09:17:01.810Z,2021-01-06T09:17:01.810Z,28,麻將好好玩,0.0,M,ntnu,https://www.dcard.tw/f/ntnu/p/235117838,dcard,comment,麻將好好玩,"['麻將', '好好玩']","['麻將', '好好玩']",[],neutral
164,c45c793f-e64e-421d-8a9d-8ffb328424fe,235117838,2021-01-11T11:12:17.265Z,2021-01-11T11:12:17.265Z,29,很好奇音樂史到底是怎樣一個難法,0.0,M,ntnu,https://www.dcard.tw/f/ntnu/p/235117838,dcard,comment,很好奇音樂史到底是怎樣一個難法,"['很', '好奇', '音樂史', '到底', '是', '怎樣', '一', '個', '難', '法']","['好奇', '音樂史', '難', '法']",[],negative
165,586af10c-7551-41a6-b160-4085981f27bb,235117329,2021-01-06T06:29:07.059Z,2021-01-06T06:29:07.059Z,1,期末會有一題主題是自主學習的加分題,0.0,F,ntnu,https://www.dcard.tw/f/ntnu/p/235117329,dcard,comment,期末會有一題主題是自主學習的加分題,"['期末', '會', '有', '一', '題', '主題', '是', '自主', '學習', '的', '加分', '題']","['期末', '題', '主題', '自主', '學習', '加分', '題']",[],positive
166,161421c4-6372-4e52-b8f4-ac0315d061a6,235117329,2021-01-06T07:29:42.673Z,2021-01-06T07:29:42.673Z,2,B1 好人一生平安,1.0,M,ntnu,https://www.dcard.tw/f/ntnu/p/235117329,dcard,comment,好人一生平安,"['好人', '一生', '平安']","['好人', '一生', '平安']",[],positive
167,094ee2fe-4261-4218-9b14-ae631bb3e312,235115204,2021-01-05T06:27:36.325Z,2021-01-05T06:27:36.325Z,1,裡面有蠻多重複的題目耶，這是正常的嗎😂,0.0,F,ntnu,https://www.dcard.tw/f/ntnu/p/235115204,dcard,comment,裡面有蠻多重複的題目耶這是正常的嗎,"['裡面', '有', '蠻', '多', '重複', '的', '題目', '耶', '這', '是', '正常', '的', '嗎']","['裡面', '重複', '題目', '耶', '正常']",[],positive
168,3fe95475-8f5f-40b3-ac9c-7a9e76e174aa,235115204,2021-01-05T06:52:53.491Z,2021-01-05T06:52:53.491Z,2,"B1 感謝填寫~
裡面的內容可能會很像，但主詞是不一樣的，填的時候可能要注意一下😅😅
感謝~",0.0,M,ntnu,https://www.dcard.tw/f/ntnu/p/235115204,dcard,comment,感謝填寫裡面的內容可能會很像但主詞是不一樣的填的時候可能要注意一下感謝,"['感謝', '填寫', '裡面', '的', '內容', '可能', '會', '很', '像', '但', '主詞', '是', '不', '一樣', '的', '填', '的', '時候', '可能', '要', '注意', '一下', '感謝']","['感謝', '填寫', '裡面', '內容', '主詞', '填', '注意', '一下', '感謝']",[],positive
169,fc095ccc-24b5-4f3b-9e98-9d7c837b120e,235115204,2021-01-05T10:38:36.927Z,2021-01-05T10:38:36.927Z,3,填囉~,0.0,M,ntnu,https://www.dcard.tw/f/ntnu/p/235115204,dcard,comment,填囉,"['填', '囉']","['填', '囉']",[],neutral
170,23d476f7-e06f-4d87-a22e-f212a6326151,235111898,2021-01-05T06:47:42.832Z,2021-01-05T06:47:42.832Z,1,已填好了～,1.0,F,ntnu,https://www.dcard.tw/f/ntnu/p/235111898,dcard,comment,已填好了,"['已', '填好', '了']","['已', '填好']",[],neutral
171,66334185-5999-4708-81ed-854fd3b0a204,235111898,2021-01-06T06:13:28.892Z,2021-01-06T06:13:28.892Z,2,Done,1.0,M,ntnu,https://www.dcard.tw/f/ntnu/p/235111898,dcard,comment,,,[],[],neutral
172,9b764ddb-1217-44df-947f-7163b52212bc,235111898,2021-01-06T09:56:25.363Z,2021-01-06T09:56:25.363Z,3,感覺很好玩！！！,0.0,F,ntnu,https://www.dcard.tw/f/ntnu/p/235111898,dcard,comment,感覺很好玩,"['感覺', '很', '好玩']","['感覺', '好玩']",[],neutral
173,403c091e-b2d2-4964-b4de-52e494762f05,235110397,2021-01-04T18:57:54.750Z,2021-01-04T18:57:54.750Z,1,題型分為名詞解釋跟申論；名詞解釋的部分老師會出數題然後再自行選擇作答，申論亦同。申論老師說會出大範圍發表自己的看法的而不是要背的，只是老師會出一些今天上台報告的東西。,0.0,M,ntnu,https://www.dcard.tw/f/ntnu/p/235110397,dcard,comment,題型分為名詞解釋跟申論名詞解釋的部分老師會出數題然後再自行選擇作答申論亦同申論老師說會出大範圍發表自己的看法的而不是要背的只是老師會出一些今天上台報告的東西,"['題型', '分為', '名詞', '解釋', '跟', '申論', '名詞', '解釋', '的', '部分', '老師', '會', '出', '數', '題', '然後', '再', '自行', '選擇', '作答', '申論', '亦', '同', '申論', '老師', '說', '會', '出', '大', '範圍', '發表', '自己', '的', '看法', '的', '而', '不', '是', '要', '背', '的', '只是', '老師', '會', '出', '一些', '今天', '上台', '報告', '的', '東西']","['題型', '分為', '名詞', '解釋', '申論', '名詞', '解釋', '部分', '老師', '數', '題', '再', '自行', '選擇', '作答', '申論', '亦', '申論', '老師', '說', '範圍', '發表', '看法', '背', '老師', '一些', '今天', '上台', '報告', '東西']",[],negative
174,3e79c8ff-6285-4096-b317-ee97a5b17fae,235105509,2021-01-03T17:02:20.449Z,2021-01-03T17:02:20.449Z,1,"科技大樓那邊有一間叫「怡登」的很有名
蔡士棹醫師算是矯正權威
但價格可能也會偏高
妳可以考慮看看",1.0,F,ntnu,https://www.dcard.tw/f/ntnu/p/235105509,dcard,comment,科技大樓那邊有一間叫怡登的很有名蔡士棹醫師算是矯正權威但價格可能也會偏高妳可以考慮看看,"['科技', '大樓', '那邊', '有', '一', '間', '叫', '怡', '登', '的', '很', '有名', '蔡士棹', '醫師', '算是', '矯正', '權威', '但', '價格', '可能', '也', '會', '偏', '高', '妳', '可以', '考慮', '看看']","['科技', '大樓', '間', '怡', '登', '有名', '蔡士棹', '醫師', '算是', '矯正', '權威', '價格', '偏', '高', '妳', '考慮', '看看']",[],positive
175,cf6cf3ad-410f-4cec-9c30-eecd7a42fcad,235105509,2021-01-04T06:00:43.705Z,2021-01-04T06:00:43.705Z,2,B1 好的 謝謝你 我再去詢問看看,0.0,F,ntnu,https://www.dcard.tw/f/ntnu/p/235105509,dcard,comment,好的謝謝你我再去詢問看看,"['好', '的', '謝謝', '你我', '再', '去', '詢問', '看看']","['好', '謝謝', '你我', '再', '詢問', '看看']",[],positive
176,0164f45e-adcd-42de-bed0-024e58d6c024,235105509,2021-01-04T15:37:25.317Z,2021-01-04T15:37:25.317Z,3,"我在古亭站的明圳顎齒矯正
也是價位偏高，我自己是覺得服務很好👌🏼",1.0,F,ntnu,https://www.dcard.tw/f/ntnu/p/235105509,dcard,comment,我在古亭站的明圳顎齒矯正也是價位偏高我自己是覺得服務很好,"['我', '在', '古亭', '站', '的', '明圳顎齒', '矯正', '也', '是', '價位', '偏', '高', '我', '自己', '是', '覺得', '服務', '很', '好']","['古亭', '站', '明圳顎齒', '矯正', '價位', '偏', '高', '覺得', '服務', '好']",[],positive
177,75abdaf2-a3b8-4d30-b00c-252c7b2382e4,235105509,2021-01-05T14:03:11.781Z,2021-01-05T14:03:11.781Z,4,普羅,0.0,F,ntnu,https://www.dcard.tw/f/ntnu/p/235105509,dcard,comment,普羅,['普羅'],['普羅'],[],neutral
178,1c1c1df1-d9bf-427a-9b08-24ee04ad4b36,235105509,2021-01-07T18:04:47.021Z,2021-01-07T18:04:47.021Z,5,B3 我知道這間 但偏貴 我再想想謝謝,0.0,F,ntnu,https://www.dcard.tw/f/ntnu/p/235105509,dcard,comment,我知道這間但偏貴我再想想謝謝,"['我', '知道', '這', '間', '但', '偏', '貴', '我', '再', '想想', '謝謝']","['知道', '間', '偏', '貴', '再', '想想', '謝謝']",[],positive
179,65d0a73d-c171-45a4-9e6f-ccb061eb679a,235105509,2021-01-07T18:05:00.501Z,2021-01-07T18:05:00.501Z,6,B4 好的 謝謝你,0.0,F,ntnu,https://www.dcard.tw/f/ntnu/p/235105509,dcard,comment,好的謝謝你,"['好', '的', '謝謝', '你']","['好', '謝謝']",[],positive
180,47068f85-d3b4-4000-bc1a-ee863967162e,235103816,2021-01-03T15:28:07.917Z,2021-01-03T15:28:07.917Z,1,防疫吧,0.0,F,ntnu,https://www.dcard.tw/f/ntnu/p/235103816,dcard,comment,防疫吧,"['防疫', '吧']",['防疫'],[],neutral
181,7dddea68-bc8b-4614-adfc-f2fa50673e8e,235103816,2021-01-03T21:56:08.753Z,2021-01-03T21:56:08.753Z,2,"防疫變成臨時停車場了😗
而且學校的規劃應該是希望大家都走柏油路啦雖然比較遠",1.0,M,ntnu,https://www.dcard.tw/f/ntnu/p/235103816,dcard,comment,防疫變成臨時停車場了而且學校的規劃應該是希望大家都走柏油路啦雖然比較遠,"['防疫', '變成', '臨時', '停車場', '了', '而且', '學校', '的', '規劃', '應該', '是', '希望', '大家', '都', '走', '柏油路', '啦', '雖然', '比較', '遠']","['防疫', '變成', '臨時', '停車場', '學校', '規劃', '應該', '希望', '走', '柏油路', '比較', '遠']",[],positive
182,0618c2e5-8588-4041-b061-b49b1aa563de,235103816,2021-01-03T22:13:34.601Z,2021-01-03T22:13:34.601Z,3,"其實學校下班後
有很多側門都應該要開放",0.0,M,ntnu,https://www.dcard.tw/f/ntnu/p/235103816,dcard,comment,其實學校下班後有很多側門都應該要開放,"['其實', '學校', '下班', '後', '有', '很多', '側門', '都', '應該', '要', '開放']","['學校', '下班', '後', '側門', '應該', '開放']",[],positive
183,42bc1a7b-1d86-406e-8688-739b705135bc,235103816,2021-01-04T02:00:08.401Z,2021-01-04T02:00:08.401Z,4,"學校的防疫
就是把分部的側門都關起來
然後看本部同學有什麼需求開放側門",3.0,M,ntnu,https://www.dcard.tw/f/ntnu/p/235103816,dcard,comment,學校的防疫就是把分部的側門都關起來然後看本部同學有什麼需求開放側門,"['學校', '的', '防疫', '就是', '把', '分部', '的', '側門', '都', '關起', '來', '然後', '看', '本部', '同學', '有', '什麼', '需求', '開放', '側門']","['學校', '防疫', '分部', '側門', '關起', '本部', '同學', '需求', '開放', '側門']",[],positive
184,0d373cc5-35da-46d2-87bd-93b43ac54c44,235103816,2021-01-04T10:28:09.127Z,2021-01-04T10:28:09.127Z,5,"反正如果爬牆出事
學校也會說是個人行為啊🤷🏻‍♂️",0.0,M,ntnu,https://www.dcard.tw/f/ntnu/p/235103816,dcard,comment,反正如果爬牆出事學校也會說是個人行為啊,"['反正', '如果', '爬牆', '出事', '學校', '也', '會', '說', '是', '個', '人行', '為', '啊']","['反正', '爬牆', '出事', '學校', '說', '人行']",[],neutral
185,374c593a-2a8c-4875-9b26-60879cf2b22c,235103224,2021-01-04T07:03:19.738Z,2021-01-04T07:10:35.101Z,1,"誰說師大是讀來當老師的？
對於我來說，比起台清交成，師大甄試好上，是拿來讓技職體系洗學歷用的，畢業後一樣能跟業界接軌

也有人在師大期間，積極參與活動或打工，而或是努力考證照，在就業上也具有一定競爭力

畢竟師大以理論為主，與實務偏差較遠，但沒有理論基礎，很多實務根本搞不出來",6.0,M,ntnu,https://www.dcard.tw/f/ntnu/p/235103224,dcard,comment,誰說師大是讀來當老師的對於我來說比起台清交成師大甄試好上是拿來讓技職體系洗學歷用的畢業後一樣能跟業界接軌也有人在師大期間積極參與活動或打工而或是努力考證照在就業上也具有一定競爭力畢竟師大以理論為主與實務偏差較遠但沒有理論基礎很多實務根本搞不出來,"['誰', '說', '師大', '是', '讀來', '當', '老師', '的', '對於', '我', '來', '說', '比起', '台清交成', '師大', '甄試', '好上', '是', '拿來', '讓', '技職', '體系', '洗', '學歷', '用', '的', '畢業', '後', '一樣', '能', '跟', '業界', '接軌', '也', '有', '人', '在', '師大', '期間', '積極', '參與', '活動', '或', '打工', '而', '或是', '努力', '考證', '照', '在', '就業', '上', '也', '具有', '一定', '競爭力', '畢竟', '師大', '以', '理論', '為主', '與', '實務', '偏差', '較', '遠', '但', '沒有', '理論', '基礎', '很多', '實務', '根本', '搞不出', '來']","['說', '師大', '讀來', '老師', '說', '台清交成', '師大', '甄試', '好上', '拿來', '技職', '體系', '洗', '學歷', '畢業', '後', '業界', '接軌', '人', '師大', '期間', '積極', '參與', '活動', '打工', '努力', '考證', '就業', '具有', '一定', '競爭力', '師大', '理論', '為主', '實務', '偏差', '遠', '理論', '基礎', '實務', '根本', '搞不出']",[],positive
186,a090809e-7318-4817-bed3-382d1984cd4c,235103224,2021-01-04T14:24:39.087Z,2021-01-04T14:24:39.087Z,2,"當然成大 這有什麼好猶豫的嗎我不懂
而且成大也有師培",2.0,M,ntnu,https://www.dcard.tw/f/ntnu/p/235103224,dcard,comment,當然成大這有什麼好猶豫的嗎我不懂而且成大也有師培,"['當然', '成大', '這', '有', '什麼', '好', '猶豫', '的', '嗎', '我', '不', '懂', '而且', '成大', '也', '有', '師', '培']","['成大', '好', '猶豫', '懂', '成大', '師', '培']",[],negative
187,dac87679-7cf6-467e-8c20-7351572cd3f1,235103224,2021-01-04T14:33:03.055Z,2021-01-04T14:33:03.055Z,3,B2 我後來發現那篇文章是在反串,0.0,M,ntnu,https://www.dcard.tw/f/ntnu/p/235103224,dcard,comment,我後來發現那篇文章是在反串,"['我', '後來', '發現', '那', '篇', '文章', '是', '在', '反串']","['發現', '篇', '文章', '反串']",[],neutral
188,45367a43-6d89-44f9-9e9d-11abbe1d7809,235102938,2021-01-03T13:32:21.383Z,2021-01-03T13:32:21.383Z,1,你肯定不知道我們化學系有陳老師......,2.0,M,ntnu,https://www.dcard.tw/f/ntnu/p/235102938,dcard,comment,你肯定不知道我們化學系有陳老師,"['你', '肯定', '不', '知道', '我們', '化學系', '有', '陳', '老師']","['肯定', '知道', '化學系', '陳', '老師']",[],positive
189,c9de623a-1d26-4911-ac44-4a66c994337f,235102938,2021-01-03T13:33:34.614Z,2021-01-03T13:33:34.614Z,2,B1 他誰,0.0,M,ntnu,https://www.dcard.tw/f/ntnu/p/235102938,dcard,comment,他誰,"['他', '誰']",[],[],neutral
190,bb0d7911-4394-47c8-a3d0-f9d33915fef2,235102938,2021-01-03T14:24:56.988Z,2021-01-03T14:24:56.988Z,3,陳x俊or 陳x銘吧,2.0,M,ntnu,https://www.dcard.tw/f/ntnu/p/235102938,dcard,comment,陳俊陳銘吧,"['陳俊陳銘', '吧']",['陳俊陳銘'],[],neutral
191,1423be2e-2da1-4f25-aad8-4399742b1d4b,235102938,2021-01-03T14:26:35.115Z,2021-01-03T14:26:35.115Z,4,B3 他們怎麼了？,1.0,M,ntnu,https://www.dcard.tw/f/ntnu/p/235102938,dcard,comment,他們怎麼了,"['他們', '怎麼', '了']",[],[],neutral
192,0102840b-037d-4c5c-ae19-6601737b0426,235102938,2021-01-03T17:35:51.454Z,2021-01-03T17:36:25.869Z,5,"修行在個人
唸數學可以想辦法跨資工
唸物理可以想辦法跨光電半導體
唸化學可以想辦法跨材料化工
明明一堆選擇，自己不好好努力不要怪到學校上",3.0,M,ntnu,https://www.dcard.tw/f/ntnu/p/235102938,dcard,comment,修行在個人唸數學可以想辦法跨資工唸物理可以想辦法跨光電半導體唸化學可以想辦法跨材料化工明明一堆選擇自己不好好努力不要怪到學校上,"['修行', '在', '個人唸', '數學', '可以', '想辦法跨', '資工', '唸', '物理', '可以', '想辦法跨', '光電', '半導體', '唸', '化學', '可以', '想辦法跨', '材料', '化工', '明明', '一', '堆', '選擇', '自己', '不', '好好', '努力', '不要', '怪到', '學校', '上']","['修行', '個人唸', '數學', '想辦法跨', '資工', '唸', '物理', '想辦法跨', '光電', '半導體', '唸', '化學', '想辦法跨', '材料', '化工', '明明', '堆', '選擇', '好好', '努力', '怪到', '學校']",[],negative
193,31ec7fc6-91a0-4b7e-becf-2ca90c27a831,235102938,2021-01-04T04:19:35.569Z,2021-01-04T04:19:35.569Z,6,一個是之前桃園燒掉那個藥廠的獨董r,0.0,M,ntnu,https://www.dcard.tw/f/ntnu/p/235102938,dcard,comment,一個是之前桃園燒掉那個藥廠的獨董,"['一', '個', '是', '之前', '桃園', '燒掉', '那', '個', '藥廠', '的', '獨', '董']","['之前', '桃園', '燒掉', '藥廠', '董']",[],neutral
194,b270810f-04b4-40f0-8ad6-37e24827d60d,235102938,2021-01-04T04:33:40.433Z,2021-01-04T04:33:40.433Z,7,"其實師大化學也不是很適合走教學研究
會跟清大交大有就業上的落差也不在於此
在於清大交大有跟產業做結合 會培育出去業界需要的能力
師大化學目前的教授群的研究方面其實不比台大差甚至比清交還優秀（雖然再過幾年可能越來越多教授退休了，像是今年的葉教授）
大家應該都知道以前的師大可以說是第二志願的大學，還有公費生時期的那時候，很多家境比較貧窮但是很有實力的學生也都會選擇來師大就讀
，因此很多是選擇台大不唸而來師大的（林教授就是此例子）

簡單來說師大培育的是一位科學家就是比起清交更鑽研在研究，而不是出去業界工作的高科技人才（工廠中的一個螺絲釘）

以上為就讀師大化學系兩年的人小小的所見所聞
有出入再請更有經驗的學長姐補充了

話說教學研究就走教育系吧，師大化學我不覺得有任何課程可以培育教育人才，除非修教育學程但這也不是師大化學系本身主要負責的內容項目",5.0,M,ntnu,https://www.dcard.tw/f/ntnu/p/235102938,dcard,comment,其實師大化學也不是很適合走教學研究會跟清大交大有就業上的落差也不在於此在於清大交大有跟產業做結合會培育出去業界需要的能力師大化學目前的教授群的研究方面其實不比台大差甚至比清交還優秀雖然再過幾年可能越來越多教授退休了像是今年的葉教授大家應該都知道以前的師大可以說是第二志願的大學還有公費生時期的那時候很多家境比較貧窮但是很有實力的學生也都會選擇來師大就讀因此很多是選擇台大不唸而來師大的林教授就是此例子簡單來說師大培育的是一位科學家就是比起清交更鑽研在研究而不是出去業界工作的高科技人才工廠中的一個螺絲釘以上為就讀師大化學系兩年的人小小的所見所聞有出入再請更有經驗的學長姐補充了話說教學研究就走教育系吧師大化學我不覺得有任何課程可以培育教育人才除非修教育學程但這也不是師大化學系本身主要負責的內容項目,"['其實', '師大', '化學', '也', '不', '是', '很', '適合', '走', '教學', '研究會', '跟', '清大', '交大', '有', '就業', '上', '的', '落差', '也', '不', '在', '於此', '在於', '清大', '交大', '有', '跟', '產業', '做', '結合', '會', '培育', '出去', '業界', '需要', '的', '能力', '師大', '化學', '目前', '的', '教授群', '的', '研究', '方面', '其實', '不比', '台大', '差', '甚至', '比', '清', '交還', '優秀', '雖然', '再', '過', '幾年', '可能', '越來越', '多', '教授', '退休', '了', '像是', '今年', '的', '葉', '教授', '大家', '應該', '都', '知道', '以前', '的', '師大', '可以', '說', '是', '第二', '志願', '的', '大學', '還', '有', '公費生', '時期', '的', '那', '時候', '很多', '家境', '比較', '貧窮', '但是', '很', '有', '實力', '的', '學生', '也', '都', '會', '選擇', '來', '師大', '就讀', '因此', '很多', '是', '選擇', '台大', '不', '唸', '而', '來', '師大', '的', '林', '教授', '就是', '此', '例子', '簡單', '來', '說', '師大', '培育', '的', '是', '一', '位', '科學家', '就是', '比起', '清交', '更', '鑽研', '在', '研究', '而', '不', '是', '出去', '業界', '工作', '的', '高科技', '人才', '工廠', '中', '的', '一', '個', '螺絲釘', '以上', '為', '就讀', '師大', '化學系', '兩年', '的', '人', '小小', '的', '所見所聞', '有出入', '再', '請', '更', '有', '經驗', '的', '學長', '姐', '補充', '了', '話說', '教學', '研究', '就', '走', '教育系', '吧', '師大', '化學', '我', '不', '覺得', '有', '任何', '課程', '可以', '培育', '教育', '人才', '除非', '修', '教育', '學程', '但', '這', '也', '不', '是', '師大', '化學系', '本身', '主要', '負責', '的', '內容', '項目']","['師大', '化學', '適合', '走', '教學', '研究會', '清大', '交大', '就業', '落差', '於此', '在於', '清大', '交大', '產業', '做', '結合', '培育', '業界', '需要', '能力', '師大', '化學', '目前', '教授群', '研究', '方面', '台大', '差', '清', '交還', '優秀', '再', '幾年', '越來越', '教授', '退休', '像是', '今年', '葉', '教授', '應該', '知道', '以前', '師大', '說', '第二', '志願', '大學', '公費生', '時期', '家境', '比較', '貧窮', '實力', '學生', '選擇', '師大', '就讀', '選擇', '台大', '唸', '師大', '林', '教授', '例子', '簡單', '說', '師大', '培育', '位', '科學家', '清交', '鑽研', '研究', '業界', '工作', '高科技', '人才', '工廠', '中', '螺絲釘', '以上', '就讀', '師大', '化學系', '兩年', '人', '小小', '所見所聞', '有出入', '再', '請', '經驗', '學長', '姐', '補充', '教學', '研究', '走', '教育系', '師大', '化學', '覺得', '課程', '培育', '教育', '人才', '修', '教育', '學程', '師大', '化學系', '主要', '負責', '內容', '項目']","['師大', '化學', '培育']",positive
195,7210b3e7-c251-4568-bed1-0685f9877577,235102938,2021-01-04T05:14:51.993Z,2021-01-04T05:15:13.282Z,8,國文系出來可以去仁寶電腦當董事也可以去安麗當直銷，別用學校當藉口井底窺天了,1.0,M,ntnu,https://www.dcard.tw/f/ntnu/p/235102938,dcard,comment,國文系出來可以去仁寶電腦當董事也可以去安麗當直銷別用學校當藉口井底窺天了,"['國文系', '出來', '可以', '去', '仁寶', '電腦', '當', '董事', '也', '可以', '去', '安麗', '當', '直銷', '別用', '學校', '當', '藉口', '井', '底', '窺天', '了']","['國文系', '仁寶', '電腦', '董事', '安麗', '直銷', '別用', '學校', '藉口', '井', '底', '窺天']",[],negative
196,959e8942-2ad2-4a2f-be21-dea82b0915c2,235102938,2021-01-04T05:17:39.501Z,2021-01-04T05:17:39.501Z,9,"師大第二志願離現在不知道是幾十年的事了
有在業界的就知道台G其實很不喜歡收師字輩的 中字輩的受歡迎多了 因為師大的真的不大能吃苦
不信要是有認識HR的自己去問問看",3.0,M,ntnu,https://www.dcard.tw/f/ntnu/p/235102938,dcard,comment,師大第二志願離現在不知道是幾十年的事了有在業界的就知道台其實很不喜歡收師字輩的中字輩的受歡迎多了因為師大的真的不大能吃苦不信要是有認識的自己去問問看,"['師大', '第二', '志願', '離', '現在', '不', '知道', '是', '幾十年', '的', '事', '了', '有', '在', '業界', '的', '就', '知道', '台', '其實', '很', '不', '喜歡', '收師', '字輩', '的', '中', '字輩', '的', '受', '歡迎', '多', '了', '因為', '師大', '的', '真的', '不', '大', '能', '吃苦', '不', '信', '要是', '有', '認識', '的', '自己', '去', '問問看']","['師大', '第二', '志願', '現在', '知道', '幾十年', '事', '業界', '知道', '台', '喜歡', '收師', '字輩', '中', '字輩', '受', '歡迎', '師大', '真的', '吃苦', '信', '認識', '問問看']",[],positive
197,e68f053a-b4f9-48c2-bab4-5f2a5ca15eae,235102938,2021-01-04T05:28:10.968Z,2021-01-04T05:28:10.968Z,10,B9 沒錯 但那個最強時期的學生都是現在的教授（雖然近期資深的可能也都快退光了 但還是有蠻多優秀的 再過幾年就要看看了）,1.0,M,ntnu,https://www.dcard.tw/f/ntnu/p/235102938,dcard,comment,沒錯但那個最強時期的學生都是現在的教授雖然近期資深的可能也都快退光了但還是有蠻多優秀的再過幾年就要看看了,"['沒', '錯', '但', '那', '個', '最', '強', '時期', '的', '學生', '都', '是', '現在', '的', '教授', '雖然', '近期', '資深', '的', '可能', '也', '都', '快', '退光', '了', '但', '還是', '有', '蠻', '多', '優秀', '的', '再', '過', '幾年', '就', '要', '看看', '了']","['錯', '最', '強', '時期', '學生', '現在', '教授', '近期', '資深', '退光', '優秀', '再', '幾年', '看看']",[],positive
198,5ed3e4d9-67ed-4448-8ff3-138c1447bef6,235102938,2021-01-04T06:34:46.138Z,2021-01-04T06:34:46.138Z,11,哪裡來的師資 哪裡出路不多 你國中生喔,0.0,M,ntnu,https://www.dcard.tw/f/ntnu/p/235102938,dcard,comment,哪裡來的師資哪裡出路不多你國中生喔,"['哪裡', '來', '的', '師資', '哪裡', '出路', '不', '多', '你', '國中生', '喔']","['哪裡', '師資', '哪裡', '出路', '國中生']",[],neutral
199,8078fa93-9ec2-4792-9a5e-7ddafde6d9c3,235102938,2021-01-04T10:56:47.041Z,2021-01-04T10:56:47.041Z,12,"師大的眼界、格局等等真的差台大太多太多了...
如果沒有要當老師，真的別讀師範體系。",4.0,F,ntnu,https://www.dcard.tw/f/ntnu/p/235102938,dcard,comment,師大的眼界格局等等真的差台大太多太多了如果沒有要當老師真的別讀師範體系,"['師大', '的', '眼界', '格局', '等等', '真的', '差', '台大', '太多', '太多', '了', '如果', '沒有', '要', '當', '老師', '真的', '別', '讀', '師範', '體系']","['師大', '眼界', '格局', '真的', '差', '台大', '太多', '太多', '老師', '真的', '讀', '師範', '體系']",[],negative
200,9b1f47d9-3031-4279-80ca-cddec6c0e9aa,235102938,2021-01-04T11:25:09.996Z,2021-01-04T11:25:09.996Z,13,"我認識的都一畢業就去業界工作耶
反而當老師的才是少數",1.0,M,ntnu,https://www.dcard.tw/f/ntnu/p/235102938,dcard,comment,我認識的都一畢業就去業界工作耶反而當老師的才是少數,"['我', '認識', '的', '都', '一', '畢業', '就', '去', '業界', '工作', '耶', '反而', '當', '老師', '的', '才', '是', '少數']","['認識', '畢業', '業界', '工作', '耶', '老師', '少數']",[],neutral
201,06cfd9ad-96a8-4dba-851b-e0fba859f4c3,235102938,2021-01-04T14:28:11.722Z,2021-01-04T14:28:11.722Z,14,"說實話 沒想當老師真的不要選師大
就算想當老師也可以考慮一下其他學校
因為現在師培資格不是師大專屬了
我高中很多老師都非師大出身(像是台成 中字輩",5.0,M,ntnu,https://www.dcard.tw/f/ntnu/p/235102938,dcard,comment,說實話沒想當老師真的不要選師大就算想當老師也可以考慮一下其他學校因為現在師培資格不是師大專屬了我高中很多老師都非師大出身像是台成中字輩,"['說', '實話', '沒', '想', '當', '老師', '真的', '不要', '選', '師大', '就算', '想', '當', '老師', '也', '可以', '考慮', '一下', '其他', '學校', '因為', '現在', '師培', '資格', '不', '是', '師大', '專屬', '了', '我', '高中', '很多', '老師', '都', '非', '師大', '出身', '像是', '台成', '中字', '輩']","['說', '實話', '想', '老師', '真的', '選', '師大', '想', '老師', '考慮', '一下', '學校', '現在', '師培', '資格', '師大', '專屬', '高中', '老師', '非', '師大', '出身', '像是', '台成', '中字', '輩']",[],positive
202,b92b7d10-fa83-4a7e-9083-443926513125,235102938,2021-01-05T17:22:26.712Z,2021-01-05T17:22:26.712Z,15,我們系來說師大實作真的很差,0.0,M,ntnu,https://www.dcard.tw/f/ntnu/p/235102938,dcard,comment,我們系來說師大實作真的很差,"['我們', '系', '來', '說', '師大', '實作', '真的', '很', '差']","['系', '說', '師大', '實作', '真的', '差']",[],neutral
