0,118cd52c-2f80-4552-846c-7f99bfb8b727,235134474,2021-01-08T04:26:57.334Z,2021-01-08T04:26:57.334Z,1,"我聽到救護車跟消防車
你是不是對曾先生太好了",0.0,M,thu,https://www.dcard.tw/f/thu/p/235134474,dcard,comment,我聽到救護車跟消防車你是不是對曾先生太好了,"['我', '聽到', '救護車', '跟', '消防車', '你', '是', '不', '是', '對', '曾', '先生', '太', '好了']","['聽到', '救護車', '消防車', '曾', '先生', '太', '好了']",[],neutral
1,19371daf-cdc8-4353-a5e7-5bd6a2b2a53a,235134265,2021-01-08T04:06:32.170Z,2021-01-08T04:06:32.170Z,1,歡迎我們產經四的同學把1292遷走好嗎,0.0,M,thu,https://www.dcard.tw/f/thu/p/235134265,dcard,comment,歡迎我們產經四的同學把遷走好嗎,"['歡迎', '我們', '產經', '四', '的', '同學', '把', '遷走', '好', '嗎']","['歡迎', '產經', '同學', '遷走', '好']",[],positive
2,308187ab-0a81-4415-896e-9f1aeb15b4d5,235134265,2021-01-08T04:17:36.953Z,2021-01-08T04:17:36.953Z,2,你車子那麼小一台，停那麼大一個位子，也不會立中柱，旁邊位子還那麼大，雖然我不是本人，但是妳自己那樣停車也是不ok，多花個1-2秒立中柱，就又有一個位子,5.0,M,thu,https://www.dcard.tw/f/thu/p/235134265,dcard,comment,你車子那麼小一台停那麼大一個位子也不會立中柱旁邊位子還那麼大雖然我不是本人但是妳自己那樣停車也是不多花個秒立中柱就又有一個位子,"['你', '車子', '那麼', '小', '一', '台', '停', '那麼', '大一', '個', '位子', '也', '不會', '立中柱', '旁邊', '位子', '還', '那麼', '大', '雖然', '我', '不', '是', '本人', '但是', '妳', '自己', '那樣', '停車', '也', '是', '不', '多', '花', '個', '秒', '立中柱', '就', '又', '有', '一', '個', '位子']","['車子', '小', '台', '停', '大一', '位子', '立中柱', '旁邊', '位子', '妳', '停車', '花', '秒', '立中柱', '位子']",[],negative
3,c5d853dd-a158-48ce-bb94-30faffe95fc1,235134166,2021-01-08T02:30:52.804Z,2021-01-08T02:30:52.804Z,1,你右邊斜對面的鄰長「在旁邊裝類似工廠的倉庫」，他外面的機器超吵，跟環保局檢舉都沒人來看,2.0,M,thu,https://www.dcard.tw/f/thu/p/235134166,dcard,comment,你右邊斜對面的鄰長在旁邊裝類似工廠的倉庫他外面的機器超吵跟環保局檢舉都沒人來看,"['你', '右邊', '斜對面', '的', '鄰長', '在', '旁邊', '裝', '類似', '工廠', '的', '倉庫', '他', '外面', '的', '機器', '超吵', '跟', '環保局', '檢舉', '都', '沒', '人', '來', '看']","['右邊', '斜對面', '鄰長', '旁邊', '裝', '類似', '工廠', '倉庫', '外面', '機器', '超吵', '環保局', '檢舉', '人']",[],neutral
4,a8057568-271b-4383-bbc1-1780ca6eadce,235134166,2021-01-08T03:05:59.791Z,2021-01-08T03:05:59.791Z,2,這間我有去看過！！當初帶我看的姊姊人很好（皮膚也很好哈哈哈）裡面很乾淨而且採光真的很好，我看的那幾間白天幾乎不用開燈～當初我去看也有很多不同價位的房間！是可以考慮的☺️,0.0,F,thu,https://www.dcard.tw/f/thu/p/235134166,dcard,comment,這間我有去看過當初帶我看的姊姊人很好皮膚也很好哈哈哈裡面很乾淨而且採光真的很好我看的那幾間白天幾乎不用開燈當初我去看也有很多不同價位的房間是可以考慮的,"['這', '間', '我', '有', '去', '看過', '當初', '帶', '我', '看', '的', '姊姊人', '很', '好', '皮膚', '也', '很', '好', '哈', '哈哈', '裡面', '很', '乾淨', '而且', '採光', '真的', '很', '好', '我', '看', '的', '那', '幾', '間', '白天', '幾乎', '不用', '開燈', '當初', '我', '去', '看', '也', '有', '很多', '不同', '價位', '的', '房間', '是', '可以', '考慮', '的']","['間', '看過', '當初', '姊姊人', '好', '皮膚', '好', '裡面', '乾淨', '採光', '真的', '好', '間', '白天', '不用', '開燈', '當初', '價位', '房間', '考慮']",[],positive
5,4a0ccaca-0302-4a04-a797-dcddb0caaae8,235134166,2021-01-08T04:25:51.266Z,2021-01-08T04:25:51.266Z,3,"房間小、晚上偶爾會有人在馬路吵、有地下停車場，但是最近都會停滿

書桌很漂亮！！但是妳看到的（展示屋）跟實際的還是有落差，記得先看好。

如果找阿姨處理租屋的問題我覺得速度有點慢。
我覺得小跟吵是最大的缺點啦，不然妳要吃東西其實走出去就有得吃挺方便的，1980也在附近。",0.0,M,thu,https://www.dcard.tw/f/thu/p/235134166,dcard,comment,房間小晚上偶爾會有人在馬路吵有地下停車場但是最近都會停滿書桌很漂亮但是妳看到的展示屋跟實際的還是有落差記得先看好如果找阿姨處理租屋的問題我覺得速度有點慢我覺得小跟吵是最大的缺點啦不然妳要吃東西其實走出去就有得吃挺方便的也在附近,"['房間', '小', '晚上', '偶爾', '會', '有', '人', '在', '馬路', '吵', '有', '地', '下', '停車場', '但是', '最近', '都', '會', '停滿', '書桌', '很', '漂亮', '但是', '妳', '看到', '的', '展示', '屋', '跟', '實際', '的', '還是', '有', '落差', '記得', '先', '看好', '如果', '找', '阿姨', '處理', '租屋', '的', '問題', '我', '覺得', '速度', '有點', '慢', '我', '覺得', '小', '跟', '吵', '是', '最', '大', '的', '缺點', '啦', '不然', '妳', '要', '吃', '東西', '其實', '走出去', '就', '有得', '吃', '挺', '方便', '的', '也', '在', '附近']","['房間', '小', '晚上', '人', '馬路', '吵', '下', '停車場', '最近', '停滿', '書桌', '漂亮', '妳', '看到', '展示', '屋', '實際', '落差', '記得', '先', '看好', '找', '阿姨', '處理', '租屋', '問題', '覺得', '速度', '有點', '慢', '覺得', '小', '吵', '最', '缺點', '妳', '吃', '東西', '走出去', '有得', '吃', '挺', '方便', '附近']",[],negative
6,8ca38219-3e47-42e5-bdef-b5ea86e325ae,235134166,2021-01-08T04:47:26.088Z,2021-01-08T04:47:26.088Z,4,B3幹馬路真的很吵，一堆停車技術很差的在那邊狂補油門又停很久，還有一些臭老人很愛在馬路上大聲講話很久，或是男朋友來載女生回來不熄火在外面大聲講話摟摟抱抱沒房間開房間膩😡,0.0,M,thu,https://www.dcard.tw/f/thu/p/235134166,dcard,comment,幹馬路真的很吵一堆停車技術很差的在那邊狂補油門又停很久還有一些臭老人很愛在馬路上大聲講話很久或是男朋友來載女生回來不熄火在外面大聲講話摟摟抱抱沒房間開房間膩,"['幹', '馬路', '真的', '很', '吵', '一', '堆', '停車', '技術', '很', '差', '的', '在', '那邊', '狂補', '油門', '又', '停', '很', '久', '還', '有', '一些', '臭', '老人', '很', '愛', '在', '馬路', '上', '大聲', '講話', '很', '久', '或是', '男朋友', '來', '載', '女生', '回來', '不', '熄火', '在', '外面', '大聲', '講話', '摟摟抱抱', '沒', '房間', '開', '房間', '膩']","['幹', '馬路', '真的', '吵', '堆', '停車', '技術', '差', '狂補', '油門', '停', '久', '一些', '老人', '愛', '馬路', '大聲', '講話', '久', '男朋友', '載', '女生', '回來', '熄火', '外面', '大聲', '講話', '摟摟抱抱', '房間', '開', '房間', '膩']",[],negative
7,9e7b458b-fa40-4749-968f-12de08acaae7,235134166,2021-01-08T04:48:32.556Z,2021-01-08T04:48:32.556Z,5,B4 每次說到吵一定會引起公憤哈哈哈哈😂,0.0,M,thu,https://www.dcard.tw/f/thu/p/235134166,dcard,comment,每次說到吵一定會引起公憤哈哈哈哈,"['每', '次', '說到', '吵', '一定', '會', '引起', '公憤', '哈哈', '哈哈']","['次', '說到', '吵', '一定', '引起', '公憤']",[],positive
8,5b2e71d9-edb8-47c2-ad8c-199640cc804c,235134033,2021-01-08T03:08:58.567Z,2021-01-08T03:08:58.567Z,1,謝謝！！！,0.0,F,thu,https://www.dcard.tw/f/thu/p/235134033,dcard,comment,謝謝,['謝謝'],['謝謝'],[],positive
9,7a803689-31da-45d8-8f85-379bdb926ea1,235134033,2021-01-08T03:24:38.058Z,2021-01-08T03:24:59.686Z,2,,,,thu,https://www.dcard.tw/f/thu/p/235134033,dcard,comment,,,[],[],neutral
10,abcbc93c-692c-423b-9fb2-f3b764b1798a,235134033,2021-01-08T03:24:43.986Z,2021-01-08T03:24:48.341Z,3,,,,thu,https://www.dcard.tw/f/thu/p/235134033,dcard,comment,,,[],[],neutral
11,e2f72dd4-f0a5-44d0-ac3a-d0083475500e,235133501,2021-01-07T18:03:34.254Z,2021-01-07T18:03:34.254Z,1,我也覺得很吵٩(^‿^)۶,0.0,F,thu,https://www.dcard.tw/f/thu/p/235133501,dcard,comment,我也覺得很吵,"['我', '也', '覺得', '很', '吵']","['覺得', '吵']",[],neutral
12,1b46836c-df0a-4035-851a-cd40708fa3e4,235133501,2021-01-07T18:04:24.914Z,2021-01-07T18:04:24.914Z,2,那你怎麼不去敲,3.0,F,thu,https://www.dcard.tw/f/thu/p/235133501,dcard,comment,那你怎麼不去敲,"['那', '你', '怎麼', '不', '去', '敲']",['敲'],[],neutral
13,e5f93e9d-1b22-418b-a138-6c633843cdba,235133501,2021-01-07T18:04:56.766Z,2021-01-07T18:04:56.766Z,3,好聽,3.0,F,thu,https://www.dcard.tw/f/thu/p/235133501,dcard,comment,好聽,['好聽'],['好聽'],[],neutral
14,6a0e8b06-927f-4bc4-bcc3-877199b2dab9,235133501,2021-01-07T18:05:20.534Z,2021-01-07T18:05:20.534Z,4,可是我覺得蠻好聽的😅,5.0,F,thu,https://www.dcard.tw/f/thu/p/235133501,dcard,comment,可是我覺得蠻好聽的,"['可是', '我', '覺得', '蠻', '好聽', '的']","['覺得', '好聽']",[],neutral
15,2683a49b-49fb-41a3-9c82-f7c0ba364f12,235133501,2021-01-07T18:09:11.164Z,2021-01-07T18:09:11.164Z,5,B2 因為我在隔壁棟 不然我一定敲爆。,0.0,F,thu,https://www.dcard.tw/f/thu/p/235133501,dcard,comment,因為我在隔壁棟不然我一定敲爆,"['因為', '我', '在', '隔壁', '棟', '不然', '我', '一定', '敲', '爆']","['隔壁', '棟', '一定', '敲', '爆']",[],neutral
16,451c266e-7b32-4b1f-b5e0-f5d61051fc39,235133501,2021-01-07T18:10:32.848Z,2021-01-07T18:10:32.848Z,6,隔壁棟聽得到⋯⋯⋯⋯⋯好誇張 幾號啊 B5,0.0,F,thu,https://www.dcard.tw/f/thu/p/235133501,dcard,comment,隔壁棟聽得到好誇張幾號啊,"['隔壁', '棟', '聽得到', '好', '誇張', '幾號', '啊']","['隔壁', '棟', '聽得到', '好', '誇張', '幾號']",[],negative
17,7f23c7a2-0f6c-4f1b-9055-5cd26c6c4030,235133501,2021-01-07T18:10:35.917Z,2021-01-07T18:10:35.917Z,7,B4 ㄜ⋯你喜歡就好？但是場合跟時間不太適合吧。,1.0,F,thu,https://www.dcard.tw/f/thu/p/235133501,dcard,comment,你喜歡就好但是場合跟時間不太適合吧,"['你', '喜歡', '就', '好', '但是', '場合', '跟', '時間', '不', '太', '適合', '吧']","['喜歡', '好', '場合', '時間', '太', '適合']",[],positive
18,242c129b-c913-4ec8-a822-8db21aa7273d,235133501,2021-01-07T18:11:48.669Z,2021-01-07T18:11:48.669Z,8,好聽ㄟ,3.0,M,thu,https://www.dcard.tw/f/thu/p/235133501,dcard,comment,好聽,['好聽'],['好聽'],[],neutral
19,b1712794-0e7d-4b3b-90c6-9586f43b9ce4,235133501,2021-01-07T18:12:16.019Z,2021-01-07T18:12:16.019Z,9,B6 應該是10號，偏裡面的感覺,1.0,F,thu,https://www.dcard.tw/f/thu/p/235133501,dcard,comment,應該是號偏裡面的感覺,"['應該', '是', '號', '偏', '裡面', '的', '感覺']","['應該', '號', '偏', '裡面', '感覺']",[],neutral
20,8f180c14-420f-42cd-8345-9d10a3d132ba,235133501,2021-01-07T18:15:36.177Z,2021-01-07T18:15:36.177Z,10,我在十號沒聽到耶.....B9,1.0,F,thu,https://www.dcard.tw/f/thu/p/235133501,dcard,comment,我在十號沒聽到耶,"['我', '在', '十號', '沒', '聽到', '耶']","['十號', '聽到', '耶']",[],neutral
21,369470aa-015f-42b5-8905-5b11d61134f5,235133501,2021-01-07T18:20:42.485Z,2021-01-07T18:20:42.485Z,11,B10 我從方向猜測的🤔現在沒有聽到聲音了,0.0,F,thu,https://www.dcard.tw/f/thu/p/235133501,dcard,comment,我從方向猜測的現在沒有聽到聲音了,"['我', '從', '方向', '猜測', '的', '現在', '沒有', '聽到', '聲音', '了']","['方向', '猜測', '現在', '聽到', '聲音']",[],negative
22,649c2af1-5a2e-44d6-a5f2-fddb0fefbf1c,235133501,2021-01-07T19:24:39.410Z,2021-01-07T19:24:39.410Z,12,真的很好聽 求ig 🥺,1.0,M,thu,https://www.dcard.tw/f/thu/p/235133501,dcard,comment,真的很好聽求,"['真的', '很', '好聽', '求']","['真的', '好聽', '求']",[],neutral
23,bd75c8f5-4f1d-4aec-9dd1-1a25601f11d4,235133501,2021-01-08T03:02:33.625Z,2021-01-08T03:02:33.625Z,13,"14巷每天晚上都能聽到🐒在外面的嬉鬧聲欸
應該就是在巷子裡",3.0,F,thu,https://www.dcard.tw/f/thu/p/235133501,dcard,comment,巷每天晚上都能聽到在外面的嬉鬧聲欸應該就是在巷子裡,"['巷', '每', '天', '晚上', '都', '能', '聽到', '在', '外面', '的', '嬉鬧聲', '欸', '應該', '就是', '在', '巷子', '裡']","['巷', '天', '晚上', '聽到', '外面', '嬉鬧聲', '欸', '應該', '巷子', '裡']",[],neutral
24,f6e9bca9-54cc-4a70-a5dd-9595190b2aff,235133501,2021-01-08T04:30:58.439Z,2021-01-08T04:30:58.439Z,14,我覺得一課春宵開後才變吵的 而且還臭,0.0,F,thu,https://www.dcard.tw/f/thu/p/235133501,dcard,comment,我覺得一課春宵開後才變吵的而且還臭,"['我', '覺得', '一', '課', '春宵', '開', '後', '才', '變', '吵', '的', '而且', '還', '臭']","['覺得', '課', '春宵', '開', '後', '變', '吵']",[],neutral
25,c67965ba-7808-454a-a8c6-b3c829f3a27c,235133142,2021-01-07T16:54:16.036Z,2021-01-07T16:54:16.036Z,1,推人美心善  西屯店花,0.0,M,thu,https://www.dcard.tw/f/thu/p/235133142,dcard,comment,推人美心善西屯店花,"['推人', '美心', '善西屯店', '花']","['推人', '美心', '善西屯店', '花']",[],neutral
26,b763c6d0-85b1-4c7e-9df6-1c57bd8c4bc3,235132979,2021-01-07T16:30:03.371Z,2021-01-07T16:30:03.371Z,1,https://i.imgur.com/tv7FNkZ.jpg,1.0,F,thu,https://www.dcard.tw/f/thu/p/235132979,dcard,comment,,,[],[],neutral
27,1a43c59c-548b-494e-a2a4-da100942002e,235132979,2021-01-07T17:29:57.886Z,2021-01-07T17:30:33.890Z,2,考完交卷的當下 心裡差不多就知道了哈哈,11.0,M,thu,https://www.dcard.tw/f/thu/p/235132979,dcard,comment,考完交卷的當下心裡差不多就知道了哈哈,"['考完', '交卷', '的', '當下', '心', '裡', '差不多', '就', '知道', '了', '哈哈']","['考完', '交卷', '心', '裡', '知道']",[],positive
28,649d4128-d9ca-4b2d-b460-a1280bdd8e5f,235132979,2021-01-08T03:06:03.821Z,2021-01-08T03:06:19.826Z,3,"B1謝謝您🥰
B2🥲🥲🥲",0.0,M,thu,https://www.dcard.tw/f/thu/p/235132979,dcard,comment,謝謝您,"['謝謝', '您']",['謝謝'],[],positive
29,61df3990-b8d7-4aef-810d-5125246cd32b,235132349,2021-01-07T16:36:49.009Z,2021-01-07T16:36:49.009Z,1,"我正在上昭慧老師的課～
每堂課她都會自己點名
上課會晚五分鐘左右等二校的學生
都會準時下課 很少提早或是太晚下課
身為日文初學者 我覺得她教得很好(ง •_•)ง
特定節日也會有額外的補充（像是最近過新年 她就會補充日本的新年文化＆單字片語）
很常上課跟大家聊天 我覺得都很有趣 而且也可以趁機了解到很多日本的文化！
是一位個性很好很開朗的好老師哦ଘ(੭*ˊᵕˋ)੭*",6.0,F,thu,https://www.dcard.tw/f/thu/p/235132349,dcard,comment,我正在上昭慧老師的課每堂課她都會自己點名上課會晚五分鐘左右等二校的學生都會準時下課很少提早或是太晚下課身為日文初學者我覺得她教得很好特定節日也會有額外的補充像是最近過新年她就會補充日本的新年文化單字片語很常上課跟大家聊天我覺得都很有趣而且也可以趁機了解到很多日本的文化是一位個性很好很開朗的好老師哦,"['我', '正在', '上', '昭慧', '老師', '的', '課', '每', '堂', '課', '她', '都', '會', '自己', '點名', '上課', '會', '晚', '五', '分鐘', '左右', '等', '二校', '的', '學生', '都', '會', '準時', '下課', '很少', '提早', '或是', '太晚', '下課', '身為', '日文', '初', '學者', '我', '覺得', '她', '教', '得', '很', '好', '特定', '節日', '也', '會', '有', '額外', '的', '補充', '像是', '最近', '過', '新年', '她', '就', '會', '補充', '日本', '的', '新年', '文化', '單字', '片語', '很', '常', '上課', '跟', '大家', '聊天', '我', '覺得', '都', '很', '有趣', '而且', '也', '可以', '趁機', '了解到', '很多', '日本', '的', '文化', '是', '一', '位', '個性', '很', '好', '很', '開朗', '的', '好', '老師', '哦']","['正在', '昭慧', '老師', '課', '堂', '課', '點名', '上課', '晚', '分鐘', '左右', '二校', '學生', '準時', '下課', '提早', '太晚', '下課', '身為', '日文', '學者', '覺得', '教', '好', '特定', '節日', '額外', '補充', '像是', '最近', '新年', '補充', '日本', '新年', '文化', '單字', '片語', '上課', '聊天', '覺得', '有趣', '了解到', '日本', '文化', '位', '個性', '好', '開朗', '好', '老師']",[],positive
30,bce76e9b-a97d-4531-8ec3-59c02fbb8456,235132349,2021-01-07T17:35:51.086Z,2021-01-07T17:35:51.086Z,2,"不推陳東園老師…
老師人很好沒錯，但我覺得教得還好",1.0,F,thu,https://www.dcard.tw/f/thu/p/235132349,dcard,comment,不推陳東園老師老師人很好沒錯但我覺得教得還好,"['不', '推陳', '東園', '老師', '老師人', '很', '好', '沒', '錯', '但', '我', '覺得', '教', '得', '還好']","['推陳', '東園', '老師', '老師人', '好', '錯', '覺得', '教', '還好']",[],neutral
31,fffc1fbd-1032-4e15-aff2-63f2bc93ed73,235132173,2021-01-07T14:42:01.145Z,2021-01-07T14:42:01.145Z,1,通識超過頂多只能算外系選修不能算在系選修喔,0.0,F,thu,https://www.dcard.tw/f/thu/p/235132173,dcard,comment,通識超過頂多只能算外系選修不能算在系選修喔,"['通識', '超過', '頂多', '只', '能', '算', '外系', '選修', '不能', '算', '在', '系', '選修', '喔']","['通識', '超過', '只', '算', '外系', '選修', '算', '系', '選修']",[],negative
32,47b52422-47e4-495b-9306-9fc2514eb6de,235132173,2021-01-07T15:49:58.222Z,2021-01-07T15:49:58.222Z,2,"不超過也不會是系選修啊
14以前的都算必修餒🈹️",0.0,M,thu,https://www.dcard.tw/f/thu/p/235132173,dcard,comment,不超過也不會是系選修啊以前的都算必修餒,"['不', '超過', '也', '不會', '是', '系', '選修', '啊', '以前', '的', '都', '算', '必修', '餒']","['超過', '系', '選修', '以前', '算', '必修', '餒']",[],negative
33,4575c304-604a-4abc-a8cc-fbe950a4fdda,235132072,2021-01-07T15:58:39.191Z,2021-01-07T15:58:39.191Z,1,"他叫做鱷魚先生啦⋯⋯
不是恐龍",1.0,F,thu,https://www.dcard.tw/f/thu/p/235132072,dcard,comment,他叫做鱷魚先生啦不是恐龍,"['他', '叫做', '鱷魚', '先生', '啦', '不', '是', '恐龍']","['叫做', '鱷魚', '先生', '恐龍']",[],neutral
34,bcaba953-0a41-473d-bce2-9f630d6e9ffb,235131816,2021-01-07T16:14:22.890Z,2021-01-07T16:14:42.068Z,1,ilearn有公告是下禮拜1/15考喔！,1.0,M,thu,https://www.dcard.tw/f/thu/p/235131816,dcard,comment,有公告是下禮拜考喔,"['有', '公告', '是', '下', '禮拜', '考', '喔']","['公告', '下', '禮拜', '考']",[],neutral
35,73649542-c970-40e3-9065-22479f3a670d,235131816,2021-01-07T16:36:02.327Z,2021-01-07T16:36:02.327Z,2,"B1 😱
我看到了謝謝你",0.0,F,thu,https://www.dcard.tw/f/thu/p/235131816,dcard,comment,我看到了謝謝你,"['我', '看到', '了', '謝謝', '你']","['看到', '謝謝']",[],positive
36,ae97617b-e5f8-4b95-b590-67ea9d50df22,235131684,2021-01-07T19:25:30.198Z,2021-01-07T19:25:30.198Z,1,買新手機嗎🤣 最近pro終於到貨了,0.0,M,thu,https://www.dcard.tw/f/thu/p/235131684,dcard,comment,買新手機嗎最近終於到貨了,"['買', '新手機', '嗎', '最近', '終於', '到貨', '了']","['買', '新手機', '最近', '終於', '到貨']",[],neutral
37,913463a7-e0e8-44b1-ba9e-5c18d4a4062e,235131520,2021-01-07T14:19:39.655Z,2021-01-07T14:19:39.655Z,1,這種都用硬背的通事課真的好沒意義啊，果然文組科目,1.0,M,thu,https://www.dcard.tw/f/thu/p/235131520,dcard,comment,這種都用硬背的通事課真的好沒意義啊果然文組科目,"['這', '種', '都', '用', '硬', '背', '的', '通事課', '真的', '好', '沒', '意義', '啊', '果然', '文組', '科目']","['種', '硬', '背', '通事課', '真的', '好', '意義', '文組', '科目']",[],neutral
38,d60ceba6-d893-402a-99ef-88cade954660,235131520,2021-01-07T14:22:47.118Z,2021-01-07T14:22:47.118Z,2,你把考題放在網路，是想害老師被學校約談洩題嗎？,1.0,M,thu,https://www.dcard.tw/f/thu/p/235131520,dcard,comment,你把考題放在網路是想害老師被學校約談洩題嗎,"['你', '把', '考題', '放', '在', '網路', '是', '想', '害', '老師', '被', '學校', '約談', '洩題', '嗎']","['考題', '放', '網路', '想', '害', '老師', '學校', '約談', '洩題']",[],neutral
39,9a652d47-74d5-4632-8cd9-a092a8df2ca5,235131520,2021-01-07T14:30:57.345Z,2021-01-07T14:30:57.345Z,3,"你這樣會有爭議的
會被罵 趕快刪掉",0.0,M,thu,https://www.dcard.tw/f/thu/p/235131520,dcard,comment,你這樣會有爭議的會被罵趕快刪掉,"['你', '這樣', '會', '有', '爭議', '的', '會', '被', '罵', '趕快', '刪掉']","['爭議', '罵', '刪掉']",[],neutral
40,79718aec-25e6-443f-8de7-b161715596fc,235131520,2021-01-07T14:37:11.781Z,2021-01-07T14:41:30.447Z,4,"B1 你大學生嗎？連通「識」都打錯？
老師也同意，是在那嘴什麼文組科目==",2.0,F,thu,https://www.dcard.tw/f/thu/p/235131520,dcard,comment,你大學生嗎連通識都打錯老師也同意是在那嘴什麼文組科目,"['你', '大學生', '嗎', '連', '通識', '都', '打', '錯', '老師', '也', '同意', '是', '在', '那', '嘴', '什麼', '文組', '科目']","['大學生', '通識', '錯', '老師', '同意', '嘴', '文組', '科目']",[],positive
41,0ae33841-1743-446b-b146-8812b78aff8d,235131520,2021-01-07T14:39:55.881Z,2021-01-07T14:58:40.764Z,5,B2 B3 今日上課由老師指示放在dcard上供同學參考，非私自公布，並已再三經過歐老師的要求和同意囉~可以放心!,3.0,M,thu,https://www.dcard.tw/f/thu/p/235131520,dcard,comment,今日上課由老師指示放在上供同學參考非私自公布並已再三經過歐老師的要求和同意囉可以放心,"['今日', '上課', '由', '老師', '指示', '放', '在', '上供', '同學', '參考', '非', '私自', '公布', '並', '已', '再三', '經過', '歐', '老師', '的', '要求', '和', '同意', '囉', '可以', '放心']","['今日', '上課', '老師', '指示', '放', '上供', '同學', '參考', '非', '私自', '公布', '已', '再三', '歐', '老師', '要求', '同意', '囉', '放心']",[],positive
42,893aaef5-6682-4561-a273-9853f3dc2904,235131520,2021-01-07T14:52:10.142Z,2021-01-07T14:52:10.142Z,6,B4懶惰改而已,0.0,M,thu,https://www.dcard.tw/f/thu/p/235131520,dcard,comment,懶惰改而已,"['懶惰', '改', '而已']","['懶惰', '改']",[],negative
43,11db5097-1947-47cd-bffd-e924042e80e6,235131520,2021-01-07T15:02:59.441Z,2021-01-07T15:05:12.568Z,7,B1 身為理組生，我不同意你的觀點。老師可以不公布阿，大不了當一堆人，只是為了讓同學通識課好過而公布期末考題，讓大家回去找答案，不然你只要上課認真聽，大可不必看這裡的題目阿，下禮拜直接考試，何來硬背之有?,2.0,M,thu,https://www.dcard.tw/f/thu/p/235131520,dcard,comment,身為理組生我不同意你的觀點老師可以不公布阿大不了當一堆人只是為了讓同學通識課好過而公布期末考題讓大家回去找答案不然你只要上課認真聽大可不必看這裡的題目阿下禮拜直接考試何來硬背之有,"['身為', '理組', '生', '我', '不', '同意', '你', '的', '觀點', '老師', '可以', '不', '公布', '阿', '大不了', '當', '一', '堆', '人', '只是', '為了', '讓', '同學', '通識課', '好過', '而', '公布', '期末', '考題', '讓', '大家', '回去', '找', '答案', '不然', '你', '只要', '上課', '認真', '聽', '大可不必', '看', '這裡', '的', '題目', '阿', '下', '禮拜', '直接', '考試', '何', '來', '硬', '背', '之', '有']","['身為', '理組', '生', '同意', '觀點', '老師', '公布', '堆', '人', '同學', '通識課', '好過', '公布', '期末', '考題', '回去', '找', '答案', '上課', '認真', '聽', '大可不必', '這裡', '題目', '下', '禮拜', '直接', '考試', '硬', '背']",[],positive
44,4349dc54-3696-4196-b470-2e98dc617506,235130346,2021-01-07T09:55:26.665Z,2021-01-07T09:55:26.665Z,1,系學會才沒有都被當咧,7.0,F,thu,https://www.dcard.tw/f/thu/p/235130346,dcard,comment,系學會才沒有都被當咧,"['系', '學會', '才', '沒有', '都', '被', '當', '咧']","['系', '學會', '咧']",[],negative
45,a085c206-0ba1-4248-8673-7052188f0f1f,235130346,2021-01-07T09:56:18.635Z,2021-01-07T09:56:18.635Z,2,覺得分配時間很重要啊 哪裡重修全家報到 你有夠沒禮貌,3.0,F,thu,https://www.dcard.tw/f/thu/p/235130346,dcard,comment,覺得分配時間很重要啊哪裡重修全家報到你有夠沒禮貌,"['覺得', '分配', '時間', '很', '重要', '啊', '哪裡', '重修', '全家', '報到', '你', '有夠', '沒', '禮貌']","['覺得', '分配', '時間', '重要', '哪裡', '重修', '全家', '報到', '有夠', '禮貌']",[],positive
46,8a525868-b45b-4fac-8f4f-38958fe52a33,235130346,2021-01-07T09:59:45.016Z,2021-01-07T09:59:45.016Z,3,你也要加油欸不然不會辦活動也不會讀書😃,29.0,F,thu,https://www.dcard.tw/f/thu/p/235130346,dcard,comment,你也要加油欸不然不會辦活動也不會讀書,"['你', '也', '要', '加油', '欸', '不然', '不會', '辦', '活動', '也', '不會', '讀書']","['加油', '欸', '辦', '活動', '讀書']",[],negative
47,17f99d7a-d6d3-42f1-980f-70c5fac2574f,235130346,2021-01-07T10:00:52.406Z,2021-01-07T10:08:44.790Z,4,,,,thu,https://www.dcard.tw/f/thu/p/235130346,dcard,comment,,,[],[],neutral
48,173c068f-f2a0-456b-a4b5-8810ac5db114,235130346,2021-01-07T10:11:36.580Z,2021-01-07T10:11:36.580Z,5,"你才四科都普普(╯‵□′)╯︵┻━┻
少發廢文把時間拿去唸書比較實際哦🙃

(我大三還有微積分也都高分過啦",3.0,F,thu,https://www.dcard.tw/f/thu/p/235130346,dcard,comment,你才四科都普普少發廢文把時間拿去唸書比較實際哦我大三還有微積分也都高分過啦,"['你', '才', '四科', '都', '普普', '少發廢文', '把', '時間', '拿去', '唸書', '比較', '實際', '哦', '我', '大三', '還', '有', '微積分', '也', '都', '高分', '過', '啦']","['四科', '普普', '少發廢文', '時間', '拿去', '唸書', '比較', '實際', '大三', '微積分', '高分']",[],positive
49,18ad93e8-e0e0-4bd1-a6be-8c2f1456db5d,235130346,2021-01-07T10:18:23.267Z,2021-01-07T10:18:23.267Z,6,"臺大會計朋友 
大三也是修中專高會稅法審計欸
一模一樣",7.0,M,thu,https://www.dcard.tw/f/thu/p/235130346,dcard,comment,臺大會計朋友大三也是修中專高會稅法審計欸一模一樣,"['臺大', '會計', '朋友', '大三', '也', '是', '修', '中專', '高會', '稅法', '審計', '欸', '一模一樣']","['臺大', '會計', '朋友', '大三', '修', '中專', '高會', '稅法', '審計', '欸', '一模一樣']",[],neutral
50,24cfcccc-3616-4a4c-a48c-88e0e3272e46,235130346,2021-01-07T10:19:55.746Z,2021-01-07T10:19:55.746Z,7,你是哪位學渣 想認識 講話這麼嗆,7.0,M,thu,https://www.dcard.tw/f/thu/p/235130346,dcard,comment,你是哪位學渣想認識講話這麼嗆,"['你', '是', '哪', '位', '學渣', '想', '認識', '講話', '這麼', '嗆']","['位', '學渣', '想', '認識', '講話', '嗆']",[],neutral
51,f1c41198-d668-4c2c-9caf-60910ac25adc,235130346,2021-01-07T10:20:35.877Z,2021-01-07T10:20:35.877Z,8,"你不好好學 之後出去跟人家做會計 別吧
我勸你休學",3.0,M,thu,https://www.dcard.tw/f/thu/p/235130346,dcard,comment,你不好好學之後出去跟人家做會計別吧我勸你休學,"['你', '不', '好好', '學', '之後', '出去', '跟', '人家', '做', '會計', '別', '吧', '我', '勸', '你', '休學']","['好好', '學', '之後', '做', '會計', '勸', '休學']",[],neutral
52,7f4c932a-3c07-4a37-8036-154a4fe009fb,235130346,2021-01-07T10:21:09.544Z,2021-01-07T10:38:30.679Z,9,"其實四科都普普不會給人家笑
是你這種人才會",1.0,M,thu,https://www.dcard.tw/f/thu/p/235130346,dcard,comment,其實四科都普普不會給人家笑是你這種人才會,"['其實', '四科', '都', '普普', '不會', '給', '人家', '笑', '是', '你', '這', '種', '人才', '會']","['四科', '普普', '笑', '種', '人才']",[],negative
53,11ed850f-a707-4150-aaa2-eb71a2b3901d,235130346,2021-01-07T10:23:11.583Z,2021-01-07T10:23:11.583Z,10,你就4四科也沒有普普所以才重修 :: ೖ(⑅σ̑ᴗσ̑)ೖ ::,2.0,F,thu,https://www.dcard.tw/f/thu/p/235130346,dcard,comment,你就四科也沒有普普所以才重修,"['你', '就', '四科', '也', '沒有', '普普', '所以', '才', '重修']","['四科', '普普', '重修']",[],negative
54,173139b5-2228-454d-9f91-770c84666f73,235130346,2021-01-07T10:25:57.686Z,2021-01-07T10:25:57.686Z,11,系學會哪裡重修全家報到,1.0,F,thu,https://www.dcard.tw/f/thu/p/235130346,dcard,comment,系學會哪裡重修全家報到,"['系', '學會', '哪裡', '重修', '全家', '報到']","['系', '學會', '哪裡', '重修', '全家', '報到']",[],positive
55,84a4d304-556c-4bdc-88a4-e0b44e0248c2,235130346,2021-01-07T10:34:46.358Z,2021-01-07T10:34:46.358Z,12,到底是誰啊 我們大三男生應該沒這種白癡 請自首,4.0,M,thu,https://www.dcard.tw/f/thu/p/235130346,dcard,comment,到底是誰啊我們大三男生應該沒這種白癡請自首,"['到底', '是', '誰', '啊', '我們', '大三', '男生', '應該', '沒', '這', '種', '白癡', '請', '自首']","['大三', '男生', '應該', '種', '白癡', '請', '自首']",[],negative
56,bd1976d6-7183-4446-859b-75498f9e6264,235130346,2021-01-07T10:39:42.307Z,2021-01-07T10:41:27.607Z,13,"我大四了，目前全部all pass而且高分過喔
沒有什麼辦不到，要不要努力而已",0.0,F,thu,https://www.dcard.tw/f/thu/p/235130346,dcard,comment,我大四了目前全部而且高分過喔沒有什麼辦不到要不要努力而已,"['我', '大四', '了', '目前', '全部', '而且', '高分', '過', '喔', '沒有', '什麼', '辦不到', '要不要', '努力', '而已']","['大四', '目前', '全部', '高分', '辦不到', '要不要', '努力']",[],negative
57,29a4c743-0f45-46b2-8759-ab0546e38166,235130346,2021-01-07T11:16:27.054Z,2021-01-07T11:16:27.054Z,14,"系學會哪裡全部重修了？？
才4科很難嗎？要不要讀書而已",0.0,F,thu,https://www.dcard.tw/f/thu/p/235130346,dcard,comment,系學會哪裡全部重修了才科很難嗎要不要讀書而已,"['系', '學會', '哪裡', '全部', '重修', '了', '才', '科', '很', '難', '嗎', '要不要', '讀書', '而已']","['系', '學會', '哪裡', '全部', '重修', '科', '難', '要不要', '讀書']",[],positive
58,1891c03c-6fe0-4783-a445-d57dce9ffb20,235130346,2021-01-07T11:24:31.982Z,2021-01-07T11:24:31.982Z,15,不知道修B班就能高分爽過？,1.0,M,thu,https://www.dcard.tw/f/thu/p/235130346,dcard,comment,不知道修班就能高分爽過,"['不', '知道', '修班', '就', '能', '高分', '爽', '過']","['知道', '修班', '高分', '爽']",[],positive
59,9dd0078a-7b5d-412c-ac2a-77b5acd9ad77,235130346,2021-01-07T12:34:59.925Z,2021-01-07T12:34:59.925Z,16,好好笑 那你大二怎麼不進系學會爭取課程優化 等到大三再來哭哭大二不幫你是不是搞錯了什麼 還是你就是那個大二進系學會被當光只好重修的可撥仔,1.0,M,thu,https://www.dcard.tw/f/thu/p/235130346,dcard,comment,好好笑那你大二怎麼不進系學會爭取課程優化等到大三再來哭哭大二不幫你是不是搞錯了什麼還是你就是那個大二進系學會被當光只好重修的可撥仔,"['好好笑', '那', '你', '大二', '怎麼', '不', '進系', '學會', '爭取', '課程', '優化', '等到', '大三', '再', '來', '哭', '哭', '大二', '不', '幫', '你', '是', '不', '是', '搞錯', '了', '什麼', '還是', '你', '就是', '那', '個', '大二', '進系', '學會', '被', '當', '光', '只好', '重修', '的', '可', '撥', '仔']","['好好笑', '大二', '進系', '學會', '爭取', '課程', '優化', '大三', '再', '哭', '哭', '大二', '幫', '搞錯', '大二', '進系', '學會', '只好', '重修', '撥', '仔']",[],positive
60,76723ff7-756c-487e-9e72-2f880987ed0e,235130346,2021-01-07T12:56:28.176Z,2021-01-07T13:03:14.485Z,17,,,,thu,https://www.dcard.tw/f/thu/p/235130346,dcard,comment,,,[],[],neutral
61,3541d97a-878e-4693-a71d-29c8f6e2986f,235130346,2021-01-07T13:28:57.566Z,2021-01-07T13:28:57.566Z,18,同系學弟覺得原po很爛  不會開車説車爛,1.0,M,thu,https://www.dcard.tw/f/thu/p/235130346,dcard,comment,同系學弟覺得原很爛不會開車説車爛,,[],[],neutral
62,e9c173cf-fa8a-40c2-8bc3-05e8c594bf4e,235130346,2021-01-07T14:05:40.062Z,2021-01-07T14:10:12.762Z,19,"一學期只能顧好一兩科也是蠻慘的
在東海要高分不難 我剛大二大三的時候也是覺得自己考很爛 每次上學期期末都怕被當結果成績出來都80 90幾 因為在我下面考不好的更多 不知不覺成績就被調上來了",1.0,M,thu,https://www.dcard.tw/f/thu/p/235130346,dcard,comment,一學期只能顧好一兩科也是蠻慘的在東海要高分不難我剛大二大三的時候也是覺得自己考很爛每次上學期期末都怕被當結果成績出來都幾因為在我下面考不好的更多不知不覺成績就被調上來了,"['一', '學期', '只', '能', '顧好', '一兩', '科', '也', '是', '蠻', '慘', '的', '在', '東海', '要', '高分', '不', '難', '我', '剛', '大二', '大三', '的', '時候', '也', '是', '覺得', '自己', '考', '很', '爛', '每', '次', '上', '學期', '期末', '都', '怕', '被', '當', '結果', '成績', '出來', '都', '幾', '因為', '在', '我', '下面', '考', '不', '好', '的', '更多', '不知不覺', '成績', '就', '被', '調', '上來', '了']","['學期', '只', '顧好', '一兩', '科', '慘', '東海', '高分', '難', '大二', '大三', '覺得', '考', '爛', '次', '學期', '期末', '成績', '下面', '考', '好', '更多', '成績', '調']",[],negative
63,ab006ea0-dbaa-46b6-b597-fe6ea6f5fde1,235130346,2021-01-07T16:32:24.336Z,2021-01-07T16:45:15.039Z,20,,,,thu,https://www.dcard.tw/f/thu/p/235130346,dcard,comment,,,[],[],neutral
64,e5856733-c4d1-4fca-a1c6-fe8ae3090ba9,235130346,2021-01-07T17:07:22.594Z,2021-01-07T17:07:22.594Z,21,"B19 我們系的老師也會調分 因為大四重修仔再被當就要延畢 老師好心要救他們 
真的很不懂欸 都已經在東海了 還需要調分被救 對於我們有在讀書的人 調分都超過100
最後只能給100而已 很不公平",0.0,M,thu,https://www.dcard.tw/f/thu/p/235130346,dcard,comment,我們系的老師也會調分因為大四重修仔再被當就要延畢老師好心要救他們真的很不懂欸都已經在東海了還需要調分被救對於我們有在讀書的人調分都超過最後只能給而已很不公平,"['我們', '系', '的', '老師', '也', '會', '調分', '因為', '大四', '重修', '仔', '再', '被', '當', '就', '要', '延', '畢', '老師', '好心', '要', '救', '他們', '真的', '很', '不', '懂', '欸', '都', '已經', '在', '東海', '了', '還', '需要', '調分', '被', '救', '對於', '我們', '有', '在', '讀書', '的', '人', '調分', '都', '超過', '最後', '只', '能', '給', '而已', '很', '不', '公平']","['系', '老師', '調分', '大四', '重修', '仔', '再', '延', '畢', '老師', '好心', '救', '真的', '懂', '欸', '已經', '東海', '需要', '調分', '救', '讀書', '人', '調分', '超過', '最後', '只', '公平']",[],negative
65,0293b4d9-dcd9-4acc-b535-4b976cf7afad,235130346,2021-01-07T17:21:17.212Z,2021-01-07T17:21:17.212Z,22,"好啦自己不會讀就下去啦
會玩又會讀書的大有人在
我們會計系也不需要只會出一張嘴的人",0.0,F,thu,https://www.dcard.tw/f/thu/p/235130346,dcard,comment,好啦自己不會讀就下去啦會玩又會讀書的大有人在我們會計系也不需要只會出一張嘴的人,"['好', '啦', '自己', '不會', '讀', '就', '下去', '啦', '會', '玩', '又', '會', '讀書', '的', '大有人在', '我們', '會計系', '也', '不', '需要', '只', '會', '出', '一', '張嘴', '的', '人']","['好', '讀', '下去', '玩', '讀書', '大有人在', '會計系', '需要', '只', '張嘴', '人']",[],negative
66,1d0122d5-69b7-4ec4-9f51-279cc91aa120,235130346,2021-01-07T23:41:58.458Z,2021-01-07T23:41:58.458Z,23,"你也可以自己去跟系主任說啊
又不是什麼事情都丟給系學會
況且，即使系學會也有認真讀書的人啊
少在那邊自以為自己很了解所有狀況",0.0,M,thu,https://www.dcard.tw/f/thu/p/235130346,dcard,comment,你也可以自己去跟系主任說啊又不是什麼事情都丟給系學會況且即使系學會也有認真讀書的人啊少在那邊自以為自己很了解所有狀況,"['你', '也', '可以', '自己', '去', '跟', '系主任', '說', '啊', '又', '不', '是', '什麼', '事情', '都', '丟給', '系', '學會', '況且', '即使', '系', '學會', '也', '有', '認真', '讀書', '的', '人', '啊', '少', '在', '那邊', '自以為', '自己', '很', '了解', '所有', '狀況']","['系主任', '說', '事情', '丟給', '系', '學會', '系', '學會', '認真', '讀書', '人', '少', '自以為', '了解', '所有', '狀況']",[],positive
67,f6976b27-b9be-41fa-82c9-4ec551a511bb,235130346,2021-01-08T03:07:26.133Z,2021-01-08T03:08:48.527Z,24,"說到調分，就讓我想起之前某年稅法的“不及格都調到60過”事件
現在回想起來有夠不爽，沒過就沒過，有人還因為要實習就去求系主任，搞到全班通通都可以過，真的很傻眼，拉低會計系素質
其他認真唸書的人算什麼？笑話嗎
想知道事件始末的可以去搜來看🙃",0.0,F,thu,https://www.dcard.tw/f/thu/p/235130346,dcard,comment,說到調分就讓我想起之前某年稅法的不及格都調到過事件現在回想起來有夠不爽沒過就沒過有人還因為要實習就去求系主任搞到全班通通都可以過真的很傻眼拉低會計系素質其他認真唸書的人算什麼笑話嗎想知道事件始末的可以去搜來看,"['說到', '調分', '就', '讓', '我', '想起', '之前', '某', '年', '稅法', '的', '不', '及格', '都', '調到', '過', '事件', '現在', '回想起來', '有夠', '不', '爽', '沒', '過', '就', '沒', '過', '有', '人', '還', '因為', '要', '實習', '就', '去', '求', '系主任', '搞到', '全', '班', '通通', '都', '可以', '過', '真的', '很', '傻眼', '拉低', '會計系', '素質', '其他', '認真', '唸書', '的', '人', '算', '什麼', '笑話', '嗎', '想', '知道', '事件', '始末', '的', '可以', '去', '搜', '來', '看']","['說到', '調分', '想起', '之前', '年', '稅法', '及格', '調到', '事件', '現在', '回想起來', '有夠', '爽', '人', '實習', '求', '系主任', '搞到', '全', '班', '通通', '真的', '傻眼', '拉低', '會計系', '素質', '認真', '唸書', '人', '算', '笑話', '想', '知道', '事件', '始末', '搜']",[],positive
68,c94a8818-bcfc-46ce-9434-ef0bd9ccb875,235130346,2021-01-08T04:59:19.235Z,2021-01-08T04:59:19.235Z,25,為什麼系上課程會跟系學會有關阿••••••怎麼不直接去找系主任 怕嘛？,0.0,F,thu,https://www.dcard.tw/f/thu/p/235130346,dcard,comment,為什麼系上課程會跟系學會有關阿怎麼不直接去找系主任怕嘛,"['為什麼', '系', '上', '課程', '會', '跟', '系', '學會', '有關', '阿', '怎麼', '不', '直接', '去', '找', '系主任', '怕', '嘛']","['系', '課程', '系', '學會', '直接', '找', '系主任']",[],positive
69,492dce96-8ea3-4cb1-a70a-321f0437c54a,235130257,2021-01-07T15:17:56.578Z,2021-01-07T15:17:56.578Z,1,好好笑宅男才不出門ㄌㄟ,7.0,F,thu,https://www.dcard.tw/f/thu/p/235130257,dcard,comment,好好笑宅男才不出門,"['好好笑', '宅男', '才', '不', '出門']","['好好笑', '宅男', '出門']",[],neutral
70,41bf3dc7-73ef-4557-8b87-94d86719eed5,235130257,2021-01-07T16:46:12.703Z,2021-01-07T16:46:12.703Z,2,蛤女生沒有ㄛ,0.0,F,thu,https://www.dcard.tw/f/thu/p/235130257,dcard,comment,蛤女生沒有,"['蛤', '女生', '沒有']","['蛤', '女生']",[],negative
71,44ff908d-e3b3-4c39-abad-92a523b283ed,235130257,2021-01-07T18:12:25.405Z,2021-01-07T18:12:25.405Z,3,可惜沒徵宅女,1.0,F,thu,https://www.dcard.tw/f/thu/p/235130257,dcard,comment,可惜沒徵宅女,"['可惜', '沒', '徵宅', '女']","['可惜', '徵宅', '女']",[],negative
72,1cb40e5d-7432-4c25-aa38-347d06b63319,235130180,2021-01-07T09:30:27.793Z,2021-01-07T09:30:33.779Z,1,哪個會計系 無聊,0.0,M,thu,https://www.dcard.tw/f/thu/p/235130180,dcard,comment,哪個會計系無聊,"['哪', '個', '會計系', '無聊']","['會計系', '無聊']",[],negative
73,cb6ee186-9aba-432d-a70a-f41758808db3,235130180,2021-01-07T09:31:35.532Z,2021-01-07T09:31:35.532Z,2,B1 你4誰?,0.0,M,thu,https://www.dcard.tw/f/thu/p/235130180,dcard,comment,你誰,"['你', '誰']",[],[],neutral
74,8377c5c2-4d43-4787-be37-f3373bc662c6,235130180,2021-01-07T09:43:33.851Z,2021-01-07T09:43:33.851Z,3,"好險當初沒有把會計系填前面
初會我就快不行了 🥲",3.0,M,thu,https://www.dcard.tw/f/thu/p/235130180,dcard,comment,好險當初沒有把會計系填前面初會我就快不行了,"['好險', '當初', '沒有', '把', '會計', '系填', '前面', '初', '會', '我', '就', '快', '不行', '了']","['好險', '當初', '會計', '系填', '前面', '不行']",[],negative
75,bb976639-91e2-4ffc-a539-4a74bfa28214,235130180,2021-01-07T10:12:29.858Z,2021-01-07T10:12:29.858Z,4,不好 題目好好寫的話哪裡難,0.0,F,thu,https://www.dcard.tw/f/thu/p/235130180,dcard,comment,不好題目好好寫的話哪裡難,"['不', '好', '題目', '好好', '寫', '的', '話', '哪裡', '難']","['好', '題目', '好好', '寫', '話', '哪裡', '難']",[],neutral
76,f27578bb-ab04-4e5a-94d7-6d99b971993e,235130180,2021-01-07T10:17:48.791Z,2021-01-07T10:17:48.791Z,5,B2 跟你一樣快三修的廢物,0.0,M,thu,https://www.dcard.tw/f/thu/p/235130180,dcard,comment,跟你一樣快三修的廢物,"['跟', '你', '一樣', '快', '三修', '的', '廢物']","['三修', '廢物']",[],negative
77,b5a3a75a-0b38-4184-9b5f-98291859b69b,235130180,2021-01-07T13:45:22.350Z,2021-01-07T13:45:22.350Z,6,先想想你花多少時間在上面,0.0,M,thu,https://www.dcard.tw/f/thu/p/235130180,dcard,comment,先想想你花多少時間在上面,"['先', '想想', '你', '花', '多少', '時間', '在', '上面']","['先', '想想', '花', '時間', '上面']",[],neutral
78,b88b82c3-24de-4a28-b8db-75798cb3d192,235130180,2021-01-07T23:08:35.468Z,2021-01-07T23:09:54.744Z,7,"真的念不來，最簡單要嘛補習要嘛請家教
我的中會也是三修，最後一次直接請家教幫忙輔導用中文書理解再翻成英文才過
曾經上課跟寫題目搞到自我懷疑甚至想要直接休學不念了，太痛苦
上過家教老師的課後再上學校老師的課才終於聽懂到底在幹嘛....",0.0,F,thu,https://www.dcard.tw/f/thu/p/235130180,dcard,comment,真的念不來最簡單要嘛補習要嘛請家教我的中會也是三修最後一次直接請家教幫忙輔導用中文書理解再翻成英文才過曾經上課跟寫題目搞到自我懷疑甚至想要直接休學不念了太痛苦上過家教老師的課後再上學校老師的課才終於聽懂到底在幹嘛,"['真的', '念', '不', '來', '最', '簡單', '要', '嘛', '補習', '要', '嘛', '請', '家教', '我', '的', '中會', '也', '是', '三修', '最後', '一', '次', '直接', '請', '家教', '幫忙', '輔導', '用', '中', '文書', '理解', '再', '翻成', '英文', '才', '過', '曾經', '上課', '跟', '寫', '題目', '搞', '到', '自我', '懷疑', '甚至', '想要', '直接', '休學', '不', '念', '了', '太', '痛苦', '上過', '家教', '老師', '的', '課', '後', '再', '上學校', '老師', '的', '課', '才', '終於', '聽懂', '到底', '在', '幹嘛']","['真的', '念', '最', '簡單', '補習', '請', '家教', '中會', '三修', '最後', '次', '直接', '請', '家教', '幫忙', '輔導', '中', '文書', '理解', '再', '翻成', '英文', '曾經', '上課', '寫', '題目', '搞', '自我', '懷疑', '想要', '直接', '休學', '念', '太', '痛苦', '上過', '家教', '老師', '課', '後', '再', '上學校', '老師', '課', '終於', '聽懂', '幹嘛']",[],negative
79,38956987-0a29-4d5e-96ee-10f37b099025,235130046,2021-01-07T09:18:51.116Z,2021-01-07T09:18:51.116Z,1,他們那群估計會延畢吧,0.0,M,thu,https://www.dcard.tw/f/thu/p/235130046,dcard,comment,他們那群估計會延畢吧,"['他們', '那', '群', '估計', '會延畢', '吧']","['群', '估計', '會延畢']",[],neutral
80,2396bac2-a75d-493d-b7b0-2dc4defe05f5,235130046,2021-01-07T18:21:33.832Z,2021-01-07T18:21:33.832Z,2,去跟他們講啊ಠ_ಠ,0.0,M,thu,https://www.dcard.tw/f/thu/p/235130046,dcard,comment,去跟他們講啊,"['去', '跟', '他們', '講', '啊']",['講'],[],neutral
81,d1abf4cb-abcd-4a0e-b378-406e54d9237b,235130046,2021-01-07T18:44:57.201Z,2021-01-07T18:44:57.201Z,3,可憐統計猴群本來就不少🤪,0.0,M,thu,https://www.dcard.tw/f/thu/p/235130046,dcard,comment,可憐統計猴群本來就不少,"['可憐', '統計', '猴群', '本來', '就', '不少']","['可憐', '統計', '猴群', '本來']",[],negative
82,13790551-190b-473a-afcf-66ad88e97333,235130046,2021-01-07T20:07:18.912Z,2021-01-07T20:07:18.912Z,4,學長早就跟我開示了一屆不如一屆 吱吱吱,0.0,M,thu,https://www.dcard.tw/f/thu/p/235130046,dcard,comment,學長早就跟我開示了一屆不如一屆吱吱吱,"['學長', '早', '就', '跟', '我', '開示', '了', '一', '屆', '不', '如一', '屆', '吱', '吱吱']","['學長', '早', '開示', '屆', '如一', '屆', '吱吱']",[],neutral
83,6161ec96-42ed-4a34-9ef7-38019bef40fc,235130046,2021-01-07T20:44:07.594Z,2021-01-07T20:44:25.200Z,5,大部分學弟妹都猴子,0.0,M,thu,https://www.dcard.tw/f/thu/p/235130046,dcard,comment,大部分學弟妹都猴子,"['大部分', '學弟妹', '都', '猴子']","['大部分', '學弟妹', '猴子']",[],neutral
84,2684da1a-98d0-42ba-a857-3f0bfb26e2a4,235130046,2021-01-08T01:56:39.816Z,2021-01-08T01:56:39.816Z,6,B0 請問你說的班級是哪一班的？,0.0,M,thu,https://www.dcard.tw/f/thu/p/235130046,dcard,comment,請問你說的班級是哪一班的,"['請問', '你', '說', '的', '班級', '是', '哪', '一', '班', '的']","['請問', '說', '班級', '班']",[],neutral
85,3527c555-e24b-4d7f-95bd-43f8cfae9df3,235129881,2021-01-08T01:54:54.299Z,2021-01-08T01:55:08.699Z,1,可以去生輔組問看看,0.0,F,thu,https://www.dcard.tw/f/thu/p/235129881,dcard,comment,可以去生輔組問看看,"['可以', '去', '生', '輔組', '問', '看看']","['生', '輔組', '問', '看看']",[],neutral
86,4d34007e-5be5-4744-ad0e-963347befb05,235129662,2021-01-07T08:05:32.879Z,2021-01-07T08:05:32.879Z,1,484想約女森去你家看貓,5.0,M,thu,https://www.dcard.tw/f/thu/p/235129662,dcard,comment,想約女森去你家看貓,"['想', '約', '女森', '去', '你', '家', '看', '貓']","['想', '約', '女森', '家', '貓']",[],neutral
87,70c0dc58-6e24-48a5-9ed6-b13deedee2a3,235129662,2021-01-07T08:07:27.085Z,2021-01-07T08:07:27.085Z,2,我家的吉娃娃會後空翻,5.0,M,thu,https://www.dcard.tw/f/thu/p/235129662,dcard,comment,我家的吉娃娃會後空翻,"['我', '家', '的', '吉', '娃娃', '會', '後', '空翻']","['家', '吉', '娃娃', '後', '空翻']",[],neutral
88,9cc939a2-23a0-41ae-b860-a46d9bd99526,235129662,2021-01-07T08:12:38.021Z,2021-01-07T08:12:38.021Z,3,是我的錢錢不見了，貓咪都要沒罐頭吃了,1.0,M,thu,https://www.dcard.tw/f/thu/p/235129662,dcard,comment,是我的錢錢不見了貓咪都要沒罐頭吃了,"['是', '我', '的', '錢錢', '不見了', '貓咪', '都', '要', '沒', '罐頭', '吃', '了']","['錢錢', '不見了', '貓咪', '罐頭', '吃']",[],neutral
89,3d32e34a-22fe-454f-bf0e-e5944bcf5ab0,235129662,2021-01-07T08:20:41.306Z,2021-01-07T08:20:41.306Z,4,可⋯⋯可愛,4.0,F,thu,https://www.dcard.tw/f/thu/p/235129662,dcard,comment,可可愛,"['可', '可愛']",['可愛'],[],positive
90,6e765afb-6dfa-4667-aecd-e3d456e52978,235129662,2021-01-07T08:59:52.243Z,2021-01-07T08:59:52.243Z,5,我家的switch也會後空翻,4.0,M,thu,https://www.dcard.tw/f/thu/p/235129662,dcard,comment,我家的也會後空翻,"['我', '家', '的', '也', '會', '後', '空翻']","['家', '後', '空翻']",[],neutral
91,ab215485-dd2f-41e0-81bd-cfba064da4f0,235129662,2021-01-07T16:13:19.805Z,2021-01-07T16:13:19.805Z,6,認真問真的是合租嗎？我想要合租比較便宜,0.0,M,thu,https://www.dcard.tw/f/thu/p/235129662,dcard,comment,認真問真的是合租嗎我想要合租比較便宜,"['認真', '問', '真的', '是', '合租', '嗎', '我', '想要', '合租', '比較', '便宜']","['認真', '問', '真的', '合租', '想要', '合租', '比較', '便宜']",[],positive
92,78c77267-ad47-4317-967e-e22fdebb196d,235129662,2021-01-07T16:17:52.828Z,2021-01-07T16:17:52.828Z,7,B6 認真，你可以直接在fb私訊,0.0,M,thu,https://www.dcard.tw/f/thu/p/235129662,dcard,comment,認真你可以直接在私訊,"['認真', '你', '可以', '直接', '在', '私', '訊']","['認真', '直接', '私', '訊']",[],positive
93,57b47fad-efbe-4f83-adb4-789ebe5273c8,235129662,2021-01-07T18:00:58.595Z,2021-01-07T18:00:58.595Z,8,"可惜我約到六月 不然心動了
如果B0 到時候還沒找到合租 可以聯絡一下嗎",0.0,M,thu,https://www.dcard.tw/f/thu/p/235129662,dcard,comment,可惜我約到六月不然心動了如果到時候還沒找到合租可以聯絡一下嗎,"['可惜', '我', '約', '到', '六月', '不然', '心動', '了', '如果', '到時候', '還', '沒', '找到', '合租', '可以', '聯絡', '一下', '嗎']","['可惜', '約', '六月', '心動', '到時候', '找到', '合租', '聯絡', '一下']",[],negative
94,148ab729-b7a6-4bab-8435-3193a3249b9b,235129662,2021-01-08T01:52:45.625Z,2021-01-08T01:52:45.625Z,9,不要說這麼恐怖的事情啊,0.0,M,thu,https://www.dcard.tw/f/thu/p/235129662,dcard,comment,不要說這麼恐怖的事情啊,"['不要', '說', '這麼', '恐怖', '的', '事情', '啊']","['說', '恐怖', '事情']",[],negative
95,de922b12-6da6-4c9a-a9ff-a70198b2bb2c,235129229,2021-01-07T07:16:48.304Z,2021-01-07T07:16:48.304Z,1,正常😂,0.0,M,thu,https://www.dcard.tw/f/thu/p/235129229,dcard,comment,正常,['正常'],['正常'],[],positive
96,4f9fe7af-dac1-4b3c-b7ac-401491b347c1,235128649,2021-01-07T04:34:43.765Z,2021-01-07T04:34:43.765Z,1,溫暖我！快！！,0.0,M,thu,https://www.dcard.tw/f/thu/p/235128649,dcard,comment,溫暖我快,"['溫暖', '我', '快']",['溫暖'],[],positive
97,d3f61dcb-8775-49b7-8c44-c30dff2a21a7,235128649,2021-01-07T05:03:47.734Z,2021-01-07T05:03:47.734Z,2,這不是我認識的低卡,1.0,M,thu,https://www.dcard.tw/f/thu/p/235128649,dcard,comment,這不是我認識的低卡,"['這', '不', '是', '我', '認識', '的', '低', '卡']","['認識', '低', '卡']",[],neutral
98,06920a84-a5df-4b24-a78e-e6b3658a869c,235128649,2021-01-07T05:17:18.361Z,2021-01-07T05:17:18.361Z,3,大家加油,0.0,F,thu,https://www.dcard.tw/f/thu/p/235128649,dcard,comment,大家加油,"['大家', '加油']",['加油'],[],neutral
99,4cfc8c10-6bd1-4ee7-b8cb-5be4244c0824,235128649,2021-01-07T05:27:22.666Z,2021-01-07T05:27:22.666Z,4,今天晚上睡覺看這篇文可以不用蓋被,23.0,M,thu,https://www.dcard.tw/f/thu/p/235128649,dcard,comment,今天晚上睡覺看這篇文可以不用蓋被,"['今天', '晚上', '睡覺', '看', '這', '篇', '文', '可以', '不用', '蓋被']","['今天', '晚上', '睡覺', '篇', '文', '不用', '蓋被']",[],neutral
100,1d20a0a9-60ff-44eb-97e4-9fe01ccd8fdc,235128649,2021-01-07T07:38:09.061Z,2021-01-07T07:38:09.061Z,5,So sweet ~,0.0,F,thu,https://www.dcard.tw/f/thu/p/235128649,dcard,comment,,,[],[],neutral
101,d84064a6-6a08-4d2e-a66c-b5371024acbc,235128649,2021-01-07T08:00:35.635Z,2021-01-07T08:00:35.635Z,6,https://i.imgur.com/VTuSKci.jpg,0.0,M,thu,https://www.dcard.tw/f/thu/p/235128649,dcard,comment,,,[],[],neutral
102,962d7282-529f-44db-8ba2-c26460ba8b3d,235128585,2021-01-07T04:29:34.105Z,2021-01-07T04:29:34.105Z,1,"好好笑
我想吃麻辣鍋",1.0,F,thu,https://www.dcard.tw/f/thu/p/235128585,dcard,comment,好好笑我想吃麻辣鍋,"['好好笑', '我', '想', '吃', '麻辣', '鍋']","['好好笑', '想', '吃', '麻辣', '鍋']",[],neutral
103,43531ac5-2cb6-4394-a1db-b73666b2ce9b,235128585,2021-01-07T04:50:16.488Z,2021-01-07T04:50:16.488Z,2,B1 我也喜歡吃 可是我的屁股隔天都會很辣,0.0,F,thu,https://www.dcard.tw/f/thu/p/235128585,dcard,comment,我也喜歡吃可是我的屁股隔天都會很辣,"['我', '也', '喜歡', '吃', '可是', '我', '的', '屁股', '隔', '天都', '會', '很', '辣']","['喜歡', '吃', '屁股', '隔', '天都', '辣']",[],negative
104,a3092898-7c64-45f9-be13-747bd6920bfc,235128585,2021-01-07T07:46:43.387Z,2021-01-07T07:46:43.387Z,3,不加芋頭的都是好火鍋,1.0,M,thu,https://www.dcard.tw/f/thu/p/235128585,dcard,comment,不加芋頭的都是好火鍋,"['不', '加', '芋頭', '的', '都', '是', '好', '火鍋']","['加', '芋頭', '好', '火鍋']",[],neutral
105,cf187dc3-43c6-40b1-a879-20d5cc155675,235128585,2021-01-07T12:41:48.247Z,2021-01-07T12:41:48.247Z,4,"因為炭治郎我點進來了
我就油（＃",1.0,F,thu,https://www.dcard.tw/f/thu/p/235128585,dcard,comment,因為炭治郎我點進來了我就油,"['因為', '炭治郎', '我', '點', '進來', '了', '我', '就', '油']","['炭治郎', '點', '油']",[],neutral
106,907d5751-9daf-4aa4-a717-df71a9f960b0,235128585,2021-01-07T13:20:03.739Z,2021-01-07T13:20:03.739Z,5,天氣冷才吃火鍋的人，是真的愛火鍋嗎！！？,0.0,M,thu,https://www.dcard.tw/f/thu/p/235128585,dcard,comment,天氣冷才吃火鍋的人是真的愛火鍋嗎,"['天氣', '冷', '才', '吃', '火鍋', '的', '人', '是', '真的', '愛', '火鍋', '嗎']","['天氣', '冷', '吃', '火鍋', '人', '真的', '愛', '火鍋']",[],neutral
107,5c7b24c5-7cd4-4bce-bcd8-2e32fdaa67d6,235128585,2021-01-07T14:38:28.157Z,2021-01-07T14:38:28.157Z,6,B5 不管天氣冷還是天氣熱 我的心寒都需要火鍋,0.0,F,thu,https://www.dcard.tw/f/thu/p/235128585,dcard,comment,不管天氣冷還是天氣熱我的心寒都需要火鍋,"['不管', '天氣', '冷', '還是', '天氣', '熱', '我', '的', '心寒', '都', '需要', '火鍋']","['天氣', '冷', '天氣', '熱', '心寒', '需要', '火鍋']",[],negative
108,eb1b4730-47ca-40eb-815d-769dfe6576e3,235128585,2021-01-07T14:44:41.257Z,2021-01-07T14:44:41.257Z,7,"通報 📢
好像有人對這篇文章有新想法唷，快來去看看！
  https://www.dcard.tw/f/thu/p/235132215",0.0,D,thu,https://www.dcard.tw/f/thu/p/235128585,dcard,comment,通報好像有人對這篇文章有新想法唷快來去看看,"['通報', '好像', '有', '人', '對', '這', '篇', '文章', '有', '新', '想法', '唷', '快', '來去', '看看']","['通報', '好像', '人', '篇', '文章', '新', '想法', '唷', '來去', '看看']",[],neutral
109,f7daefad-c2ce-4d1c-a375-bcd387d27f88,235128454,2021-01-07T07:50:37.916Z,2021-01-07T07:50:37.916Z,1,"期末報告是整學期上課的內容心得，字數1500~2000字（不過可能還是以2000為主吧）
繳交至ilearn就好，從1/9開始交。老師說期限過後就不開放補交了!",0.0,F,thu,https://www.dcard.tw/f/thu/p/235128454,dcard,comment,期末報告是整學期上課的內容心得字數字不過可能還是以為主吧繳交至就好從開始交老師說期限過後就不開放補交了,"['期末', '報告', '是', '整', '學期', '上課', '的', '內容', '心得', '字', '數字', '不過', '可能', '還是', '以', '為主', '吧', '繳交', '至', '就', '好', '從', '開始', '交', '老師', '說', '期限', '過後', '就', '不', '開放', '補', '交', '了']","['期末', '報告', '整', '學期', '上課', '內容', '心得', '字', '數字', '為主', '繳交', '好', '交', '老師', '說', '期限', '過後', '開放', '補', '交']",[],positive
110,e68ce38e-12ed-407d-8890-5f296658edc9,235128454,2021-01-07T12:48:39.140Z,2021-01-07T12:48:39.140Z,2,而且下禮拜不上課喔,0.0,M,thu,https://www.dcard.tw/f/thu/p/235128454,dcard,comment,而且下禮拜不上課喔,"['而且', '下', '禮拜', '不', '上課', '喔']","['下', '禮拜', '上課']",[],neutral
111,09e4b525-925b-45d3-9b05-a92949ab08f3,235128444,2021-01-07T03:53:53.798Z,2021-01-07T03:53:53.798Z,1,沒有，但你google會有很多，不要當伸手牌唷,12.0,F,thu,https://www.dcard.tw/f/thu/p/235128444,dcard,comment,沒有但你會有很多不要當伸手牌唷,"['沒有', '但', '你', '會', '有', '很多', '不要', '當', '伸手牌', '唷']","['伸手牌', '唷']",[],negative
112,faef18c4-0dfd-4ff3-b18b-8f309f962553,235128444,2021-01-07T04:20:09.824Z,2021-01-07T04:20:09.824Z,2,學校網站上有,1.0,F,thu,https://www.dcard.tw/f/thu/p/235128444,dcard,comment,學校網站上有,"['學校', '網', '站上', '有']","['學校', '網', '站上']",[],neutral
113,32311373-e518-4638-80ad-56145a4498a6,235128444,2021-01-07T05:04:52.965Z,2021-01-07T05:05:19.370Z,3,"要花錢嗎B2 
因為我都用外面買的
學校有免費的喔？😃",0.0,M,thu,https://www.dcard.tw/f/thu/p/235128444,dcard,comment,要花錢嗎因為我都用外面買的學校有免費的喔,"['要', '花錢', '嗎', '因為', '我', '都', '用', '外面', '買', '的', '學校', '有', '免費', '的', '喔']","['花錢', '外面', '買', '學校', '免費']",[],positive
114,27041d15-197e-4393-8296-471d78edee86,235128444,2021-01-07T05:51:22.391Z,2021-01-07T05:51:22.391Z,4,"B1 但是我想要用有東海的logo😂
不知道可不可以自己做一個來用",0.0,M,thu,https://www.dcard.tw/f/thu/p/235128444,dcard,comment,但是我想要用有東海的不知道可不可以自己做一個來用,"['但是', '我', '想要', '用', '有', '東海', '的', '不', '知道', '可不可以', '自己', '做', '一', '個', '來', '用']","['想要', '東海', '知道', '可不可以', '做']",[],positive
115,5f099884-2676-49e8-95e2-3d9293fd6b54,235128444,2021-01-07T05:52:06.298Z,2021-01-07T05:52:06.298Z,5,B2  求連結,0.0,M,thu,https://www.dcard.tw/f/thu/p/235128444,dcard,comment,求連結,"['求', '連結']","['求', '連結']",[],neutral
116,5e40e2c9-4ae3-47e0-ac1f-db713dde1a22,235128444,2021-01-07T06:03:16.381Z,2021-01-07T06:03:16.381Z,6,"B5 
http://cdn.thu.edu.tw/web/about/detail.php?scid=89&sid=220",1.0,F,thu,https://www.dcard.tw/f/thu/p/235128444,dcard,comment,,,[],[],neutral
117,54d349a0-99f2-454c-a998-02facdc16ee7,235128444,2021-01-07T06:26:28.029Z,2021-01-07T06:26:28.029Z,7,下載免費的面板是這個連結？B6,0.0,M,thu,https://www.dcard.tw/f/thu/p/235128444,dcard,comment,下載免費的面板是這個連結,"['下載', '免費', '的', '面板', '是', '這', '個', '連結']","['下載', '免費', '面板', '連結']",[],positive
118,cf9647e8-a35b-4836-b6d5-d92f57585e99,235128444,2021-01-07T06:27:58.149Z,2021-01-07T06:27:58.149Z,8,B6 太感動啦 謝謝😭,0.0,M,thu,https://www.dcard.tw/f/thu/p/235128444,dcard,comment,太感動啦謝謝,"['太', '感動', '啦', '謝謝']","['太', '感動', '謝謝']",[],positive
119,c3946d76-bbb8-45c8-bb54-92aa12cac2a6,235128385,2021-01-07T07:33:20.073Z,2021-01-07T07:33:20.073Z,1,完全都沒說可能的遺失地點是要我們通靈嗎,2.0,F,thu,https://www.dcard.tw/f/thu/p/235128385,dcard,comment,完全都沒說可能的遺失地點是要我們通靈嗎,"['完全', '都', '沒', '說', '可能', '的', '遺失', '地點', '是', '要', '我們', '通靈', '嗎']","['完全', '說', '遺失', '地點', '通靈']",[],negative
120,94ad6d68-ff96-4a9f-b955-835d9db54933,235128385,2021-01-07T09:46:22.123Z,2021-01-07T09:46:22.123Z,2,大概是在學餐停車場附近,0.0,M,thu,https://www.dcard.tw/f/thu/p/235128385,dcard,comment,大概是在學餐停車場附近,"['大概', '是', '在學餐', '停車場', '附近']","['在學餐', '停車場', '附近']",[],neutral
121,6942293c-8fcf-4ea6-baa7-49d849949c6b,235128217,2021-01-07T03:59:54.048Z,2021-01-07T03:59:54.048Z,1,干你屁事？,0.0,M,thu,https://www.dcard.tw/f/thu/p/235128217,dcard,comment,干你屁事,"['干', '你', '屁事']","['干', '屁事']",[],negative
122,fefee485-16bf-4549-b61b-5df4165e609f,235128217,2021-01-07T04:10:50.996Z,2021-01-07T04:10:50.996Z,2,到底多懶下樓拿是要你命是不是,22.0,F,thu,https://www.dcard.tw/f/thu/p/235128217,dcard,comment,到底多懶下樓拿是要你命是不是,"['到底', '多', '懶', '下樓', '拿', '是', '要', '你', '命', '是', '不', '是']","['懶', '下樓', '命']",[],neutral
123,e3efe660-d200-47c9-b8ab-1e798d6ff4d1,235128217,2021-01-07T09:46:22.757Z,2021-01-07T09:46:22.757Z,3,超危險,0.0,F,thu,https://www.dcard.tw/f/thu/p/235128217,dcard,comment,超危險,"['超', '危險']","['超', '危險']",[],negative
124,230e5d38-50c4-4a0d-bb28-52f6ec3f1f0c,235128217,2021-01-07T12:24:17.051Z,2021-01-07T12:24:17.051Z,4,B1 干你屁事？,0.0,M,thu,https://www.dcard.tw/f/thu/p/235128217,dcard,comment,干你屁事,"['干', '你', '屁事']","['干', '屁事']",[],negative
