0,235167098,"#拾獲
物品：學生證
時間：1/14
地點：分部側門
特徵：廖譽凱 先生
同學您的學生證掉了，我拿去物理系系辦哦～
https://i.imgur.com/0U3P9kw.jpg",物理系廖同學學生證,2021-01-13T16:37:56.567Z,2021-01-13T16:37:56.567Z,0,2,M,ntnu,https://www.dcard.tw/f/ntnu/p/235167098,dcard,post,拾獲物品學生證時間地點分部側門特徵廖譽凱先生同學您的學生證掉了我拿去物理系系辦哦,"['拾獲', '物品', '學生證', '時間', '地點', '分部', '側門', '特徵', '廖譽凱', '先生', '同學', '您', '的', '學生證', '掉', '了', '我', '拿去', '物理系', '系辦', '哦']","['拾獲', '物品', '學生證', '時間', '地點', '分部', '側門', '特徵', '廖譽凱', '先生', '同學', '學生證', '掉', '拿去', '物理系', '系辦']",[],neutral
1,235164859,此篇文章為轉貼文章，請更新至最新版本觀看完整內容。,師大有網軍欸,2021-01-13T10:33:00.681Z,2021-01-13T10:33:00.681Z,0,2,M,ntnu,https://www.dcard.tw/f/ntnu/p/235164859,dcard,post,此篇文章為轉貼文章請更新至最新版本觀看完整內容,"['此', '篇', '文章', '為轉貼', '文章', '請', '更新', '至', '最', '新', '版本', '觀看', '完整', '內容']","['篇', '文章', '為轉貼', '文章', '請', '更新', '最', '新', '版本', '觀看', '完整', '內容']",[],positive
2,235164773,"https://i.imgur.com/qv2QT4G.jpg
肉骨茶麵線 120元

湯喝起來有很重的枸杞跟麵線味ˊㄧˋ
想問來吃過的馬來西亞同學
這個味道是正常的嗎QAQ",新開的肉骨茶,2021-01-13T10:15:49.601Z,2021-01-13T10:15:49.601Z,4,1,M,ntnu,https://www.dcard.tw/f/ntnu/p/235164773,dcard,post,肉骨茶麵線元湯喝起來有很重的枸杞跟麵線味想問來吃過的馬來西亞同學這個味道是正常的嗎,"['肉骨茶', '麵線', '元湯', '喝起來', '有', '很', '重', '的', '枸杞', '跟', '麵線味', '想', '問來', '吃', '過', '的', '馬來西亞', '同學', '這', '個', '味道', '是', '正常', '的', '嗎']","['肉骨茶', '麵線', '元湯', '喝起來', '重', '枸杞', '麵線味', '想', '問來', '吃', '馬來西亞', '同學', '味道', '正常']",[],positive
3,235164246,"如題，想問一下還有學長姐想收伯樂電腦包嗎~這裡有四個都沒有用過的！
要面交的話原則上是明天(1/14)詳細時間地點再討論
-
然後另外有小後背包*2是要送的(如下圖) 
要的直接留言說就好！
https://i.imgur.com/28hKn6Y.jpg
-
祝大家期末歐趴٩(˃̶͈̀௰˂̶͈́)و",有學長姐想收伯樂電腦包嗎~,2021-01-13T08:28:53.040Z,2021-01-13T08:28:53.040Z,13,7,F,ntnu,https://www.dcard.tw/f/ntnu/p/235164246,dcard,post,如題想問一下還有學長姐想收伯樂電腦包嗎這裡有四個都沒有用過的要面交的話原則上是明天詳細時間地點再討論然後另外有小後背包是要送的如下圖要的直接留言說就好祝大家期末歐趴,"['如', '題', '想', '問', '一下', '還', '有', '學長', '姐', '想', '收', '伯樂', '電腦', '包', '嗎', '這裡', '有', '四', '個', '都', '沒有用', '過', '的', '要', '面', '交', '的', '話', '原則上', '是', '明天', '詳細', '時間', '地點', '再', '討論', '然後', '另外', '有', '小', '後', '背包', '是', '要', '送', '的', '如', '下圖', '要', '的', '直接', '留言', '說', '就', '好', '祝', '大家', '期末', '歐', '趴']","['題', '想', '問', '一下', '學長', '姐', '想', '收', '伯樂', '電腦', '包', '這裡', '沒有用', '面', '交', '話', '原則上', '明天', '詳細', '時間', '地點', '再', '討論', '小', '後', '背包', '送', '下圖', '直接', '留言', '說', '好', '祝', '期末', '歐', '趴']",[],negative
4,235162538,"【迪芬尼聲學人資團隊，親自傳授求職秘辛】
看著心動的工作/實習機會，但自己的履歷又再度石沉大海？
想申請研究所或研習機會，卻不知道如何撰寫履歷?
明明準備好的自我介紹，一到現場面試就緊張都忘光光？不知道要怎麼回答面試官問題?
機會是留給準備好的人！
本講座活動包含<模擬面試X履歷講座>，
✔️實際人資一對一和您做諮詢
✔️過來人的經驗分享(來聽聽我們的年輕人怎麼說)
✔️履歷沒想像的複雜，抓住架構與重點就不怕！
✔️面試心法不私藏
不管你來自什麼科系，不管你是大一還是研究所
或是工作經驗2年以下者
都歡迎來報名 [履歷面試健檢活動] 🤩
📍報名時間：即日起至 額滿為止(15人)
📍報名表單： https://forms.gle/PQeLr8HS4yAphzaTA

https://i.imgur.com/gMFBEfU.jpg

https://i.imgur.com/vS0cXLe.jpg

我是師大國際人資研究所的學生
目前正在迪芬尼聲學實習:)
歡迎近期有需要投遞履歷、面試的各位報名參加唷！

https://www.facebook.com/231979276913145/posts/3406153729495668?sfns=mo",【活動分享】迪芬尼聲學－履歷面試健檢,2021-01-13T02:28:03.771Z,2021-01-13T02:30:16.866Z,0,2,F,ntnu,https://www.dcard.tw/f/ntnu/p/235162538,dcard,post,迪芬尼聲學人資團隊親自傳授求職秘辛看著心動的工作實習機會但自己的履歷又再度石沉大海想申請研究所或研習機會卻不知道如何撰寫履歷明明準備好的自我介紹一到現場面試就緊張都忘光光不知道要怎麼回答面試官問題機會是留給準備好的人本講座活動包含模擬面試履歷講座實際人資一對一和您做諮詢過來人的經驗分享來聽聽我們的年輕人怎麼說履歷沒想像的複雜抓住架構與重點就不怕面試心法不私藏不管你來自什麼科系不管你是大一還是研究所或是工作經驗年以下者都歡迎來報名履歷面試健檢活動報名時間即日起至額滿為止人報名表單我是師大國際人資研究所的學生目前正在迪芬尼聲學實習歡迎近期有需要投遞履歷面試的各位報名參加唷,"['迪芬尼聲', '學人', '資', '團隊', '親自', '傳授', '求職', '秘辛', '看', '著', '心動', '的', '工作', '實習', '機會', '但', '自己', '的', '履歷', '又', '再度', '石沉', '大海', '想', '申請', '研究所', '或', '研習', '機會', '卻', '不', '知道', '如何', '撰寫', '履歷', '明明', '準備好', '的', '自我', '介紹', '一', '到', '現場', '面試', '就', '緊張', '都', '忘光', '光', '不', '知道', '要', '怎麼', '回答', '面試', '官', '問題', '機會', '是', '留給', '準備好', '的', '人本', '講座', '活動', '包含', '模擬', '面試', '履歷', '講座', '實際', '人', '資', '一', '對', '一', '和', '您', '做', '諮詢', '過來人', '的', '經驗', '分享', '來', '聽聽', '我們', '的', '年輕人', '怎麼說', '履歷', '沒', '想像', '的', '複雜', '抓住', '架構', '與', '重點', '就', '不', '怕', '面試', '心法', '不', '私藏', '不管', '你', '來自', '什麼', '科系', '不管', '你', '是', '大一', '還是', '研究所', '或是', '工作', '經驗', '年', '以下', '者', '都', '歡迎', '來', '報名', '履歷', '面試', '健檢', '活動', '報名', '時間', '即日', '起', '至', '額滿', '為止', '人', '報名表', '單', '我', '是', '師大', '國際人', '資', '研究所', '的', '學生', '目前', '正在', '迪芬尼聲', '學', '實習', '歡迎', '近期', '有', '需要', '投遞', '履歷', '面試', '的', '各位', '報名', '參加', '唷']","['迪芬尼聲', '學人', '資', '團隊', '傳授', '求職', '秘辛', '心動', '工作', '實習', '機會', '履歷', '再度', '石沉', '大海', '想', '申請', '研究所', '研習', '機會', '卻', '知道', '撰寫', '履歷', '明明', '準備好', '自我', '介紹', '現場', '面試', '緊張', '忘光', '知道', '回答', '面試', '官', '問題', '機會', '留給', '準備好', '人本', '講座', '活動', '包含', '模擬', '面試', '履歷', '講座', '實際', '人', '資', '做', '諮詢', '過來人', '經驗', '分享', '聽聽', '年輕人', '怎麼說', '履歷', '想像', '複雜', '抓住', '架構', '重點', '面試', '心法', '私藏', '來自', '科系', '大一', '研究所', '工作', '經驗', '年', '以下', '歡迎', '報名', '履歷', '面試', '健檢', '活動', '報名', '時間', '即日', '額滿', '為止', '人', '報名表', '師大', '國際人', '資', '研究所', '學生', '目前', '正在', '迪芬尼聲', '學', '實習', '歡迎', '近期', '需要', '投遞', '履歷', '面試', '報名', '參加', '唷']","['履歷', '面試', '資']",positive
5,235160984,"[協助朋友轉貼]
https://i.imgur.com/hOVLT2Y.jpg

🎊活動簡介：
如果你 對於新創的文化有著無比的嚮往，卻不知道自己合不合適
如果你 想要知道如何準備面試 卻無從著手
如果你 想要了解從學校到職場如何適應
那麼絕對不要錯過這難得的講座! 
我們將一一從輕鬆聊天的與談中 破解這些謎底
本次活動邀請到的講者是：在軟體業新創公司擁有資深經驗的前端工程師！
將為我們帶來在軟體業新創公司的種種經驗分享
歡迎有興趣一窺軟體工程師職涯的同學們踴躍報名唷！

🌟活動時間：
2021/1/23(六) 15:00~16:00
(講座時間：一小時，後續若有疑問可再另行跟講者細聊)

🌟形式：
以講座的方式進行

🌟活動費用：
由於講師純屬經驗分享不額外收費

🌟地點：
台大附近 (待報名成功會再另行通知)

🎊報名表單：
https://forms.gle/X2JqawTzcjSUM3xu9

💫報名截止：
~1/17(日)晚上12點
*錄取通知將在1/18(一)傍晚寄出",「職人給問嗎?」--新創與大公司的十字路口,2021-01-12T16:03:09.800Z,2021-01-12T16:03:09.800Z,1,2,M,ntnu,https://www.dcard.tw/f/ntnu/p/235160984,dcard,post,協助朋友轉貼活動簡介如果你對於新創的文化有著無比的嚮往卻不知道自己合不合適如果你想要知道如何準備面試卻無從著手如果你想要了解從學校到職場如何適應那麼絕對不要錯過這難得的講座我們將一一從輕鬆聊天的與談中破解這些謎底本次活動邀請到的講者是在軟體業新創公司擁有資深經驗的前端工程師將為我們帶來在軟體業新創公司的種種經驗分享歡迎有興趣一窺軟體工程師職涯的同學們踴躍報名唷活動時間六講座時間一小時後續若有疑問可再另行跟講者細聊形式以講座的方式進行活動費用由於講師純屬經驗分享不額外收費地點台大附近待報名成功會再另行通知報名表單報名截止日晚上點錄取通知將在一傍晚寄出,"['協助', '朋友', '轉貼', '活動', '簡介', '如果', '你', '對於', '新創', '的', '文化', '有', '著', '無比', '的', '嚮往', '卻', '不', '知道', '自己', '合不合', '適', '如果', '你', '想要', '知道', '如何', '準備', '面試', '卻', '無從', '著手', '如果', '你', '想要', '了解', '從', '學校', '到', '職場', '如何', '適應', '那麼', '絕對', '不要', '錯過', '這', '難得', '的', '講座', '我們', '將', '一一', '從', '輕鬆', '聊天', '的', '與', '談', '中', '破解', '這些', '謎底', '本', '次', '活動', '邀請到', '的', '講', '者', '是', '在', '軟體業', '新創', '公司', '擁有', '資深', '經驗', '的', '前端', '工程師', '將', '為', '我們', '帶來', '在', '軟體業', '新創', '公司', '的', '種種', '經驗', '分享', '歡迎', '有', '興趣', '一', '窺', '軟體', '工程師', '職涯', '的', '同學們', '踴躍', '報名', '唷', '活動', '時間', '六', '講座', '時間', '一', '小時', '後續', '若', '有', '疑問', '可', '再', '另行', '跟', '講', '者', '細聊', '形式', '以', '講座', '的', '方式', '進行', '活動', '費用', '由於', '講師', '純屬', '經驗', '分享', '不', '額外', '收費', '地點', '台大', '附近', '待', '報名', '成功', '會', '再', '另行', '通知', '報名表', '單', '報名', '截止日', '晚上點', '錄取', '通知', '將', '在', '一', '傍晚', '寄出']","['協助', '朋友', '轉貼', '活動', '簡介', '新創', '文化', '無比', '嚮往', '卻', '知道', '合不合', '適', '想要', '知道', '準備', '面試', '卻', '無從', '著手', '想要', '了解', '學校', '職場', '適應', '錯過', '講座', '一一', '輕鬆', '聊天', '談', '中', '破解', '謎底', '次', '活動', '邀請到', '講', '軟體業', '新創', '公司', '擁有', '資深', '經驗', '前端', '工程師', '帶來', '軟體業', '新創', '公司', '種種', '經驗', '分享', '歡迎', '興趣', '窺', '軟體', '工程師', '職涯', '同學們', '踴躍', '報名', '唷', '活動', '時間', '講座', '時間', '小時', '後續', '疑問', '再', '講', '細聊', '形式', '講座', '方式', '進行', '活動', '費用', '講師', '純屬', '經驗', '分享', '額外', '收費', '地點', '台大', '附近', '報名', '成功', '再', '通知', '報名表', '報名', '截止日', '晚上點', '錄取', '通知', '傍晚', '寄出']",[],positive
6,235160962,此篇文章為轉貼文章，請更新至最新版本觀看完整內容。,數學哥也太紅了😂,2021-01-12T16:00:21.717Z,2021-01-12T16:00:21.717Z,3,2,M,ntnu,https://www.dcard.tw/f/ntnu/p/235160962,dcard,post,此篇文章為轉貼文章請更新至最新版本觀看完整內容,"['此', '篇', '文章', '為轉貼', '文章', '請', '更新', '至', '最', '新', '版本', '觀看', '完整', '內容']","['篇', '文章', '為轉貼', '文章', '請', '更新', '最', '新', '版本', '觀看', '完整', '內容']",[],positive
7,235157755,請問今天有上劉容真數學導論的同學，期末考時間是明天星期三，從下午1：20開始考嗎？之前老師在講的時候沒聽清楚，還請大家幫幫忙😭,關於數學導論的期末考時間,2021-01-12T06:19:57.053Z,2021-01-12T06:19:57.053Z,5,2,M,ntnu,https://www.dcard.tw/f/ntnu/p/235157755,dcard,post,請問今天有上劉容真數學導論的同學期末考時間是明天星期三從下午開始考嗎之前老師在講的時候沒聽清楚還請大家幫幫忙,"['請問', '今天', '有', '上', '劉容', '真', '數學', '導論', '的', '同學', '期末考', '時間', '是', '明天', '星期三', '從', '下午', '開始', '考', '嗎', '之前', '老師', '在', '講', '的', '時候', '沒', '聽清楚', '還', '請', '大家', '幫幫忙']","['請問', '今天', '劉容', '真', '數學', '導論', '同學', '期末考', '時間', '明天', '星期三', '下午', '考', '之前', '老師', '講', '聽清楚', '請', '幫幫忙']",[],neutral
8,235157033,"如題，有人知道要去哪裡查台灣大學系統開課名單嗎？
我看了很久，都只看到我們學校的，如果有人會的話，拜託教學一下。
好人一生平安，期末歐趴！",校際選課 開課名單,2021-01-12T03:52:14.235Z,2021-01-12T03:52:14.235Z,17,0,F,ntnu,https://www.dcard.tw/f/ntnu/p/235157033,dcard,post,如題有人知道要去哪裡查台灣大學系統開課名單嗎我看了很久都只看到我們學校的如果有人會的話拜託教學一下好人一生平安期末歐趴,"['如', '題', '有', '人', '知道', '要', '去', '哪裡', '查', '台灣', '大學', '系統', '開課', '名單', '嗎', '我', '看', '了', '很', '久', '都', '只', '看到', '我們', '學校', '的', '如果', '有', '人', '會', '的', '話', '拜託', '教學', '一下', '好人', '一生', '平安', '期末', '歐', '趴']","['題', '人', '知道', '哪裡', '查', '台灣', '大學', '系統', '開課', '名單', '久', '只', '看到', '學校', '人', '話', '拜託', '教學', '一下', '好人', '一生', '平安', '期末', '歐', '趴']",[],positive
9,235156510,"這堂課真的很雷
分組報告更是雷翻天
整學期只有第一堂跟最後兩堂實體課
而且是加退選跟期末報告兩週
我都沒看過我的組員是要怎麼做報告
還會一直被陌生人直接加組
爛死了這堂課
完全沒有必要浪費時間還有腦細胞",【勸退】行動APP設計,2021-01-12T01:23:35.080Z,2021-01-12T01:23:35.080Z,4,2,M,ntnu,https://www.dcard.tw/f/ntnu/p/235156510,dcard,post,這堂課真的很雷分組報告更是雷翻天整學期只有第一堂跟最後兩堂實體課而且是加退選跟期末報告兩週我都沒看過我的組員是要怎麼做報告還會一直被陌生人直接加組爛死了這堂課完全沒有必要浪費時間還有腦細胞,"['這', '堂', '課', '真的', '很', '雷', '分組', '報告', '更', '是', '雷翻', '天', '整', '學期', '只有', '第一', '堂', '跟', '最後', '兩', '堂', '實體課', '而且', '是', '加', '退', '選', '跟', '期末', '報告', '兩', '週', '我', '都', '沒', '看過', '我', '的', '組員', '是', '要', '怎麼', '做', '報告', '還', '會', '一直', '被', '陌生人', '直接', '加', '組爛', '死', '了', '這', '堂', '課', '完全', '沒有', '必要', '浪費', '時間', '還', '有', '腦', '細胞']","['堂', '課', '真的', '雷', '分組', '報告', '雷翻', '天', '整', '學期', '第一', '堂', '最後', '兩', '堂', '實體課', '加', '退', '選', '期末', '報告', '兩', '週', '看過', '組員', '做', '報告', '一直', '陌生人', '直接', '加', '組爛', '死', '堂', '課', '完全', '必要', '浪費', '時間', '腦', '細胞']",[],negative
10,235156434,"求問😭😭
剛入師大當研究助理，平常都在男一宿打卡，這幾天男一宿的打卡點被人事室撤銷了orz

問人事室，人事室只叫我回各單位打卡
問題是，我是屬於科技部助理，寒暑假星期五不像助教、行政人員他們一樣不用上班啊>”<

到時候星期五係辦也不會開門，也沒有打卡地方

覺得很焦慮，為什麼不乾脆在各館1樓放一個打卡點比較方便orz

求問哪裡有開放到打卡地點😭",求問 簽到退打卡地點,2021-01-12T00:46:23.994Z,2021-01-12T00:46:23.994Z,6,1,F,ntnu,https://www.dcard.tw/f/ntnu/p/235156434,dcard,post,求問剛入師大當研究助理平常都在男一宿打卡這幾天男一宿的打卡點被人事室撤銷了問人事室人事室只叫我回各單位打卡問題是我是屬於科技部助理寒暑假星期五不像助教行政人員他們一樣不用上班啊到時候星期五係辦也不會開門也沒有打卡地方覺得很焦慮為什麼不乾脆在各館樓放一個打卡點比較方便求問哪裡有開放到打卡地點,"['求問', '剛', '入', '師大', '當', '研究', '助理', '平常', '都', '在', '男', '一', '宿', '打卡', '這', '幾', '天', '男', '一', '宿', '的', '打', '卡點', '被', '人事室', '撤銷', '了', '問', '人事室', '人事室', '只', '叫', '我', '回', '各', '單位', '打卡', '問題', '是', '我', '是', '屬於', '科技部', '助理', '寒暑', '假', '星期五', '不', '像', '助教', '行政', '人員', '他們', '一樣', '不用', '上班', '啊', '到時候', '星期五', '係', '辦', '也', '不會', '開門', '也', '沒有', '打卡', '地方', '覺得', '很', '焦慮', '為什麼', '不', '乾脆', '在', '各', '館', '樓', '放', '一', '個', '打', '卡點', '比較', '方便', '求問', '哪裡', '有', '開放', '到', '打卡', '地點']","['求問', '入', '師大', '研究', '助理', '平常', '男', '宿', '打卡', '天', '男', '宿', '卡點', '人事室', '撤銷', '問', '人事室', '人事室', '只', '回', '單位', '打卡', '問題', '屬於', '科技部', '助理', '寒暑', '假', '星期五', '助教', '行政', '人員', '不用', '上班', '到時候', '星期五', '係', '辦', '開門', '打卡', '地方', '覺得', '焦慮', '乾脆', '館', '樓', '放', '卡點', '比較', '方便', '求問', '哪裡', '開放', '打卡', '地點']",[],negative
11,235154867,"嗨嗨大家好

目前就讀於師大歐洲文化與觀光研究所
現在在法國拿雙聯學位
就想說開個頻道紀錄一下法國文化觀察 語言有趣新發現 或生活點滴 之類～

日前某天買冰淇淋的時候就意外發現冰淇淋甜筒與獨角獸的關聯
覺得實在太有趣了  忍不住為他剪一支影片想跟大家分享
如果有興趣的話就看看吧！先謝過你們的笑納了!!!!!
https://youtu.be/F5VYzMGQNeI",【法文】冰淇淋甜筒與獨角獸的關聯,2021-01-11T14:59:11.806Z,2021-01-11T14:59:11.806Z,9,34,F,ntnu,https://www.dcard.tw/f/ntnu/p/235154867,dcard,post,嗨嗨大家好目前就讀於師大歐洲文化與觀光研究所現在在法國拿雙聯學位就想說開個頻道紀錄一下法國文化觀察語言有趣新發現或生活點滴之類日前某天買冰淇淋的時候就意外發現冰淇淋甜筒與獨角獸的關聯覺得實在太有趣了忍不住為他剪一支影片想跟大家分享如果有興趣的話就看看吧先謝過你們的笑納了,"['嗨', '嗨', '大家', '好', '目前', '就讀', '於', '師大', '歐洲', '文化', '與', '觀光', '研究所', '現在', '在', '法國', '拿', '雙', '聯', '學位', '就', '想', '說開', '個', '頻道', '紀錄', '一下', '法國', '文化', '觀察', '語言', '有趣', '新', '發現', '或', '生活', '點滴', '之類', '日前', '某', '天', '買', '冰淇淋', '的', '時候', '就', '意外', '發現', '冰淇淋', '甜筒', '與', '獨角獸', '的', '關聯', '覺得', '實在', '太', '有趣', '了', '忍不住', '為', '他', '剪', '一', '支', '影片', '想', '跟', '大家', '分享', '如果', '有', '興趣', '的', '話', '就', '看看', '吧', '先謝', '過', '你們', '的', '笑納', '了']","['嗨', '嗨', '好', '目前', '就讀', '師大', '歐洲', '文化', '觀光', '研究所', '現在', '法國', '雙', '聯', '學位', '想', '說開', '頻道', '紀錄', '一下', '法國', '文化', '觀察', '語言', '有趣', '新', '發現', '生活', '點滴', '日前', '天', '買', '冰淇淋', '意外', '發現', '冰淇淋', '甜筒', '獨角獸', '關聯', '覺得', '實在', '太', '有趣', '忍不住', '剪', '支', '影片', '想', '分享', '興趣', '話', '看看', '先謝', '笑納']",[],positive
12,235154301,"為什麼選課版上
找不到師大政治研究所的課呀？
剛才爬了政治所老師的課
發現老師們開的課程都變到東亞所下面
https://i.imgur.com/FZPC4pE.jpg
變成一個「政經與區域發展領域」的課程

有人知道發生什麼事嗎？",政治所的課不見了？,2021-01-11T13:35:33.003Z,2021-01-11T13:35:33.003Z,6,3,M,ntnu,https://www.dcard.tw/f/ntnu/p/235154301,dcard,post,為什麼選課版上找不到師大政治研究所的課呀剛才爬了政治所老師的課發現老師們開的課程都變到東亞所下面變成一個政經與區域發展領域的課程有人知道發生什麼事嗎,"['為什麼', '選課版', '上', '找', '不', '到', '師大', '政治', '研究所', '的', '課', '呀', '剛才', '爬', '了', '政治', '所', '老師', '的', '課', '發現', '老師', '們', '開', '的', '課程', '都', '變', '到', '東亞', '所', '下面', '變成', '一', '個', '政經', '與', '區域', '發展', '領域', '的', '課程', '有', '人', '知道', '發生', '什麼', '事', '嗎']","['選課版', '找', '師大', '政治', '研究所', '課', '爬', '政治', '老師', '課', '發現', '老師', '開', '課程', '變', '東亞', '下面', '變成', '政經', '區域', '發展', '領域', '課程', '人', '知道', '發生', '事']",[],positive
13,235153475,"想詢問一下版上有沒有人修過馮老師的印尼文課
我在網路上怎麼找都找不到老師的相關資訊
不知道能不能分享一下老師的教學方式、教材、給分方式、口說練習多寡等等

感激不盡！",印尼文 馮燕妮 評價,2021-01-11T11:09:51.604Z,2021-01-11T11:09:51.604Z,2,5,M,ntnu,https://www.dcard.tw/f/ntnu/p/235153475,dcard,post,想詢問一下版上有沒有人修過馮老師的印尼文課我在網路上怎麼找都找不到老師的相關資訊不知道能不能分享一下老師的教學方式教材給分方式口說練習多寡等等感激不盡,"['想', '詢問', '一下', '版', '上', '有沒有', '人', '修', '過', '馮', '老師', '的', '印尼', '文課', '我', '在', '網路', '上', '怎麼', '找', '都', '找', '不', '到', '老師', '的', '相關', '資訊', '不', '知道', '能不能', '分享', '一下', '老師', '的', '教學', '方式', '教材', '給分', '方式', '口', '說', '練習', '多寡', '等等', '感激', '不盡']","['想', '詢問', '一下', '版', '有沒有', '人', '修', '馮', '老師', '印尼', '文課', '網路', '找', '找', '老師', '相關', '資訊', '知道', '能不能', '分享', '一下', '老師', '教學', '方式', '教材', '給分', '方式', '口', '說', '練習', '多寡', '感激', '不盡']",[],positive
14,235150450,"https://news.ltn.com.tw/news/society/breakingnews/3406410

〔記者吳政峰／台北報導〕師範大學科技應用與人力資源發展學系一名梁姓博士生，不滿系內2019年公告的研究生參考書目過多，恐斥資19萬元影印，影響權益甚鉅，提告「學術霸凌」，要求撤銷參考書目。但承審的台北高等行政法院認為，參考書目只是協助學生在修讀博士學位過程中，給予明確的準備方向，並沒有強制性，也不是一種行政處分，日前駁回其訴。",新聞報導,2021-01-10T21:08:16.987Z,2021-01-10T21:08:16.987Z,2,2,M,ntnu,https://www.dcard.tw/f/ntnu/p/235150450,dcard,post,記者吳政峰台北報導師範大學科技應用與人力資源發展學系一名梁姓博士生不滿系內年公告的研究生參考書目過多恐斥資萬元影印影響權益甚鉅提告學術霸凌要求撤銷參考書目但承審的台北高等行政法院認為參考書目只是協助學生在修讀博士學位過程中給予明確的準備方向並沒有強制性也不是一種行政處分日前駁回其訴,"['記者', '吳政峰', '台北', '報導', '師範', '大學', '科技', '應用', '與', '人力', '資源', '發展', '學系', '一', '名', '梁姓', '博士', '生', '不滿', '系', '內', '年', '公告', '的', '研究生', '參考', '書目', '過多', '恐', '斥資', '萬', '元', '影印', '影響', '權益', '甚', '鉅', '提', '告', '學術', '霸凌', '要求', '撤銷', '參考', '書目', '但', '承審', '的', '台北', '高等', '行政', '法院', '認為', '參考', '書目', '只是', '協助', '學生', '在', '修讀', '博士', '學位', '過程', '中', '給予', '明確', '的', '準備', '方向', '並', '沒有', '強制性', '也', '不', '是', '一', '種', '行政', '處分', '日前', '駁回', '其', '訴']","['記者', '吳政峰', '台北', '報導', '師範', '大學', '科技', '應用', '人力', '資源', '發展', '學系', '名', '梁姓', '博士', '生', '系', '年', '公告', '研究生', '參考', '書目', '過多', '恐', '斥資', '萬', '元', '影印', '影響', '權益', '甚', '鉅', '提', '告', '學術', '霸凌', '要求', '撤銷', '參考', '書目', '承審', '台北', '高等', '行政', '法院', '認為', '參考', '書目', '協助', '學生', '修讀', '博士', '學位', '過程', '中', '給予', '明確', '準備', '方向', '強制性', '種', '行政', '處分', '日前', '駁回', '訴']",[],positive
15,235144422,"想問問昨天有去八里上科學思維的同學，老師有說沒去的人會怎麼樣/該怎麼彌補嗎～？

穴穴大家～",科學思維的淨灘,2021-01-09T17:20:22.812Z,2021-01-09T17:20:55.617Z,10,2,M,ntnu,https://www.dcard.tw/f/ntnu/p/235144422,dcard,post,想問問昨天有去八里上科學思維的同學老師有說沒去的人會怎麼樣該怎麼彌補嗎穴穴大家,"['想', '問問', '昨天', '有', '去', '八里', '上', '科學', '思維', '的', '同學', '老師', '有', '說', '沒', '去', '的', '人', '會', '怎麼樣', '該', '怎麼', '彌補', '嗎', '穴穴', '大家']","['想', '問問', '昨天', '八里', '科學', '思維', '同學', '老師', '說', '人', '彌補', '穴穴']",[],neutral
16,235144277,"請問是有公主把三樓曬衣間當自己衣櫃嗎？
最近失竊率也太高了吧，想到自己兩件衣服不見，
去廁所吹頭髮的時候看到有人穿在身上，
那感覺超級噁心。
不管是誤拿衣服還是怎樣，真的是無言薯條",女一分三樓曬衣間,2021-01-09T16:45:11.379Z,2021-01-09T16:45:11.379Z,1,4,F,ntnu,https://www.dcard.tw/f/ntnu/p/235144277,dcard,post,請問是有公主把三樓曬衣間當自己衣櫃嗎最近失竊率也太高了吧想到自己兩件衣服不見去廁所吹頭髮的時候看到有人穿在身上那感覺超級噁心不管是誤拿衣服還是怎樣真的是無言薯條,"['請問', '是', '有', '公主', '把', '三樓', '曬衣', '間', '當', '自己', '衣櫃', '嗎', '最近', '失竊率', '也', '太', '高', '了', '吧', '想到', '自己', '兩', '件', '衣服', '不見', '去', '廁所', '吹', '頭髮', '的', '時候', '看到', '有', '人', '穿', '在', '身', '上', '那', '感覺', '超級', '噁心', '不管', '是', '誤', '拿', '衣服', '還是', '怎樣', '真的', '是', '無言', '薯條']","['請問', '公主', '三樓', '曬衣', '間', '衣櫃', '最近', '失竊率', '太', '高', '想到', '兩', '件', '衣服', '不見', '廁所', '吹', '頭髮', '看到', '人', '穿', '身', '感覺', '超級', '噁心', '誤', '衣服', '真的', '無言', '薯條']",[],negative
17,235144230,想問一下有上初級日語一的人，上禮拜一老師的助動詞是教到哪裡？謝謝！,初級日語 張文朝,2021-01-09T16:37:08.583Z,2021-01-09T16:37:08.583Z,5,0,F,ntnu,https://www.dcard.tw/f/ntnu/p/235144230,dcard,post,想問一下有上初級日語一的人上禮拜一老師的助動詞是教到哪裡謝謝,"['想', '問', '一下', '有', '上', '初級', '日語', '一', '的', '人', '上', '禮拜', '一', '老師', '的', '助動詞', '是', '教到', '哪裡', '謝謝']","['想', '問', '一下', '初級', '日語', '人', '禮拜', '老師', '助動詞', '教到', '哪裡', '謝謝']",[],positive
18,235143713,想知道師大同學對歐陽娜娜的看法？,對歐陽娜娜的看法？,2021-01-09T15:19:26.473Z,2021-01-10T13:16:04.991Z,9,7,F,ntnu,https://www.dcard.tw/f/ntnu/p/235143713,dcard,post,想知道師大同學對歐陽娜娜的看法,"['想', '知道', '師大', '同學', '對', '歐陽', '娜娜', '的', '看法']","['想', '知道', '師大', '同學', '歐陽', '娜娜', '看法']",[],positive
19,235142878,有沒有人覺得學七宿舍根本是浪費錢的東西 ? 那棟大樓那麼好，應該拿來當作教學大樓才對，拿來當作宿舍簡直就是浪費錢。而且既然選擇讀師大，那表示未來就只能當老師而已，要當老師就得有堅韌的韌性，所以不給住宿生宿舍住才是理所當然的，因此我呼籲校方將所有住宿生從學七趕出來，並要他們到台北車站當遊民，住在那邊解決所有生理問題才對 !,學七舍到底什麼時候要拆掉 ?,2021-01-09T12:55:48.535Z,2021-01-09T12:55:48.535Z,21,8,M,ntnu,https://www.dcard.tw/f/ntnu/p/235142878,dcard,post,有沒有人覺得學七宿舍根本是浪費錢的東西那棟大樓那麼好應該拿來當作教學大樓才對拿來當作宿舍簡直就是浪費錢而且既然選擇讀師大那表示未來就只能當老師而已要當老師就得有堅韌的韌性所以不給住宿生宿舍住才是理所當然的因此我呼籲校方將所有住宿生從學七趕出來並要他們到台北車站當遊民住在那邊解決所有生理問題才對,"['有沒有', '人', '覺得', '學七', '宿舍', '根本', '是', '浪費', '錢', '的', '東西', '那', '棟', '大樓', '那麼', '好', '應該', '拿來', '當作', '教學', '大樓', '才', '對', '拿來', '當作', '宿舍', '簡直', '就是', '浪費', '錢', '而且', '既然', '選擇', '讀', '師大', '那', '表示', '未來', '就', '只', '能', '當', '老師', '而已', '要', '當', '老師', '就', '得', '有', '堅韌', '的', '韌性', '所以', '不', '給', '住宿生', '宿舍', '住', '才', '是', '理所當然', '的', '因此', '我', '呼籲', '校方', '將', '所有', '住宿生', '從', '學七', '趕出來', '並', '要', '他們', '到', '台北', '車站', '當', '遊民', '住在', '那邊', '解決', '所有', '生理', '問題', '才', '對']","['有沒有', '人', '覺得', '學七', '宿舍', '根本', '浪費', '錢', '東西', '棟', '大樓', '好', '應該', '拿來', '當作', '教學', '大樓', '拿來', '當作', '宿舍', '浪費', '錢', '選擇', '讀', '師大', '表示', '未來', '只', '老師', '老師', '堅韌', '韌性', '住宿生', '宿舍', '住', '理所當然', '呼籲', '校方', '所有', '住宿生', '學七', '趕出來', '台北', '車站', '遊民', '住在', '解決', '所有', '生理', '問題']",[],negative
20,235138937,"這幾週正逢寒流來襲，卻遇到沒有熱水的問題。

打給宿管人員兩次，宿管人員卻推拖職責給廠商問題，而明知廠商每天晚間11.30會下班，卻無解決問題能力，廠商只會推託給前面委外廠商。就這樣，我們只能每個月付錢洗冷水。

這種寒流的天氣，半夜無法洗熱水澡實在難以忍受。如果感冒發燒是否學校要因此負責？試問遇到這種問題如何解決？台北遇到寒流我相信不是幾百年遇到一次的，而學七舍興建以來也不是第一次遇到類似情況。

學七舍曾2017年12月1日上過東森新聞，當時多收熱水費的問題至今依然每個月都會收熱泵費用，且每個月也沒少收錢

新聞網址：
https://youtu.be/nIQ3OVaJjWE

這種天氣是要冷死誰
https://liff.line.me/1454987169-1WAXAP3K/v2/article/vLBPJm?utm_source=copyshare

學七舍一棟上百位住宿生面臨沒有熱水的問題，真的很棒。",寒流沒熱水，優秀學校,2021-01-08T16:31:35.316Z,2021-01-08T16:38:16.328Z,44,41,M,ntnu,https://www.dcard.tw/f/ntnu/p/235138937,dcard,post,這幾週正逢寒流來襲卻遇到沒有熱水的問題打給宿管人員兩次宿管人員卻推拖職責給廠商問題而明知廠商每天晚間會下班卻無解決問題能力廠商只會推託給前面委外廠商就這樣我們只能每個月付錢洗冷水這種寒流的天氣半夜無法洗熱水澡實在難以忍受如果感冒發燒是否學校要因此負責試問遇到這種問題如何解決台北遇到寒流我相信不是幾百年遇到一次的而學七舍興建以來也不是第一次遇到類似情況學七舍曾年月日上過東森新聞當時多收熱水費的問題至今依然每個月都會收熱泵費用且每個月也沒少收錢新聞網址這種天氣是要冷死誰學七舍一棟上百位住宿生面臨沒有熱水的問題真的很棒,"['這', '幾', '週', '正', '逢', '寒流', '來襲', '卻', '遇到', '沒有', '熱水', '的', '問題', '打給', '宿管', '人員', '兩', '次', '宿管', '人員', '卻', '推拖', '職責', '給', '廠商', '問題', '而', '明知', '廠商', '每', '天', '晚間', '會', '下班', '卻', '無', '解決', '問題', '能力', '廠商', '只', '會', '推託', '給', '前面', '委外', '廠商', '就', '這樣', '我們', '只', '能', '每', '個', '月', '付錢', '洗', '冷水', '這', '種', '寒流', '的', '天氣', '半夜', '無法', '洗', '熱水澡', '實在', '難以', '忍受', '如果', '感冒', '發燒', '是否', '學校', '要', '因此', '負責', '試問', '遇到', '這', '種', '問題', '如何', '解決', '台北', '遇到', '寒流', '我', '相信', '不', '是', '幾百年', '遇到', '一', '次', '的', '而', '學七舍', '興建', '以來', '也', '不', '是', '第一', '次', '遇到', '類似', '情況', '學七舍', '曾年月', '日上', '過東森', '新聞', '當時', '多', '收', '熱水', '費', '的', '問題', '至今', '依然', '每', '個', '月', '都', '會', '收熱泵', '費用', '且', '每', '個', '月', '也', '沒', '少', '收錢', '新聞網', '址', '這', '種', '天氣', '是', '要', '冷', '死', '誰', '學七舍', '一', '棟', '上', '百', '位', '住宿生', '面臨', '沒有', '熱水', '的', '問題', '真的', '很', '棒']","['週', '正', '寒流', '來襲', '卻', '遇到', '熱水', '問題', '打給', '宿管', '人員', '兩', '次', '宿管', '人員', '卻', '推拖', '職責', '廠商', '問題', '明知', '廠商', '天', '晚間', '下班', '卻', '無', '解決', '問題', '能力', '廠商', '只', '推託', '前面', '委外', '廠商', '只', '月', '付錢', '洗', '冷水', '種', '寒流', '天氣', '半夜', '無法', '洗', '熱水澡', '實在', '難以', '忍受', '感冒', '發燒', '是否', '學校', '負責', '試問', '遇到', '種', '問題', '解決', '台北', '遇到', '寒流', '相信', '幾百年', '遇到', '次', '學七舍', '興建', '以來', '第一', '次', '遇到', '類似', '情況', '學七舍', '曾年月', '日上', '過東森', '新聞', '當時', '收', '熱水', '費', '問題', '至今', '依然', '月', '收熱泵', '費用', '月', '少', '收錢', '新聞網', '址', '種', '天氣', '冷', '死', '學七舍', '棟', '百', '位', '住宿生', '面臨', '熱水', '問題', '真的', '棒']","['問題', '遇到', '廠商']",negative
21,235135201,"如題
林同學你的學生證弄丟了
我會拿去你們系系辦
https://i.imgur.com/1JMeEJg.jpg",華語文學系林同學學生證,2021-01-08T05:32:47.937Z,2021-01-08T05:32:47.937Z,1,2,M,ntnu,https://www.dcard.tw/f/ntnu/p/235135201,dcard,post,如題林同學你的學生證弄丟了我會拿去你們系系辦,"['如', '題', '林', '同學', '你', '的', '學生證', '弄丟', '了', '我', '會', '拿去', '你們', '系系', '辦']","['題', '林', '同學', '學生證', '弄丟', '拿去', '系系', '辦']",[],neutral
22,235133358,小弟我是公領系，我真的很好奇機電跟電機差在哪？不就只是名字反過來而已，為什麼還要特地分成兩個系，是以為這樣能賺比較多錢提升校名嗎？,機電系跟電機系到底差在哪,2021-01-07T17:25:26.904Z,2021-01-07T17:25:26.904Z,15,6,M,ntnu,https://www.dcard.tw/f/ntnu/p/235133358,dcard,post,小弟我是公領系我真的很好奇機電跟電機差在哪不就只是名字反過來而已為什麼還要特地分成兩個系是以為這樣能賺比較多錢提升校名嗎,"['小弟', '我', '是', '公領系', '我', '真的', '很', '好奇', '機電', '跟', '電機', '差', '在', '哪', '不', '就', '只是', '名字', '反過來', '而已', '為什麼', '還要', '特地', '分成', '兩', '個', '系', '是', '以為', '這樣', '能', '賺', '比', '較多', '錢', '提升', '校名', '嗎']","['小弟', '公領系', '真的', '好奇', '機電', '電機', '差', '名字', '還要', '特地', '分成', '兩', '系', '以為', '賺', '較多', '錢', '提升', '校名']",[],positive
23,235133116,"https://i.imgur.com/v71MFJ0.jpg
如圖，晚上在滑手機時無意間看到台大某電機教育大師在其臉書為其所創立的實驗學校「無界塾」，發出徵才訊息。這所學校主打體制外的實驗教育，一年有三學期，且每學期收費並不便宜，據說還不太好進去，但讓我訝異的是給老師的起薪竟然比公校低（我本來以為應該很高，畢竟創辦人感覺很尊重專業也很鼓勵給年輕優秀人才機會）。不禁讓我好奇版上有沒有哥哥姊姊弟弟妹妹曾在這裡工作過呢？",無界塾是一所怎麼樣的學校？,2021-01-07T16:43:53.067Z,2021-01-07T16:43:53.067Z,11,4,M,ntnu,https://www.dcard.tw/f/ntnu/p/235133116,dcard,post,如圖晚上在滑手機時無意間看到台大某電機教育大師在其臉書為其所創立的實驗學校無界塾發出徵才訊息這所學校主打體制外的實驗教育一年有三學期且每學期收費並不便宜據說還不太好進去但讓我訝異的是給老師的起薪竟然比公校低我本來以為應該很高畢竟創辦人感覺很尊重專業也很鼓勵給年輕優秀人才機會不禁讓我好奇版上有沒有哥哥姊姊弟弟妹妹曾在這裡工作過呢,"['如', '圖', '晚上', '在', '滑', '手機', '時', '無意間', '看到', '台大', '某', '電機', '教育', '大師', '在', '其', '臉書', '為', '其', '所', '創立', '的', '實驗', '學校', '無', '界塾', '發出', '徵才', '訊息', '這', '所', '學校', '主打', '體制', '外', '的', '實驗', '教育', '一年', '有', '三', '學期', '且', '每', '學期', '收費', '並', '不', '便宜', '據說', '還', '不', '太', '好', '進去', '但', '讓', '我', '訝異', '的', '是', '給', '老師', '的', '起薪', '竟然', '比', '公校低', '我', '本來', '以為', '應該', '很', '高', '畢竟', '創辦人', '感覺', '很', '尊重', '專業', '也', '很', '鼓勵', '給', '年輕', '優秀', '人才', '機會', '不禁', '讓', '我', '好奇版', '上', '有沒有', '哥哥', '姊姊', '弟弟', '妹妹', '曾', '在', '這裡', '工作', '過', '呢']","['圖', '晚上', '滑', '手機', '時', '無意間', '看到', '台大', '電機', '教育', '大師', '臉書', '創立', '實驗', '學校', '無', '界塾', '發出', '徵才', '訊息', '學校', '主打', '體制', '外', '實驗', '教育', '一年', '學期', '學期', '收費', '便宜', '太', '好', '訝異', '老師', '起薪', '公校低', '本來', '以為', '應該', '高', '創辦人', '感覺', '尊重', '專業', '鼓勵', '年輕', '優秀', '人才', '機會', '不禁', '好奇版', '有沒有', '哥哥', '姊姊', '弟弟', '妹妹', '曾', '這裡', '工作']",[],positive
24,235131334,"幫分享
有誰掉了蘋果手機？！
快來找！
緊張死了！
https://i.imgur.com/Hv0vMHc.jpg",拾獲蘋果手機,2021-01-07T12:37:56.640Z,2021-01-07T12:37:56.640Z,2,8,F,ntnu,https://www.dcard.tw/f/ntnu/p/235131334,dcard,post,幫分享有誰掉了蘋果手機快來找緊張死了,"['幫', '分享', '有', '誰', '掉', '了', '蘋果', '手機', '快', '來', '找', '緊張', '死', '了']","['幫', '分享', '掉', '蘋果', '手機', '找', '緊張', '死']",[],negative
25,235129795,"想請問Moodle行事曆上寫今天（1/7）上課內容是「在家考試」，那麼想請問考試卷老師有放在Moodle上嗎？不知道為什麼都找不到⋯

有請大神解答 感恩😭😭😭",問 左乙萱女權通識期末考,2021-01-07T08:08:12.715Z,2021-01-07T08:08:12.715Z,0,0,F,ntnu,https://www.dcard.tw/f/ntnu/p/235129795,dcard,post,想請問行事曆上寫今天上課內容是在家考試那麼想請問考試卷老師有放在上嗎不知道為什麼都找不到有請大神解答感恩,"['想', '請問', '行事曆', '上', '寫', '今天', '上課', '內容', '是', '在', '家', '考試', '那麼', '想', '請問', '考試', '卷', '老師', '有', '放', '在', '上', '嗎', '不', '知道', '為什麼', '都', '找', '不', '到', '有請', '大', '神', '解答', '感恩']","['想', '請問', '行事曆', '寫', '今天', '上課', '內容', '家', '考試', '想', '請問', '考試', '卷', '老師', '放', '知道', '找', '有請', '神', '解答', '感恩']",[],positive
26,235124226,"告白板一堆健身房文
會不會都是同一個健身噁男發的",告白板,2021-01-06T10:24:40.332Z,2021-01-06T10:24:40.332Z,8,4,M,ntnu,https://www.dcard.tw/f/ntnu/p/235124226,dcard,post,告白板一堆健身房文會不會都是同一個健身噁男發的,"['告', '白板', '一', '堆', '健身房文', '會不會', '都', '是', '同一', '個', '健身', '噁', '男', '發', '的']","['告', '白板', '堆', '健身房文', '會不會', '同一', '健身', '噁', '男', '發']",[],neutral
27,235123986,剛才看校板的時候，看到動態限時有一個女生，長得還蠻可愛的。她是我們學校的學生嗎？希望知道她是哪個系的,有人知道動態限時那個女生是誰嗎,2021-01-06T09:41:30.915Z,2021-01-06T09:41:30.915Z,4,4,M,ntnu,https://www.dcard.tw/f/ntnu/p/235123986,dcard,post,剛才看校板的時候看到動態限時有一個女生長得還蠻可愛的她是我們學校的學生嗎希望知道她是哪個系的,"['剛才', '看', '校板', '的', '時候', '看到', '動態', '限時', '有', '一', '個', '女生', '長', '得', '還', '蠻', '可愛', '的', '她', '是', '我們', '學校', '的', '學生', '嗎', '希望', '知道', '她', '是', '哪', '個', '系', '的']","['校板', '看到', '動態', '限時', '女生', '長', '可愛', '學校', '學生', '希望', '知道', '系']",[],positive
28,235123745,"最近不知道為什麼越來越多人在曬衣服
看到有些人直接用繩子綁出一條自己的位子
然後自己的衣服空間很大
不知道這樣是可以的嗎
不然其實還蠻壓縮可以曬的空間",宿舍曬衣間的槓槓用線綁,2021-01-06T08:57:29.276Z,2021-01-06T08:57:29.276Z,1,2,F,ntnu,https://www.dcard.tw/f/ntnu/p/235123745,dcard,post,最近不知道為什麼越來越多人在曬衣服看到有些人直接用繩子綁出一條自己的位子然後自己的衣服空間很大不知道這樣是可以的嗎不然其實還蠻壓縮可以曬的空間,"['最近', '不', '知道', '為什麼', '越來越', '多', '人', '在', '曬', '衣服', '看到', '有', '些', '人', '直接', '用', '繩子', '綁出', '一', '條', '自己', '的', '位子', '然後', '自己', '的', '衣服', '空間', '很', '大', '不', '知道', '這樣', '是', '可以', '的', '嗎', '不然', '其實', '還', '蠻', '壓縮', '可以', '曬', '的', '空間']","['最近', '知道', '越來越', '人', '曬', '衣服', '看到', '些', '人', '直接', '繩子', '綁出', '條', '位子', '衣服', '空間', '知道', '壓縮', '曬', '空間']",[],positive
29,235121460,如果假設有一科已經確定會被當了，那下週期末考沒有去考，會被記警告小過嗎？想知道有沒有人沒去考期末考嗎,沒考期末考會被記警告嗎,2021-01-06T02:22:25.888Z,2021-01-06T02:22:25.888Z,6,4,M,ntnu,https://www.dcard.tw/f/ntnu/p/235121460,dcard,post,如果假設有一科已經確定會被當了那下週期末考沒有去考會被記警告小過嗎想知道有沒有人沒去考期末考嗎,"['如果', '假設', '有', '一', '科', '已經', '確定', '會', '被', '當', '了', '那', '下', '週', '期末考', '沒有', '去', '考', '會', '被', '記', '警告', '小過', '嗎', '想', '知道', '有沒有', '人', '沒', '去', '考', '期末考', '嗎']","['假設', '科', '已經', '確定', '下', '週', '期末考', '考', '記', '警告', '小過', '想', '知道', '有沒有', '人', '考', '期末考']",[],negative
30,235117838,快期末了，可是真的好沒動力去讀書，課業進度嚴重落後，一直掌握不到讀書方法，感覺好多課都會被當掉，真的好累，報告也做不下去，只想每天聽音樂逃避現實。有人也有類似的感覺和問題嗎,有人的寒假已經開始了嗎,2021-01-05T11:50:30.736Z,2021-01-05T11:50:30.736Z,29,29,M,ntnu,https://www.dcard.tw/f/ntnu/p/235117838,dcard,post,快期末了可是真的好沒動力去讀書課業進度嚴重落後一直掌握不到讀書方法感覺好多課都會被當掉真的好累報告也做不下去只想每天聽音樂逃避現實有人也有類似的感覺和問題嗎,"['快', '期末', '了', '可是', '真的', '好', '沒', '動力', '去', '讀書', '課業', '進度', '嚴重', '落後', '一直', '掌握', '不', '到', '讀書', '方法', '感覺', '好多', '課', '都', '會', '被', '當掉', '真的', '好', '累', '報告', '也', '做', '不', '下去', '只', '想', '每', '天', '聽', '音樂', '逃避', '現實', '有', '人', '也', '有', '類似', '的', '感覺', '和', '問題', '嗎']","['期末', '真的', '好', '動力', '讀書', '課業', '進度', '嚴重', '落後', '一直', '掌握', '讀書', '方法', '感覺', '好多', '課', '當掉', '真的', '好', '累', '報告', '做', '下去', '只', '想', '天', '聽', '音樂', '逃避', '現實', '人', '類似', '感覺', '問題']",[],negative
31,235117329,"想請問有沒有人上金老師的四書課？
很抱歉，我今天因為身體不適沒去上課，
不知道老師有沒有宣達什麼重要的資訊
或期末考的考題？

萬分感激",請問週二下午的四書課,2021-01-05T10:36:58.567Z,2021-01-05T10:36:58.567Z,2,0,M,ntnu,https://www.dcard.tw/f/ntnu/p/235117329,dcard,post,想請問有沒有人上金老師的四書課很抱歉我今天因為身體不適沒去上課不知道老師有沒有宣達什麼重要的資訊或期末考的考題萬分感激,"['想', '請問', '有沒有', '人', '上', '金', '老師', '的', '四書課', '很', '抱歉', '我', '今天', '因為', '身體', '不適', '沒', '去', '上課', '不', '知道', '老師', '有沒有', '宣達', '什麼', '重要', '的', '資訊', '或', '期末考', '的', '考題', '萬分', '感激']","['想', '請問', '有沒有', '人', '金', '老師', '四書課', '抱歉', '今天', '身體', '不適', '上課', '知道', '老師', '有沒有', '宣達', '重要', '資訊', '期末考', '考題', '萬分', '感激']",[],positive
32,235115204,"【電子支付與政治偏好的關聯】
大家期末安好，這裡是社教系二年級，目前正在努力完成系上社會科學研究法的期末報告，想請大家幫忙動動手指，讓我們有更多的樣本可以分析。

祝大家期末歐趴
會寫都對不會寫也對
填單口：https://forms.gle/Pb7CGQFkgkPRTZ588",【問卷幫填】,2021-01-05T05:38:30.357Z,2021-01-05T05:38:30.357Z,3,0,M,ntnu,https://www.dcard.tw/f/ntnu/p/235115204,dcard,post,電子支付與政治偏好的關聯大家期末安好這裡是社教系二年級目前正在努力完成系上社會科學研究法的期末報告想請大家幫忙動動手指讓我們有更多的樣本可以分析祝大家期末歐趴會寫都對不會寫也對填單口,"['電子', '支付', '與', '政治', '偏好', '的', '關聯', '大家', '期末', '安好', '這裡', '是', '社教系', '二年級', '目前', '正在', '努力', '完成', '系', '上', '社會', '科學', '研究法', '的', '期末', '報告', '想', '請', '大家', '幫忙', '動動', '手指', '讓', '我們', '有', '更多', '的', '樣本', '可以', '分析', '祝', '大家', '期末', '歐', '趴', '會', '寫', '都', '對', '不會', '寫', '也', '對', '填單', '口']","['電子', '支付', '政治', '偏好', '關聯', '期末', '安好', '這裡', '社教系', '二年級', '目前', '正在', '努力', '完成', '系', '社會', '科學', '研究法', '期末', '報告', '想', '請', '幫忙', '動動', '手指', '更多', '樣本', '分析', '祝', '期末', '歐', '趴', '寫', '寫', '填單', '口']",[],positive
33,235111898,"！！插播一則消息！！
本次活動採個人闖關模式，會分成兩大組來進行競賽，各組最快完成所有關卡的前三名將會依序頒發獎金！
第一名 750元整、第二名 300元整 、第三名 150元整 (以上皆為新台幣)
(不包含200元參與測試費用，若您獲得第一名即可獲得200元+750元共950元的獎金)  
後續有任何問題歡迎隨時與我們團隊聯繫！

 - - - -原文- - - -
實驗說明
主辦單位：師大圖傳系IMCA研究室
本研究希望調查適性動線AR遊戲對於遊玩者的心流經驗與學習成效。

一、實驗日期：2021/1/9 - 1/10 ( 採多人同時進行測試，因此將統計多數人可參與日期並另行電話通知 ) 
二、實驗地點：鶯歌火車站集合、鶯歌老街、四角窯、福興宮。 
三、實驗時間：約60-90分鐘 
四、實驗薪資：完成後提供實驗報酬新台幣200元整。 
五、實驗內容：於鶯歌老街進行文化探索AR遊戲活動，受測者須於AR遊戲中完成共4個關卡，每個關卡設置4-5題選擇題，4個關卡均有GPS定位，受測者須於活動中親自走至定位進行關卡挑戰，並於活動前、後填寫前後測問卷。 
六、實驗要求：年滿20歲，母語為繁體中文

請有興趣的同學，填寫表單。
https://forms.gle/dmbTAcqe4vC6AWYM9

若有任何問題，請聯絡：
高同學  a123677260@gmail.com",（更新：有獎金）徵求「鶯歌老街AR遊戲測試活動」受測者,2021-01-04T14:39:45.083Z,2021-01-06T09:40:09.651Z,3,8,F,ntnu,https://www.dcard.tw/f/ntnu/p/235111898,dcard,post,插播一則消息本次活動採個人闖關模式會分成兩大組來進行競賽各組最快完成所有關卡的前三名將會依序頒發獎金第一名元整第二名元整第三名元整以上皆為新台幣不包含元參與測試費用若您獲得第一名即可獲得元元共元的獎金後續有任何問題歡迎隨時與我們團隊聯繫原文實驗說明主辦單位師大圖傳系研究室本研究希望調查適性動線遊戲對於遊玩者的心流經驗與學習成效一實驗日期採多人同時進行測試因此將統計多數人可參與日期並另行電話通知二實驗地點鶯歌火車站集合鶯歌老街四角窯福興宮三實驗時間約分鐘四實驗薪資完成後提供實驗報酬新台幣元整五實驗內容於鶯歌老街進行文化探索遊戲活動受測者須於遊戲中完成共個關卡每個關卡設置題選擇題個關卡均有定位受測者須於活動中親自走至定位進行關卡挑戰並於活動前後填寫前後測問卷六實驗要求年滿歲母語為繁體中文請有興趣的同學填寫表單若有任何問題請聯絡高同學,"['插播', '一', '則', '消息', '本', '次', '活動', '採個人', '闖關', '模式', '會', '分成', '兩', '大', '組', '來', '進行', '競賽', '各', '組', '最', '快', '完成', '所有', '關卡', '的', '前', '三', '名將', '會', '依序', '頒發', '獎金', '第一', '名', '元', '整', '第二', '名', '元', '整', '第三', '名', '元', '整', '以上', '皆', '為', '新台幣', '不', '包含', '元', '參與', '測試', '費用', '若', '您', '獲得', '第一', '名', '即可', '獲得', '元元', '共', '元', '的', '獎金', '後續', '有', '任何', '問題', '歡迎', '隨時', '與', '我們', '團隊', '聯繫', '原文', '實驗', '說明', '主辦', '單位', '師大', '圖傳系', '研究室', '本', '研究', '希望', '調查', '適性', '動線', '遊戲', '對於', '遊玩', '者', '的', '心流', '經驗', '與', '學習', '成效', '一', '實驗', '日期', '採', '多', '人', '同時', '進行', '測試', '因此', '將', '統計', '多數', '人', '可', '參與', '日期', '並', '另行', '電話', '通知', '二', '實驗', '地點', '鶯歌', '火車站', '集合', '鶯歌', '老街', '四角', '窯', '福興', '宮三', '實驗', '時間', '約', '分鐘', '四', '實驗', '薪資', '完成', '後', '提供', '實驗', '報酬', '新台幣', '元', '整', '五', '實驗', '內容', '於', '鶯歌', '老街', '進行', '文化', '探索', '遊戲', '活動', '受測', '者', '須', '於', '遊戲', '中', '完成', '共個', '關卡', '每', '個', '關卡', '設置', '題', '選擇題', '個', '關卡', '均', '有', '定位', '受測', '者', '須', '於', '活動', '中', '親自', '走至', '定位', '進行', '關卡', '挑戰', '並', '於', '活動', '前後', '填寫', '前後', '測', '問卷', '六', '實驗', '要求', '年滿', '歲', '母語', '為', '繁體', '中文', '請', '有', '興趣', '的', '同學', '填寫', '表單', '若', '有', '任何', '問題', '請', '聯絡', '高', '同學']","['插播', '消息', '次', '活動', '採個人', '闖關', '模式', '分成', '兩', '組', '進行', '競賽', '組', '最', '完成', '所有', '關卡', '前', '名將', '依序', '頒發', '獎金', '第一', '名', '元', '整', '第二', '名', '元', '整', '第三', '名', '元', '整', '以上', '皆', '新台幣', '包含', '元', '參與', '測試', '費用', '獲得', '第一', '名', '即可', '獲得', '元元', '元', '獎金', '後續', '問題', '歡迎', '隨時', '團隊', '聯繫', '原文', '實驗', '說明', '主辦', '單位', '師大', '圖傳系', '研究室', '研究', '希望', '調查', '適性', '動線', '遊戲', '遊玩', '心流', '經驗', '學習', '成效', '實驗', '日期', '採', '人', '進行', '測試', '統計', '多數', '人', '參與', '日期', '電話', '通知', '實驗', '地點', '鶯歌', '火車站', '集合', '鶯歌', '老街', '四角', '窯', '福興', '宮三', '實驗', '時間', '約', '分鐘', '實驗', '薪資', '完成', '後', '提供', '實驗', '報酬', '新台幣', '元', '整', '實驗', '內容', '鶯歌', '老街', '進行', '文化', '探索', '遊戲', '活動', '受測', '須', '遊戲', '中', '完成', '共個', '關卡', '關卡', '設置', '題', '選擇題', '關卡', '定位', '受測', '須', '活動', '中', '走至', '定位', '進行', '關卡', '挑戰', '活動', '填寫', '測', '問卷', '實驗', '要求', '年滿', '歲', '母語', '繁體', '中文', '請', '興趣', '同學', '填寫', '表單', '問題', '請', '聯絡', '高', '同學']","['實驗', '元', '關卡']",positive
34,235110397,"求 禮拜一第八九節的國際政治(鄧毓浩老師)的期末考考古題
拜託了各位大大…
我真的很需要這個酷東西🤯😱😭或請問看上課的PPT可以應付的了考試嗎
另外因為今天不舒服沒去上課…
請問老師有說什麼期末考試的注意事項嗎😱
謝謝大家祝各位期末順利",【求】國際政治考古題,2021-01-04T10:47:47.692Z,2021-01-04T10:47:47.692Z,1,6,F,ntnu,https://www.dcard.tw/f/ntnu/p/235110397,dcard,post,求禮拜一第八九節的國際政治鄧毓浩老師的期末考考古題拜託了各位大大我真的很需要這個酷東西或請問看上課的可以應付的了考試嗎另外因為今天不舒服沒去上課請問老師有說什麼期末考試的注意事項嗎謝謝大家祝各位期末順利,"['求', '禮拜', '一', '第八九', '節', '的', '國際', '政治', '鄧毓浩', '老師', '的', '期末考', '考古題', '拜託', '了', '各位', '大大', '我', '真的', '很', '需要', '這', '個', '酷', '東西', '或', '請問', '看', '上課', '的', '可以', '應付', '的', '了', '考試', '嗎', '另外', '因為', '今天', '不', '舒服', '沒', '去', '上課', '請問', '老師', '有', '說', '什麼', '期末', '考試', '的', '注意', '事項', '嗎', '謝謝', '大家', '祝', '各位', '期末', '順利']","['求', '禮拜', '第八九', '節', '國際', '政治', '鄧毓浩', '老師', '期末考', '考古題', '拜託', '真的', '需要', '酷', '東西', '請問', '上課', '應付', '考試', '今天', '舒服', '上課', '請問', '老師', '說', '期末', '考試', '注意', '事項', '謝謝', '祝', '期末', '順利']",[],positive
35,235105509,"想請問各位師大的同學都在哪裡做矯正
最近想找學校附近的診所矯正，但不知如何選擇
想請各位推薦

預算不多，想要分期付款
傳統牙套就可以（不想拔牙）",矯正牙齒,2021-01-03T15:55:43.552Z,2021-01-03T15:55:43.552Z,6,4,F,ntnu,https://www.dcard.tw/f/ntnu/p/235105509,dcard,post,想請問各位師大的同學都在哪裡做矯正最近想找學校附近的診所矯正但不知如何選擇想請各位推薦預算不多想要分期付款傳統牙套就可以不想拔牙,"['想', '請問', '各位', '師大', '的', '同學', '都', '在', '哪裡', '做', '矯正', '最近', '想', '找', '學校', '附近', '的', '診所', '矯正', '但', '不', '知', '如何', '選擇', '想', '請', '各位', '推薦', '預算', '不', '多', '想要', '分期付款', '傳統', '牙套', '就', '可以', '不', '想', '拔牙']","['想', '請問', '師大', '同學', '哪裡', '做', '矯正', '最近', '想', '找', '學校', '附近', '診所', '矯正', '知', '選擇', '想', '請', '推薦', '預算', '想要', '分期付款', '傳統', '牙套', '想', '拔牙']",[],positive
36,235103816,師大分部大門右邊有一條通往網球場的路為什麼要封？看起來也沒在施工，走旁邊的小路又沒比較方便，感覺還更危險,師大分部旁邊小路,2021-01-03T11:47:03.902Z,2021-01-03T11:47:03.902Z,5,3,F,ntnu,https://www.dcard.tw/f/ntnu/p/235103816,dcard,post,師大分部大門右邊有一條通往網球場的路為什麼要封看起來也沒在施工走旁邊的小路又沒比較方便感覺還更危險,"['師大', '分部', '大門', '右邊', '有', '一', '條', '通往', '網球場', '的', '路', '為什麼', '要', '封', '看起來', '也', '沒', '在', '施工', '走', '旁邊', '的', '小路', '又', '沒', '比較', '方便', '感覺', '還', '更', '危險']","['師大', '分部', '大門', '右邊', '條', '通往', '網球場', '路', '封', '施工', '走', '旁邊', '小路', '比較', '方便', '感覺', '危險']",[],negative
37,235103224,一般會來師大念理學院的，通常是想往教職發展才來念的，但真的沒有想當老師，來師大其實學到的能力不適合應用在其實領域，比如工程類型或資訊，所以奉勸要來念師大真的要有心裡準備,不想當老師就別來師大,2021-01-03T09:46:22.095Z,2021-01-03T09:46:22.095Z,3,20,M,ntnu,https://www.dcard.tw/f/ntnu/p/235103224,dcard,post,一般會來師大念理學院的通常是想往教職發展才來念的但真的沒有想當老師來師大其實學到的能力不適合應用在其實領域比如工程類型或資訊所以奉勸要來念師大真的要有心裡準備,"['一般', '會', '來', '師大', '念', '理學院', '的', '通常', '是', '想', '往', '教職', '發展', '才', '來', '念', '的', '但', '真的', '沒有', '想', '當', '老師', '來', '師大', '其實', '學到', '的', '能力', '不', '適合', '應用', '在', '其實', '領域', '比如', '工程', '類型', '或', '資訊', '所以', '奉勸', '要', '來', '念', '師大', '真的', '要', '有心', '裡', '準備']","['師大', '念', '理學院', '通常', '想', '教職', '發展', '念', '真的', '想', '老師', '師大', '學到', '能力', '適合', '應用', '領域', '工程', '類型', '資訊', '奉勸', '念', '師大', '真的', '有心', '裡', '準備']",[],positive
38,235102938,"如果真的要說師大數學的特色，那應該說我們師大偏向師資+純數，所以念師大理學院，其實不管是數學或物理化學，其實比較適合走教學研究，的確出路不多，要當工程師還蠻困難的，不像台清交有那麼多機會。

希望這有回答原原po的問題，還是說有漏缺的大家再來補充",師大算比較偏理論派的吧,2021-01-03T08:48:02.037Z,2021-01-03T08:48:02.037Z,15,26,M,ntnu,https://www.dcard.tw/f/ntnu/p/235102938,dcard,post,如果真的要說師大數學的特色那應該說我們師大偏向師資純數所以念師大理學院其實不管是數學或物理化學其實比較適合走教學研究的確出路不多要當工程師還蠻困難的不像台清交有那麼多機會希望這有回答原原的問題還是說有漏缺的大家再來補充,"['如果', '真的', '要', '說', '師大', '數學', '的', '特色', '那', '應該', '說', '我們', '師大', '偏向', '師資', '純數', '所以', '念', '師大', '理學院', '其實', '不管', '是', '數學', '或', '物理', '化學', '其實', '比較', '適合', '走', '教學', '研究', '的確', '出路', '不', '多', '要', '當', '工程師', '還', '蠻', '困難', '的', '不', '像', '台清交', '有', '那麼多', '機會', '希望', '這', '有', '回答', '原原', '的', '問題', '還是', '說', '有', '漏缺', '的', '大家', '再', '來', '補充']","['真的', '說', '師大', '數學', '特色', '應該', '說', '師大', '偏向', '師資', '純數', '念', '師大', '理學院', '數學', '物理', '化學', '比較', '適合', '走', '教學', '研究', '出路', '工程師', '困難', '台清交', '那麼多', '機會', '希望', '回答', '原原', '問題', '說', '漏缺', '再', '補充']",[],positive
39,235091837,"其他學校的人每天都在發限時
煩惱下學期怎麼排課
結果我們完全沒得煩惱
真的謝謝師大這麼貼心欸",課表什麼時候才會出來,2021-01-01T06:55:15.598Z,2021-01-01T06:55:36.543Z,15,24,F,ntnu,https://www.dcard.tw/f/ntnu/p/235091837,dcard,post,其他學校的人每天都在發限時煩惱下學期怎麼排課結果我們完全沒得煩惱真的謝謝師大這麼貼心欸,"['其他', '學校', '的', '人', '每', '天都', '在', '發', '限時', '煩惱', '下', '學期', '怎麼', '排課', '結果', '我們', '完全', '沒', '得', '煩惱', '真的', '謝謝', '師大', '這麼', '貼心', '欸']","['學校', '人', '天都', '發', '限時', '煩惱', '下', '學期', '排課', '完全', '煩惱', '真的', '謝謝', '師大', '貼心', '欸']",[],negative
40,235083461,"（20210101 更）
謝謝大家的幫忙！
目前已經達到最低的標準兩百份樣本！
也很謝謝很多人給我的建議！
小弟知道自己這份問卷有很多很多的問題存在
也會吸收這些錯誤做為下次的經驗
再次感謝大家的協助🙇🏻‍♂️

（如果有違反版規的地方請告知我會儘速刪除）
這是一個小小的期末報告，但需要蠻大量的資訊
但因為本人很少有做這種調查表單的經驗，如果有大家看不順眼的地方，還請大家鞭小力一點🥺
這個表單是完全匿名的，請大家安心填寫😃
也請大家方便的話可以分享給身邊的親朋好友填寫感謝🙇🏻‍♂️



https://forms.gle/JuTPrzgdeiZsWBdd6",需要大家的幫忙😗,2020-12-30T17:53:02.672Z,2021-01-01T12:56:18.983Z,0,10,M,ntnu,https://www.dcard.tw/f/ntnu/p/235083461,dcard,post,更謝謝大家的幫忙目前已經達到最低的標準兩百份樣本也很謝謝很多人給我的建議小弟知道自己這份問卷有很多很多的問題存在也會吸收這些錯誤做為下次的經驗再次感謝大家的協助如果有違反版規的地方請告知我會儘速刪除這是一個小小的期末報告但需要蠻大量的資訊但因為本人很少有做這種調查表單的經驗如果有大家看不順眼的地方還請大家鞭小力一點這個表單是完全匿名的請大家安心填寫也請大家方便的話可以分享給身邊的親朋好友填寫感謝,"['更', '謝謝', '大家', '的', '幫忙', '目前', '已經', '達到', '最', '低', '的', '標準', '兩百', '份', '樣本', '也', '很', '謝謝', '很多', '人', '給', '我', '的', '建議', '小弟', '知道', '自己', '這', '份', '問卷', '有', '很多', '很多', '的', '問題', '存在', '也', '會', '吸收', '這些', '錯誤', '做為', '下', '次', '的', '經驗', '再次', '感謝', '大家', '的', '協助', '如果', '有', '違反', '版規', '的', '地方', '請', '告知', '我', '會', '儘速', '刪除', '這', '是', '一', '個', '小小', '的', '期末', '報告', '但', '需要', '蠻', '大量', '的', '資訊', '但', '因為', '本人', '很', '少有', '做', '這', '種', '調查', '表單', '的', '經驗', '如果', '有', '大家', '看不順眼', '的', '地方', '還', '請', '大家', '鞭小力', '一點', '這', '個', '表單', '是', '完全', '匿名', '的', '請', '大家', '安心', '填寫', '也', '請', '大家', '方便', '的', '話', '可以', '分享', '給', '身邊', '的', '親朋好友', '填寫', '感謝']","['謝謝', '幫忙', '目前', '已經', '達到', '最', '低', '標準', '兩百', '份', '樣本', '謝謝', '人', '建議', '小弟', '知道', '份', '問卷', '問題', '存在', '吸收', '錯誤', '做為', '下', '次', '經驗', '再次', '感謝', '協助', '違反', '版規', '地方', '請', '告知', '儘速', '刪除', '小小', '期末', '報告', '需要', '大量', '資訊', '少有', '做', '種', '調查', '表單', '經驗', '看不順眼', '地方', '請', '鞭小力', '一點', '表單', '完全', '匿名', '請', '安心', '填寫', '請', '方便', '話', '分享', '身邊', '親朋好友', '填寫', '感謝']",[],positive
41,235082002,"#參加人數超過600人囉 還沒報名參加或是正在猶豫的你，這次一定不能再錯過囉！

喜歡看著Dcard呵呵笑的你，是否常常在一個人吃麥當勞時，想著能有人陪該有多好？

喜歡逛網拍的妳，想到最近天氣變冷了，該買件毛衣保暖呢？還是圍巾就好？

今年就要結束了，跨年要跟朋友一起出去慶祝嗎？還是乖乖待在家裡念期末就好？

想著想著才發現，不管做什麼決定，也都是一個人在努力，即使做了決定，也都是一個人在完成⋯⋯⋯
 
身邊沒有人可以陪你做選擇，總是一個人在努力，一個人完成。希望明年能不再孤單，身邊多個懂你的人陪嗎？讓「說說 RollRoar」就來幫你完成你的心願！新年交友配對+約會基金五百元，讓你兩個願望一次滿足！

我們是台大新創團隊「說說 RollRoar」，是一款投票式的社群平台，在2020的歲末，在舒適圈中迷茫的你，總是找不到情投意合對象的妳，只要填寫問卷並簡單使用平台數天，我們就可以透過演算法！找到寒風中一直等待你/妳的那個誰！（或許你/妳也可以在平台中，匹配到那一個，你暗戀很久的百分百男孩/女孩）

＃本活動限定開放給師大陽明交大文化的同學！
＃將抽出LINEPoints500點，作為約會基金！
＃活動時間：12/23~12/29開放參加，12/31通知配對結果，將配對1~3位對象

參與步驟：
1、按這篇文讚
2、按「說說」粉專讚
＃粉專連結 https://www.facebook.com/RollRoar
3、完成表單填寫
表單連結：https://pse.is/3bnxwf
（完成即獲得抽獎資格，將於12/31抽出一位中獎者以信箱通知）

備註：
1、問卷結果及個人資料會由團隊保密，配對對象僅會收到您的聯絡方式及稱呼，請放心填答。
2、配對結果僅供參考，與配對對象聯絡時請留意禮貌與尊重個人意願喔～
https://i.imgur.com/x2JvOCY.jpg",#活動倒數三天【寒冷新年不孤單🎆，師大陽明交大文化 交友配對活動💕】#抽LINEPoints500點,2020-12-30T14:04:13.632Z,2020-12-30T14:04:13.632Z,5,9,F,ntnu,https://www.dcard.tw/f/ntnu/p/235082002,dcard,post,參加人數超過人囉還沒報名參加或是正在猶豫的你這次一定不能再錯過囉喜歡看著呵呵笑的你是否常常在一個人吃麥當勞時想著能有人陪該有多好喜歡逛網拍的妳想到最近天氣變冷了該買件毛衣保暖呢還是圍巾就好今年就要結束了跨年要跟朋友一起出去慶祝嗎還是乖乖待在家裡念期末就好想著想著才發現不管做什麼決定也都是一個人在努力即使做了決定也都是一個人在完成身邊沒有人可以陪你做選擇總是一個人在努力一個人完成希望明年能不再孤單身邊多個懂你的人陪嗎讓說說就來幫你完成你的心願新年交友配對約會基金五百元讓你兩個願望一次滿足我們是台大新創團隊說說是一款投票式的社群平台在的歲末在舒適圈中迷茫的你總是找不到情投意合對象的妳只要填寫問卷並簡單使用平台數天我們就可以透過演算法找到寒風中一直等待你妳的那個誰或許你妳也可以在平台中匹配到那一個你暗戀很久的百分百男孩女孩本活動限定開放給師大陽明交大文化的同學將抽出點作為約會基金活動時間開放參加通知配對結果將配對位對象參與步驟按這篇文讚按說說粉專讚粉專連結完成表單填寫表單連結完成即獲得抽獎資格將於抽出一位中獎者以信箱通知備註問卷結果及個人資料會由團隊保密配對對象僅會收到您的聯絡方式及稱呼請放心填答配對結果僅供參考與配對對象聯絡時請留意禮貌與尊重個人意願喔,"['參加', '人數', '超過', '人', '囉', '還', '沒', '報名', '參加', '或是', '正在', '猶豫', '的', '你', '這', '次', '一定', '不能', '再', '錯過', '囉', '喜歡', '看', '著', '呵呵', '笑', '的', '你', '是否', '常常', '在', '一', '個人', '吃', '麥當勞', '時', '想', '著', '能', '有', '人', '陪', '該', '有', '多', '好', '喜歡', '逛網', '拍', '的', '妳', '想到', '最近', '天氣', '變', '冷', '了', '該', '買', '件', '毛衣', '保暖', '呢', '還是', '圍巾', '就', '好', '今年', '就', '要', '結束', '了', '跨年', '要', '跟', '朋友', '一起', '出去', '慶祝', '嗎', '還是', '乖乖', '待在', '家', '裡', '念', '期末', '就', '好', '想', '著想', '著', '才', '發現', '不管', '做', '什麼', '決定', '也', '都', '是', '一', '個人', '在', '努力', '即使', '做', '了', '決定', '也', '都', '是', '一', '個人', '在', '完成', '身邊', '沒有', '人', '可以', '陪', '你', '做', '選擇', '總是', '一', '個人', '在', '努力', '一', '個人', '完成', '希望', '明年', '能', '不再', '孤單', '身邊', '多', '個', '懂', '你', '的', '人', '陪', '嗎', '讓', '說說', '就', '來', '幫', '你', '完成', '你', '的', '心願', '新年', '交友', '配對', '約會', '基金', '五百', '元', '讓', '你', '兩', '個', '願望', '一', '次', '滿足', '我們', '是', '台大', '新創', '團隊', '說說', '是', '一', '款', '投票式', '的', '社群', '平台', '在', '的', '歲末', '在', '舒適圈', '中', '迷茫', '的', '你', '總是', '找', '不', '到', '情投意合', '對象', '的', '妳', '只要', '填寫', '問卷', '並', '簡單', '使用', '平台', '數', '天', '我們', '就', '可以', '透過', '演算法', '找到', '寒風', '中', '一直', '等待', '你', '妳', '的', '那', '個', '誰', '或許', '你', '妳', '也', '可以', '在', '平台', '中', '匹配到', '那', '一', '個', '你', '暗戀', '很', '久', '的', '百', '分', '百', '男孩', '女孩', '本', '活動', '限定', '開放給', '師大', '陽明', '參加', '通知', '配對', '結果', '將', '配對', '位', '對象', '參與', '步驟', '按', '這', '篇', '文讚', '按', '說說', '粉', '專', '讚粉', '專', '連結', '完成', '表單', '填寫', '表單', '連結', '完成', '即', '獲得', '抽獎', '資格', '將', '於', '抽出', '一', '位', '中獎', '者', '以', '信箱', '通知', '備註', '問卷', '結果', '及', '個人', '資料會', '由', '團隊', '保密', '配對', '對象', '僅', '會', '收到', '您', '的', '聯絡', '方式', '及', '稱呼', '請', '放心', '填答', '配對', '結果', '僅', '供', '參考', '與', '配對', '對象', '聯絡', '時', '請', '留意', '禮貌', '與', '尊重', '個人', '意願', '喔']","['參加', '人數', '超過', '人', '囉', '報名', '參加', '正在', '猶豫', '次', '一定', '再', '錯過', '囉', '喜歡', '呵呵', '笑', '是否', '吃', '麥當勞', '時', '想', '人', '陪', '好', '喜歡', '逛網', '拍', '妳', '想到', '最近', '天氣', '變', '冷', '買', '件', '毛衣', '保暖', '圍巾', '好', '今年', '結束', '跨年', '朋友', '一起', '慶祝', '乖乖', '待在', '家', '裡', '念', '期末', '好', '想', '著想', '發現', '做', '決定', '努力', '做', '決定', '完成', '身邊', '人', '陪', '做', '選擇', '總是', '努力', '完成', '希望', '明年', '孤單', '身邊', '懂', '人', '陪', '說說', '幫', '完成', '心願', '新年', '交友', '配對', '約會', '基金', '五百', '元', '兩', '願望', '次', '滿足', '台大', '新創', '團隊', '說說', '款', '投票式', '社群', '平台', '歲末', '舒適圈', '中', '迷茫', '總是', '找', '情投意合', '對象', '妳', '填寫', '問卷', '簡單', '使用', '平台', '數', '天', '透過', '演算法', '找到', '寒風', '中', '一直', '等待', '妳', '妳', '平台', '中', '匹配到', '暗戀', '久', '百', '分', '百', '男孩', '女孩', '活動', '限定', '開放給', '師大', '陽明', '參加', '通知', '配對', '配對', '位', '對象', '參與', '步驟', '篇', '文讚', '說說', '粉', '專', '讚粉', '專', '連結', '完成', '表單', '填寫', '表單', '連結', '完成', '獲得', '抽獎', '資格', '抽出', '位', '中獎', '信箱', '通知', '備註', '問卷', '資料會', '團隊', '保密', '配對', '對象', '收到', '聯絡', '方式', '稱呼', '請', '放心', '填答', '配對', '供', '參考', '配對', '對象', '聯絡', '時', '請', '留意', '禮貌', '尊重', '意願']","['配對', '完成', '人']",positive
42,235079194,因為期末太多分組報告，所以今天沒辦法去上她的數導，所以想知道如果沒去上她的課，她會記曠課嗎？我知道她每堂都會點名，怕沒去被她發現...（因為這學期翹的課太多，怕滿45小時被退學）,劉容真的數學導論會記曠課嗎？,2020-12-30T05:32:41.858Z,2020-12-30T05:32:41.858Z,29,15,M,ntnu,https://www.dcard.tw/f/ntnu/p/235079194,dcard,post,因為期末太多分組報告所以今天沒辦法去上她的數導所以想知道如果沒去上她的課她會記曠課嗎我知道她每堂都會點名怕沒去被她發現因為這學期翹的課太多怕滿小時被退學,"['因為', '期末', '太多', '分組', '報告', '所以', '今天', '沒辦法', '去', '上', '她', '的', '數導', '所以', '想', '知道', '如果', '沒', '去', '上', '她', '的', '課', '她', '會', '記', '曠課', '嗎', '我', '知道', '她', '每', '堂', '都', '會', '點名', '怕', '沒', '去', '被', '她', '發現', '因為', '這', '學期', '翹', '的', '課', '太多', '怕', '滿', '小時', '被', '退學']","['期末', '太多', '分組', '報告', '今天', '沒辦法', '數導', '想', '知道', '課', '記', '曠課', '知道', '堂', '點名', '發現', '學期', '翹', '課', '太多', '小時', '退學']",[],negative
43,235078692,"想問大家師大有沒有什麼跨年適合看煙火的地方？？
像是哪裡的頂樓？（不太清楚是不是可以上去的）
謝謝大家！",跨年看煙火,2020-12-30T03:55:08.234Z,2020-12-30T03:55:08.234Z,5,4,F,ntnu,https://www.dcard.tw/f/ntnu/p/235078692,dcard,post,想問大家師大有沒有什麼跨年適合看煙火的地方像是哪裡的頂樓不太清楚是不是可以上去的謝謝大家,"['想', '問', '大家', '師大', '有沒有', '什麼', '跨年', '適合', '看', '煙火', '的', '地方', '像是', '哪裡', '的', '頂樓', '不', '太', '清楚', '是', '不', '是', '可以', '上去', '的', '謝謝', '大家']","['想', '問', '師大', '有沒有', '跨年', '適合', '煙火', '地方', '像是', '哪裡', '頂樓', '太', '清楚', '謝謝']",[],positive
44,235078075,"想問大家，如果一學期有不少曠課次數，但是現在上網查，卻完全沒有關於曠課的記錄，那師大的老師或教授，有可能會等到學期末一次把所有曠課次數給填上去嗎？

想要知道大家的經歷",關於曠課的問題,2020-12-30T01:43:26.312Z,2020-12-30T01:43:26.312Z,5,5,M,ntnu,https://www.dcard.tw/f/ntnu/p/235078075,dcard,post,想問大家如果一學期有不少曠課次數但是現在上網查卻完全沒有關於曠課的記錄那師大的老師或教授有可能會等到學期末一次把所有曠課次數給填上去嗎想要知道大家的經歷,"['想', '問', '大家', '如果', '一', '學期', '有', '不少', '曠課', '次數', '但是', '現在', '上網', '查', '卻', '完全', '沒有', '關於', '曠課', '的', '記錄', '那', '師大', '的', '老師', '或', '教授', '有', '可能', '會', '等到', '學期', '末', '一', '次', '把', '所有', '曠課', '次數', '給', '填上', '去', '嗎', '想要', '知道', '大家', '的', '經歷']","['想', '問', '學期', '曠課', '次數', '現在', '上網', '查', '卻', '完全', '曠課', '記錄', '師大', '老師', '教授', '學期', '末', '次', '所有', '曠課', '次數', '填上', '想要', '知道', '經歷']",[],negative
45,235077550,"請問一下
凌晨3點半在宿舍門口聊天一小時是怎樣？
好幾位男生
今天我如果是郭台銘我就怎樣怎樣
閉嘴很難嗎？半夜聊天還不控制音量？
還有
請問半夜回來的人都不用控制音量嗎？
一堆女生嘻嘻哈哈 那邊有星星～歐齁～
請問是夜店剛下班？
https://www.dcard.tw/v2/vivid/videos/99835532-1cdf-4576-a33b-1c0561c82f60?r=1.0
宿舍隔音真的蠻很差
不管幾樓 有人在外面講電話 講話
大家都聽得一清二楚==
情侶撒嬌什麼的也會很清楚
不想被大家知道、丟臉
請克制音量^_^ 
以後我聽到一個丟一個上來給大家分享
https://www.dcard.tw/v2/vivid/videos/82d5b519-15c2-4c33-9635-4a3ecbf37b21?r=1.0",閉嘴很難嗎,2020-12-29T20:01:42.359Z,2020-12-29T20:28:11.891Z,8,17,F,ntnu,https://www.dcard.tw/f/ntnu/p/235077550,dcard,post,請問一下凌晨點半在宿舍門口聊天一小時是怎樣好幾位男生今天我如果是郭台銘我就怎樣怎樣閉嘴很難嗎半夜聊天還不控制音量還有請問半夜回來的人都不用控制音量嗎一堆女生嘻嘻哈哈那邊有星星歐齁請問是夜店剛下班宿舍隔音真的蠻很差不管幾樓有人在外面講電話講話大家都聽得一清二楚情侶撒嬌什麼的也會很清楚不想被大家知道丟臉請克制音量以後我聽到一個丟一個上來給大家分享,"['請問', '一下', '凌晨', '點', '半', '在', '宿舍', '門口', '聊天', '一', '小時', '是', '怎樣', '好幾', '位', '男生', '今天', '我', '如果', '是', '郭台銘', '我', '就', '怎樣', '怎樣', '閉嘴', '很', '難', '嗎', '半夜', '聊天', '還', '不', '控制', '音量', '還', '有', '請問', '半夜', '回來', '的', '人', '都', '不用', '控制', '音量', '嗎', '一', '堆', '女生', '嘻嘻哈哈', '那邊', '有', '星星', '歐齁', '請問', '是', '夜店', '剛', '下班', '宿舍', '隔音', '真的', '蠻', '很', '差', '不管', '幾樓', '有', '人', '在', '外面', '講', '電話', '講話', '大家', '都', '聽得', '一清二楚', '情侶', '撒嬌', '什麼', '的', '也', '會', '很', '清楚', '不', '想', '被', '大家', '知道', '丟臉', '請', '克制', '音量', '以後', '我', '聽到', '一', '個', '丟', '一', '個', '上來', '給', '大家', '分享']","['請問', '一下', '凌晨', '點', '宿舍', '門口', '聊天', '小時', '好幾', '位', '男生', '今天', '郭台銘', '閉嘴', '難', '半夜', '聊天', '控制', '音量', '請問', '半夜', '回來', '人', '不用', '控制', '音量', '堆', '女生', '嘻嘻哈哈', '星星', '歐齁', '請問', '夜店', '下班', '宿舍', '隔音', '真的', '差', '幾樓', '人', '外面', '講', '電話', '講話', '聽得', '一清二楚', '情侶', '撒嬌', '清楚', '想', '知道', '丟臉', '請', '克制', '音量', '以後', '聽到', '丟', '分享']",[],negative
46,235071578,"還記得前幾個禮拜下著雨讓所有的同學和廠商拍畢業照，然後好像被打發一樣廠商感覺也拍的很隨便。個人照也是一樣，每個人的臉的過曝，真的是爛到爆炸！

可不可以要求退費啊！奉勸學弟妹不要花錢受罪",畢業照爛到爆,2020-12-29T03:10:30.468Z,2020-12-29T03:10:30.468Z,4,13,M,ntnu,https://www.dcard.tw/f/ntnu/p/235071578,dcard,post,還記得前幾個禮拜下著雨讓所有的同學和廠商拍畢業照然後好像被打發一樣廠商感覺也拍的很隨便個人照也是一樣每個人的臉的過曝真的是爛到爆炸可不可以要求退費啊奉勸學弟妹不要花錢受罪,"['還', '記得', '前', '幾', '個', '禮拜', '下', '著', '雨', '讓', '所有', '的', '同學', '和', '廠商', '拍', '畢業', '照', '然後', '好像', '被', '打發', '一樣', '廠商', '感覺', '也', '拍', '的', '很', '隨便', '個人', '照', '也', '是', '一樣', '每', '個人', '的', '臉', '的', '過曝', '真的', '是', '爛', '到', '爆炸', '可不可以', '要求', '退費', '啊', '奉勸', '學弟妹', '不要', '花錢', '受罪']","['記得', '前', '禮拜', '下', '雨', '所有', '同學', '廠商', '拍', '畢業', '好像', '打發', '廠商', '感覺', '拍', '隨便', '臉', '過曝', '真的', '爛', '爆炸', '可不可以', '要求', '退費', '奉勸', '學弟妹', '花錢', '受罪']",[],negative
47,235068769,"2020年非常動盪，4月時因為校內有人染疫，結果被迫停課了兩週的時間，之後5月又因為特斯拉事件，使得師大成為焦點。

9月的伯樂營事件跟最近的16+2週，也讓校園彌漫著不安的風氣。各位師大人覺得，今年師大發生最不幸的事情是什麼？",今年師大發生最不幸的事情是什麼,2020-12-28T14:23:41.034Z,2020-12-28T14:23:41.034Z,14,31,M,ntnu,https://www.dcard.tw/f/ntnu/p/235068769,dcard,post,年非常動盪月時因為校內有人染疫結果被迫停課了兩週的時間之後月又因為特斯拉事件使得師大成為焦點月的伯樂營事件跟最近的週也讓校園彌漫著不安的風氣各位師大人覺得今年師大發生最不幸的事情是什麼,"['年', '非常', '動盪', '月', '時', '因為', '校', '內', '有', '人', '染疫', '結果', '被迫', '停課', '了', '兩', '週', '的', '時間', '之後', '月', '又', '因為', '特斯拉', '事件', '使得', '師大', '成為', '焦點', '月', '的', '伯樂營', '事件', '跟', '最近', '的', '週', '也', '讓', '校園', '彌漫', '著', '不安', '的', '風氣', '各位', '師大', '人', '覺得', '今年', '師大', '發生', '最', '不幸', '的', '事情', '是', '什麼']","['年', '動盪', '月', '時', '校', '人', '染疫', '被迫', '停課', '兩', '週', '時間', '之後', '月', '特斯拉', '事件', '師大', '成為', '焦點', '月', '伯樂營', '事件', '最近', '週', '校園', '彌漫', '不安', '風氣', '師大', '人', '覺得', '今年', '師大', '發生', '最', '不幸', '事情']",[],negative
48,235067605,"#有勞務要津貼 #呼籲健全教育實習制度
#臺師大學生會聯合各校學生會 #倡議教育實習津貼

▋什麼是教育實習？

根據我國《師資培育法》，每位教師在正式成為教師之前，都必須先修習師資培育課程、通過教師資格考及半年教育實習才能取得教師證。其中，「教育實習」階段對於師資生極為重要，在期間師資生須進行「教學」、「導師」、「行政」、「研習」四方面實習，故許多實習老師不僅需為教學進行備課，亦需從旁實習班級經營、協助校內各處室之行政業務和各項研習活動。由此可知，雖然實習老師們在此階段在「學習」如何成為一位老師，但不可否認的，他們對於校務運作的確有 #實質的勞動產出。

▋實習津貼從有到無

然而，2002年《師資培育法》修正，將進行教育實習師資生的定位從過去「實習教師」改為「實習學生」，並停止給付實習津貼。與此同時，師資生在教育實習的角色，逐漸被定義為非實際投入教學現場、不屬於勞務性質。此次修法導致實習老師們即便在教學及行政上有所付出，卻因教育實習之學習性質而無法領有任何津貼，甚至必須支付一筆額外學分費，對於其經濟方面形成 #極大的壓力。

▋重新審視政策，重視學生訴求

目前正式教師缺額隨著少子化及年金改革緊縮，實習學生願意選擇從事教職，已然投入許多成本，對教育也具有一定熱忱。尤其在2017年《師資培育法》修正後，師資培育制度改為「先通過教師資格考，再進行教育實習」，就資源分配的有效性而言，發放津貼較過去 #更具正當性。因此，為保障實習老師的權益，配合現行師資培育制度，重新審視現行教育實習制度確實有其必要性。以下為本會之訴求：

一、平衡勞動學習，健全實習制度

本會認為，雖然師資生於教育現場的 #學習 是事實，但仍應正視師資生在此階段各方面（教學、行政、導師）皆有 #勞動 付出的成果，並非認為教育實習是做白工，而是希望能夠重視師資生之實務狀況。

在部分行業中，實習機構會正視實習生之努力與勞動，以給予津貼、獎金等方式作為維持實習生之基本生活所需，而師資生在實習階段也付出相當的勞力，教師並非 #勞動絕緣體，考量師資生在角色上之 #特殊性，恢復給予實習「津貼」實屬必要也相較合適。

二、建立配套機制，合理津貼分配

而在給予津貼上需要考慮諸多因素，例如經費來源、給予標準、審查機制等，若無條件的發放可能會忽略師資生在實習表現上之差異性，也使教育實習「學習」的美意大打折扣。

因此，本會認為給予教育津貼的同時，需要 #建立相關的配套措施，例如：結合現有之師資生學習檔案或每月實習報告，經與指導教授、輔導老師晤談與輔導後發放津貼等。健全的配套措施除了能夠作為合理配發津貼之審核標準外，也能成為評定師資生實習表現，把關教育實習的學習品質，甚至發揮鼓勵師資生的效果，為未來的教育現場#提升品質與動能。

三、維持生活水平，永續教育熱忱

教育實習，是師資生觀摩學習與投身教育現場的重要環節，而此階段通常佔據了其大部分的時間，在生活上也有許多的基本支出，如：往返學校的交通費、租屋費等，上述費用使得師資生必須於夜間兼差才得以打平。

實施津貼之發放除了可以使師資生在教育實習的過程中，緩解經濟壓力，將時間更有效的運用並投入在所需準備的課程上，讓實習期間的學習成效得到進一步提升，亦能使學生在實習中所付出的勞動力#得到正視、降低成為老師所需要付出的成本，讓更多師資生願意為孩子的未來投注更多。

綜上所述，#教育愛 不應該是壓榨實習學生勞力的工具，教育部身為主管機關，更是教育實習的實習機構，更應重視此議題之必要性與急迫性，建立完善的教育實習制度，以作為其他職業實習制度之表率，同時也使實習學生之教育熱忱得以永續。

【發起組織】國立臺灣師範大學學生會、國立高雄師範大學學生會、臺北市立大學學生會、國立臺北教育大學學生會、國立臺中教育大學學生會、國立東華大學學生會、國立清華大學學生會、國立政治大學學生會、國立嘉義大學學生會。

【串聯單位】全國教師工會總聯合會、臺灣學生聯合會。

-

相關報導：
【民視】每月8千元津貼取消 師培生抱怨實習做白工
https://reurl.cc/e8qoDj
【民視】每月8千元津貼取消！實習一年沒薪水教學備課沒時間打工 師培生盼恢復津貼
https://reurl.cc/5qeNKq
【自由】師培生實習付出勞務卻沒錢 赴教部倡議恢復津貼
https://reurl.cc/avQDV4
【中時】師資生半年實習無收入陷入困境 他們要求有實習津貼
https://reurl.cc/k0mWar
【中央社】實習半年無收入 9校學生會籲恢復師資生津貼
https://reurl.cc/bRMolv
【三立】實習半年無收入　9校學生會籲恢復師資生津貼
https://reurl.cc/N63o4Q
【聯合】師資生實習半年全無津貼 教部：只是學習、非單獨授課
https://reurl.cc/Z7Do93
【中廣】實習老師被禁打工爭津貼 教育部：實習非勞務
https://reurl.cc/MdroO4
【芋傳媒】實習半年無收入 9校學生會籲恢復師資生津貼
https://reurl.cc/e8qoyQ
【經濟日報】實習半年無收入 9校學生會籲恢復師資生津貼
https://reurl.cc/7oOqnQ

https://i.imgur.com/L5sppl4.jpg",學生會｜教育實習津貼倡議,2020-12-28T11:27:00.654Z,2020-12-28T13:24:34.494Z,5,28,M,ntnu,https://www.dcard.tw/f/ntnu/p/235067605,dcard,post,有勞務要津貼呼籲健全教育實習制度臺師大學生會聯合各校學生會倡議教育實習津貼什麼是教育實習根據我國師資培育法每位教師在正式成為教師之前都必須先修習師資培育課程通過教師資格考及半年教育實習才能取得教師證其中教育實習階段對於師資生極為重要在期間師資生須進行教學導師行政研習四方面實習故許多實習老師不僅需為教學進行備課亦需從旁實習班級經營協助校內各處室之行政業務和各項研習活動由此可知雖然實習老師們在此階段在學習如何成為一位老師但不可否認的他們對於校務運作的確有實質的勞動產出實習津貼從有到無然而年師資培育法修正將進行教育實習師資生的定位從過去實習教師改為實習學生並停止給付實習津貼與此同時師資生在教育實習的角色逐漸被定義為非實際投入教學現場不屬於勞務性質此次修法導致實習老師們即便在教學及行政上有所付出卻因教育實習之學習性質而無法領有任何津貼甚至必須支付一筆額外學分費對於其經濟方面形成極大的壓力重新審視政策重視學生訴求目前正式教師缺額隨著少子化及年金改革緊縮實習學生願意選擇從事教職已然投入許多成本對教育也具有一定熱忱尤其在年師資培育法修正後師資培育制度改為先通過教師資格考再進行教育實習就資源分配的有效性而言發放津貼較過去更具正當性因此為保障實習老師的權益配合現行師資培育制度重新審視現行教育實習制度確實有其必要性以下為本會之訴求一平衡勞動學習健全實習制度本會認為雖然師資生於教育現場的學習是事實但仍應正視師資生在此階段各方面教學行政導師皆有勞動付出的成果並非認為教育實習是做白工而是希望能夠重視師資生之實務狀況在部分行業中實習機構會正視實習生之努力與勞動以給予津貼獎金等方式作為維持實習生之基本生活所需而師資生在實習階段也付出相當的勞力教師並非勞動絕緣體考量師資生在角色上之特殊性恢復給予實習津貼實屬必要也相較合適二建立配套機制合理津貼分配而在給予津貼上需要考慮諸多因素例如經費來源給予標準審查機制等若無條件的發放可能會忽略師資生在實習表現上之差異性也使教育實習學習的美意大打折扣因此本會認為給予教育津貼的同時需要建立相關的配套措施例如結合現有之師資生學習檔案或每月實習報告經與指導教授輔導老師晤談與輔導後發放津貼等健全的配套措施除了能夠作為合理配發津貼之審核標準外也能成為評定師資生實習表現把關教育實習的學習品質甚至發揮鼓勵師資生的效果為未來的教育現場提升品質與動能三維持生活水平永續教育熱忱教育實習是師資生觀摩學習與投身教育現場的重要環節而此階段通常佔據了其大部分的時間在生活上也有許多的基本支出如往返學校的交通費租屋費等上述費用使得師資生必須於夜間兼差才得以打平實施津貼之發放除了可以使師資生在教育實習的過程中緩解經濟壓力將時間更有效的運用並投入在所需準備的課程上讓實習期間的學習成效得到進一步提升亦能使學生在實習中所付出的勞動力得到正視降低成為老師所需要付出的成本讓更多師資生願意為孩子的未來投注更多綜上所述教育愛不應該是壓榨實習學生勞力的工具教育部身為主管機關更是教育實習的實習機構更應重視此議題之必要性與急迫性建立完善的教育實習制度以作為其他職業實習制度之表率同時也使實習學生之教育熱忱得以永續發起組織國立臺灣師範大學學生會國立高雄師範大學學生會臺北市立大學學生會國立臺北教育大學學生會國立臺中教育大學學生會國立東華大學學生會國立清華大學學生會國立政治大學學生會國立嘉義大學學生會串聯單位全國教師工會總聯合會臺灣學生聯合會相關報導民視每月千元津貼取消師培生抱怨實習做白工民視每月千元津貼取消實習一年沒薪水教學備課沒時間打工師培生盼恢復津貼自由師培生實習付出勞務卻沒錢赴教部倡議恢復津貼中時師資生半年實習無收入陷入困境他們要求有實習津貼中央社實習半年無收入校學生會籲恢復師資生津貼三立實習半年無收入校學生會籲恢復師資生津貼聯合師資生實習半年全無津貼教部只是學習非單獨授課中廣實習老師被禁打工爭津貼教育部實習非勞務芋傳媒實習半年無收入校學生會籲恢復師資生津貼經濟日報實習半年無收入校學生會籲恢復師資生津貼,"['有', '勞務', '要', '津貼', '呼籲', '健全', '教育', '實習', '制度臺', '師大', '學生會', '聯合', '各', '校', '學生會', '倡議', '教育', '實習', '津貼', '什麼', '是', '教育', '實習', '根據', '我國', '師資', '培育法', '每', '位', '教師', '在', '正式', '成為', '教師', '之前', '都', '必須', '先', '修習', '師資', '培育', '課程', '通過', '教師', '資格考', '及', '半', '年', '教育', '實習', '才能', '取得', '教師', '證', '其中', '教育', '實習', '階段', '對於', '師資', '生', '極為', '重要', '在', '期間', '師資', '生', '須', '進行', '教學', '導師', '行政', '研習', '四', '方面', '實習', '故', '許多', '實習', '老師', '不僅', '需', '為', '教學', '進行', '備課', '亦', '需', '從旁', '實習', '班級', '經營', '協助', '校', '內', '各', '處', '室', '之', '行政', '業務', '和', '各', '項', '研習', '活動', '由', '此', '可', '知', '雖然', '實習', '老師', '們', '在', '此', '階段', '在', '學習', '如何', '成為', '一', '位', '老師', '但', '不可', '否認', '的', '他們', '對於', '校務', '運作', '的確', '有', '實質', '的', '勞動', '產出', '實習', '津貼', '從', '有', '到', '無', '然而', '年', '師資', '培育法', '修正', '將', '進行', '教育', '實習', '師資', '生', '的', '定位', '從', '過去', '實習', '教師', '改為', '實習', '學生', '並', '停止', '給付', '實習', '津貼', '與', '此', '同時', '師資', '生', '在', '教育', '實習', '的', '角色', '逐漸', '被', '定義為', '非', '實際', '投入', '教學', '現場', '不', '屬於', '勞務', '性質', '此', '次', '修法', '導致', '實習', '老師', '們', '即便', '在', '教學', '及', '行政', '上', '有所', '付出', '卻', '因', '教育', '實習', '之', '學習', '性質', '而', '無法', '領有', '任何', '津貼', '甚至', '必須', '支付', '一', '筆', '額外', '學分費', '對於', '其', '經濟', '方面', '形成', '極', '大', '的', '壓力', '重新', '審', '視', '政策', '重視', '學生', '訴求', '目前', '正式', '教師', '缺額', '隨著', '少子', '化', '及', '年金', '改革', '緊縮', '實習', '學生', '願意', '選擇', '從事', '教職', '已然', '投入', '許多', '成本', '對', '教育', '也', '具有', '一定', '熱忱', '尤其', '在', '年', '師資', '培育法', '修正', '後', '師資', '培育', '制度', '改為', '先', '通過', '教師', '資格考', '再', '進行', '教育', '實習', '就', '資源', '分配', '的', '有效性', '而', '言', '發放', '津貼', '較', '過去', '更', '具', '正當性', '因此', '為', '保障', '實習', '老師', '的', '權益', '配合', '現行', '師資', '培育', '制度', '重新', '審視', '現行', '教育', '實習', '制度', '確實', '有', '其', '必要性', '以下', '為本會', '之', '訴求', '一', '平衡', '勞動', '學習', '健全', '實習', '制度', '本', '會', '認為', '雖然', '師資', '生於', '教育', '現場', '的', '學習', '是', '事實', '但', '仍', '應', '正視', '師資', '生', '在', '此', '階段', '各', '方面', '教學', '行政', '導師', '皆', '有', '勞動', '付出', '的', '成果', '並非', '認為', '教育', '實習', '是', '做', '白工', '而是', '希望', '能夠', '重視', '師資', '生', '之', '實務', '狀況', '在', '部分', '行業', '中', '實習', '機構', '會', '正視', '實習', '生', '之', '努力', '與', '勞動', '以', '給予', '津貼', '獎金', '等', '方式', '作為', '維持', '實習', '生', '之', '基本', '生活', '所', '需', '而', '師資', '生', '在', '實習', '階段', '也', '付出', '相當', '的', '勞力', '教師', '並非', '勞動', '絕緣體', '考量', '師資', '生', '在', '角色', '上', '之', '特殊性', '恢復', '給予', '實習', '津貼', '實', '屬', '必要', '也', '相較', '合適', '二', '建立', '配套', '機制', '合理', '津貼', '分配', '而', '在', '給予', '津貼', '上', '需要', '考慮', '諸多', '因素', '例如', '經費', '來源', '給予', '標準', '審', '查', '機制', '等', '若', '無條件', '的', '發放', '可能', '會', '忽略', '師資', '生', '在', '實習', '表現', '上', '之', '差異性', '也', '使', '教育', '實習', '學習', '的', '美意', '大打折扣', '因此', '本', '會', '認為', '給予', '教育', '津貼', '的', '同時', '需要', '建立', '相關', '的', '配套', '措施', '例如', '結合', '現有', '之', '師資', '生', '學習', '檔案', '或', '每', '月', '實習', '報告', '經', '與', '指導', '教授', '輔導', '老師', '晤談', '與', '輔導', '後', '發放', '津貼', '等', '健全', '的', '配套', '措施', '除了', '能夠', '作為', '合理', '配發', '津貼', '之', '審核', '標準', '外', '也', '能', '成為', '評定', '師資', '生', '實習', '表現', '把關', '教育', '實習', '的', '學習', '品質', '甚至', '發揮', '鼓勵', '師資', '生', '的', '效果', '為', '未來', '的', '教育', '現場', '提升', '品質', '與', '動能', '三', '維持', '生活', '水平', '永續', '教育', '熱忱', '教育', '實習', '是', '師資', '生', '觀摩', '學習', '與', '投身', '教育', '現場', '的', '重要', '環節', '而', '此', '階段', '通常', '佔據', '了', '其', '大部分', '的', '時間', '在', '生活', '上', '也', '有', '許多', '的', '基本', '支出', '如', '往返', '學校', '的', '交通費', '租屋費', '等', '上述', '費用', '使得', '師資', '生', '必須', '於', '夜間', '兼差', '才', '得以', '打', '平', '實施', '津貼', '之', '發放', '除了', '可以', '使', '師資', '生', '在', '教育', '實習', '的', '過程', '中', '緩解', '經濟', '壓力', '將', '時間', '更', '有效', '的', '運用', '並', '投入', '在', '所', '需', '準備', '的', '課程', '上', '讓', '實習', '期間', '的', '學習', '成效', '得到', '進一步', '提升', '亦', '能', '使', '學生', '在', '實習', '中', '所', '付出', '的', '勞動力', '得到', '正視', '降低', '成為', '老師', '所', '需要', '付出', '的', '成本', '讓', '更多', '師資', '生', '願意', '為', '孩子', '的', '未來', '投注', '更多', '綜上', '所', '述', '教育', '愛', '不應該', '是', '壓榨', '實習', '學生', '勞力', '的', '工具', '教育部', '身為', '主管', '機關', '更', '是', '教育', '實習', '的', '實習', '機構', '更', '應', '重視', '此', '議題', '之', '必要性', '與', '急迫性', '建立', '完善', '的', '教育', '實習', '制度', '以', '作為', '其他', '職業', '實習', '制度', '之', '表率', '同時', '也', '使', '實習', '學生', '之', '教育', '熱忱', '得以', '永續', '發起', '組織', '國立', '臺灣', '師範', '大學', '學生會', '國立', '高雄', '師範', '大學', '學生會', '臺北市', '立', '大學', '學生會', '國立', '臺北', '教育', '大學', '學生會', '國立', '臺中', '教育', '大學', '學生會', '國立', '東華', '大學', '學生會', '國立', '清華大學', '學生會', '國立', '政治', '大學', '學生會', '國立', '嘉義', '大學', '學生會', '串聯', '單位', '全國', '教師', '工會', '總', '聯合會', '臺灣', '學生', '聯合會', '相關', '報導', '民視', '每', '月', '千', '元', '津貼', '取消', '師培生', '抱怨', '實習', '做', '白工', '民視', '每', '月', '千', '元', '津貼', '取消', '實習', '一年', '沒', '薪水', '教學', '備課', '沒', '時間', '打工', '師培生', '盼', '恢復', '津貼', '自由', '師培生', '實習', '付出', '勞務', '卻', '沒', '錢', '赴', '教部', '倡議', '恢復', '津貼', '中', '時', '師資', '生', '半', '年', '實習', '無', '收入', '陷入', '困境', '他們', '要求', '有', '實習', '津貼', '中央社', '實習', '半', '年', '無', '收入', '校', '學生會', '籲', '恢復', '師資', '生', '津貼', '三', '立', '實習', '半', '年', '無', '收入', '校', '學生會', '籲', '恢復', '師資', '生', '津貼', '聯合', '師資', '生', '實習', '半', '年', '全無', '津貼', '教部', '只是', '學習', '非', '單獨', '授課', '中廣', '實習', '老師', '被', '禁', '打工', '爭', '津貼', '教育部', '實習', '非', '勞務', '芋', '傳媒', '實習', '半', '年', '無', '收入', '校', '學生會', '籲', '恢復', '師資', '生', '津貼', '經濟日報', '實習', '半', '年', '無', '收入', '校', '學生會', '籲', '恢復', '師資', '生', '津貼']","['勞務', '津貼', '呼籲', '健全', '教育', '實習', '制度臺', '師大', '學生會', '聯合', '校', '學生會', '倡議', '教育', '實習', '津貼', '教育', '實習', '我國', '師資', '培育法', '位', '教師', '正式', '成為', '教師', '之前', '先', '修習', '師資', '培育', '課程', '教師', '資格考', '年', '教育', '實習', '取得', '教師', '證', '教育', '實習', '階段', '師資', '生', '重要', '期間', '師資', '生', '須', '進行', '教學', '導師', '行政', '研習', '方面', '實習', '許多', '實習', '老師', '需', '教學', '進行', '備課', '亦', '需', '從旁', '實習', '班級', '經營', '協助', '校', '處', '室', '行政', '業務', '項', '研習', '活動', '知', '實習', '老師', '階段', '學習', '成為', '位', '老師', '不可', '否認', '校務', '運作', '實質', '勞動', '產出', '實習', '津貼', '無', '年', '師資', '培育法', '修正', '進行', '教育', '實習', '師資', '生', '定位', '過去', '實習', '教師', '改為', '實習', '學生', '停止', '給付', '實習', '津貼', '師資', '生', '教育', '實習', '角色', '逐漸', '定義為', '非', '實際', '投入', '教學', '現場', '屬於', '勞務', '性質', '次', '修法', '導致', '實習', '老師', '教學', '行政', '有所', '付出', '卻', '教育', '實習', '學習', '性質', '無法', '領有', '津貼', '支付', '筆', '額外', '學分費', '經濟', '方面', '形成', '壓力', '重新', '審', '視', '政策', '重視', '學生', '訴求', '目前', '正式', '教師', '缺額', '少子', '化', '年金', '改革', '緊縮', '實習', '學生', '願意', '選擇', '從事', '教職', '已然', '投入', '許多', '成本', '教育', '具有', '一定', '熱忱', '尤其', '年', '師資', '培育法', '修正', '後', '師資', '培育', '制度', '改為', '先', '教師', '資格考', '再', '進行', '教育', '實習', '資源', '分配', '有效性', '言', '發放', '津貼', '過去', '具', '正當性', '保障', '實習', '老師', '權益', '配合', '現行', '師資', '培育', '制度', '重新', '審視', '現行', '教育', '實習', '制度', '確實', '必要性', '以下', '為本會', '訴求', '平衡', '勞動', '學習', '健全', '實習', '制度', '認為', '師資', '生於', '教育', '現場', '學習', '事實', '應', '正視', '師資', '生', '階段', '方面', '教學', '行政', '導師', '皆', '勞動', '付出', '成果', '認為', '教育', '實習', '做', '白工', '希望', '能夠', '重視', '師資', '生', '實務', '狀況', '部分', '行業', '中', '實習', '機構', '正視', '實習', '生', '努力', '勞動', '給予', '津貼', '獎金', '方式', '維持', '實習', '生', '生活', '需', '師資', '生', '實習', '階段', '付出', '相當', '勞力', '教師', '勞動', '絕緣體', '考量', '師資', '生', '角色', '特殊性', '恢復', '給予', '實習', '津貼', '實', '屬', '必要', '相較', '合適', '建立', '配套', '機制', '合理', '津貼', '分配', '給予', '津貼', '需要', '考慮', '諸多', '因素', '經費', '來源', '給予', '標準', '審', '查', '機制', '無條件', '發放', '忽略', '師資', '生', '實習', '表現', '差異性', '使', '教育', '實習', '學習', '美意', '大打折扣', '認為', '給予', '教育', '津貼', '需要', '建立', '相關', '配套', '措施', '結合', '現有', '師資', '生', '學習', '檔案', '月', '實習', '報告', '指導', '教授', '輔導', '老師', '晤談', '輔導', '後', '發放', '津貼', '健全', '配套', '措施', '能夠', '合理', '配發', '津貼', '審核', '標準', '外', '成為', '評定', '師資', '生', '實習', '表現', '把關', '教育', '實習', '學習', '品質', '發揮', '鼓勵', '師資', '生', '效果', '未來', '教育', '現場', '提升', '品質', '動能', '維持', '生活', '水平', '永續', '教育', '熱忱', '教育', '實習', '師資', '生', '觀摩', '學習', '投身', '教育', '現場', '重要', '環節', '階段', '通常', '佔據', '大部分', '時間', '生活', '許多', '支出', '往返', '學校', '交通費', '租屋費', '上述', '費用', '師資', '生', '夜間', '兼差', '得以', '平', '實施', '津貼', '發放', '使', '師資', '生', '教育', '實習', '過程', '中', '緩解', '經濟', '壓力', '時間', '有效', '運用', '投入', '需', '準備', '課程', '實習', '期間', '學習', '成效', '得到', '進一步', '提升', '亦', '使', '學生', '實習', '中', '付出', '勞動力', '得到', '正視', '降低', '成為', '老師', '需要', '付出', '成本', '更多', '師資', '生', '願意', '孩子', '未來', '投注', '更多', '綜上', '述', '教育', '愛', '不應該', '壓榨', '實習', '學生', '勞力', '工具', '教育部', '身為', '主管', '機關', '教育', '實習', '實習', '機構', '應', '重視', '議題', '必要性', '急迫性', '建立', '完善', '教育', '實習', '制度', '職業', '實習', '制度', '表率', '使', '實習', '學生', '教育', '熱忱', '得以', '永續', '發起', '組織', '國立', '臺灣', '師範', '大學', '學生會', '國立', '高雄', '師範', '大學', '學生會', '臺北市', '大學', '學生會', '國立', '臺北', '教育', '大學', '學生會', '國立', '臺中', '教育', '大學', '學生會', '國立', '東華', '大學', '學生會', '國立', '清華大學', '學生會', '國立', '政治', '大學', '學生會', '國立', '嘉義', '大學', '學生會', '串聯', '單位', '全國', '教師', '工會', '總', '聯合會', '臺灣', '學生', '聯合會', '相關', '報導', '民視', '月', '元', '津貼', '取消', '師培生', '抱怨', '實習', '做', '白工', '民視', '月', '元', '津貼', '取消', '實習', '一年', '薪水', '教學', '備課', '時間', '打工', '師培生', '盼', '恢復', '津貼', '自由', '師培生', '實習', '付出', '勞務', '卻', '錢', '赴', '教部', '倡議', '恢復', '津貼', '中', '時', '師資', '生', '年', '實習', '無', '收入', '陷入', '困境', '要求', '實習', '津貼', '中央社', '實習', '年', '無', '收入', '校', '學生會', '籲', '恢復', '師資', '生', '津貼', '實習', '年', '無', '收入', '校', '學生會', '籲', '恢復', '師資', '生', '津貼', '聯合', '師資', '生', '實習', '年', '全無', '津貼', '教部', '學習', '非', '單獨', '授課', '中廣', '實習', '老師', '禁', '打工', '爭', '津貼', '教育部', '實習', '非', '勞務', '芋', '傳媒', '實習', '年', '無', '收入', '校', '學生會', '籲', '恢復', '師資', '生', '津貼', '經濟日報', '實習', '年', '無', '收入', '校', '學生會', '籲', '恢復', '師資', '生', '津貼']","['實習', '師資', '教育']",positive
49,235067528,"這學期的最後一堂社課
也是大家眾所期待的一堂課

這次我們邀請到了
「人體素描模特兒」 千面身優：人體模特坤的靈感手札  
來與我們分享
身體的界線與界限
有關自我展演以及身體自主權

目前有很多人已經來詢問
此場講座的內容
不過當然是   才不告訴你呢
想來的大家趁早來卡位哦？
嘻嘻

時間：12/29(二)19：00～21：00
地點：臺師大校本部文學院樸205教室

指導單位：
國立臺灣師範大學課外活動指導組
國立臺灣師範大學健康中心
https://i.imgur.com/b5CQ86C.jpg",「用畫筆畫出身體的界線與界限」期末社團學術講座,2020-12-28T11:13:03.587Z,2020-12-28T11:13:03.587Z,2,7,M,ntnu,https://www.dcard.tw/f/ntnu/p/235067528,dcard,post,這學期的最後一堂社課也是大家眾所期待的一堂課這次我們邀請到了人體素描模特兒千面身優人體模特坤的靈感手札來與我們分享身體的界線與界限有關自我展演以及身體自主權目前有很多人已經來詢問此場講座的內容不過當然是才不告訴你呢想來的大家趁早來卡位哦嘻嘻時間二地點臺師大校本部文學院樸教室指導單位國立臺灣師範大學課外活動指導組國立臺灣師範大學健康中心,"['這', '學期', '的', '最後', '一', '堂', '社課', '也', '是', '大家', '眾', '所', '期待', '的', '一', '堂', '課', '這', '次', '我們', '邀請到', '了', '人體', '素描', '模特兒', '千', '面', '身', '優', '人體', '模特坤', '的', '靈感', '手札', '來', '與', '我們', '分享', '身體', '的', '界線', '與', '界限', '有關', '自我', '展演', '以及', '身體', '自主權', '目前', '有', '很多', '人', '已經', '來', '詢問', '此', '場', '講座', '的', '內容', '不過', '當然', '是', '才', '不', '告訴', '你', '呢', '想來', '的', '大家', '趁早', '來', '卡位', '哦', '嘻嘻', '時間', '二', '地點臺', '師大', '校本部', '文學院', '樸', '教室', '指導', '單位', '國立', '臺灣', '師範', '大學', '課外', '活動', '指導', '組', '國立', '臺灣', '師範', '大學', '健康', '中心']","['學期', '最後', '堂', '社課', '眾', '期待', '堂', '課', '次', '邀請到', '人體', '素描', '模特兒', '面', '身', '優', '人體', '模特坤', '靈感', '手札', '分享', '身體', '界線', '界限', '自我', '展演', '身體', '自主權', '目前', '人', '已經', '詢問', '場', '講座', '內容', '告訴', '想來', '卡位', '嘻嘻', '時間', '地點臺', '師大', '校本部', '文學院', '樸', '教室', '指導', '單位', '國立', '臺灣', '師範', '大學', '課外', '活動', '指導', '組', '國立', '臺灣', '師範', '大學', '健康', '中心']",[],positive
50,235067109,"雖然我也是騎白牌，但也來看一下其他白牌是怎麼停的。
最好跟我說那幾個車位沒有給紅黃牌停了，你就不會這樣停。
https://i.imgur.com/gp9USdS.jpg
https://i.imgur.com/Ro2QfuJ.jpg
https://i.imgur.com/UR1SXBV.jpg",學一舍停車,2020-12-28T09:59:48.097Z,2020-12-28T09:59:48.097Z,17,8,M,ntnu,https://www.dcard.tw/f/ntnu/p/235067109,dcard,post,雖然我也是騎白牌但也來看一下其他白牌是怎麼停的最好跟我說那幾個車位沒有給紅黃牌停了你就不會這樣停,"['雖然', '我', '也', '是', '騎', '白牌', '但', '也', '來', '看', '一下', '其他', '白牌', '是', '怎麼', '停', '的', '最好', '跟', '我', '說', '那', '幾', '個', '車位', '沒有', '給', '紅', '黃牌停', '了', '你', '就', '不會', '這樣', '停']","['騎', '白牌', '一下', '白牌', '停', '最好', '說', '車位', '紅', '黃牌停', '停']",[],negative
51,235066814,"https://i.imgur.com/GTox1wc.jpg
https://i.imgur.com/A2RCoNk.jpg
今天下午剛好要從宿後門出去買東西
就看到校警隊車停在樓下，然後看到他們在鎖車
因為看了兩下，好像沒有單據，所以幫忙轉達一下！",男一宿鎖車,2020-12-28T09:04:30.119Z,2020-12-28T09:04:30.119Z,2,4,M,ntnu,https://www.dcard.tw/f/ntnu/p/235066814,dcard,post,今天下午剛好要從宿後門出去買東西就看到校警隊車停在樓下然後看到他們在鎖車因為看了兩下好像沒有單據所以幫忙轉達一下,"['今天', '下午', '剛好', '要', '從', '宿', '後門', '出去', '買', '東西', '就', '看到', '校警隊', '車', '停', '在', '樓下', '然後', '看到', '他們', '在', '鎖車', '因為', '看', '了', '兩', '下', '好像', '沒有', '單據', '所以', '幫忙', '轉達', '一下']","['今天', '下午', '宿', '後門', '買', '東西', '看到', '校警隊', '車', '停', '樓下', '看到', '鎖車', '兩', '下', '好像', '單據', '幫忙', '轉達', '一下']",[],negative
52,235065970,"如題～～～
12月都快過完快放寒假了
怎麼還找不到課表公布的消息

有人知道嗎～～～～",109-2 課表什麼時候會出來～,2020-12-28T06:36:17.881Z,2020-12-28T06:36:17.881Z,6,3,F,ntnu,https://www.dcard.tw/f/ntnu/p/235065970,dcard,post,如題月都快過完快放寒假了怎麼還找不到課表公布的消息有人知道嗎,"['如', '題', '月', '都', '快', '過完', '快放', '寒假', '了', '怎麼', '還', '找', '不', '到', '課表', '公布', '的', '消息', '有', '人', '知道', '嗎']","['題', '月', '過完', '快放', '寒假', '找', '課表', '公布', '消息', '人', '知道']",[],positive
53,235064949,"最近通識課分組報告，認識了一個數學系的同學，問了他們系上課業的問題後，讓我感到很吃驚。

我原本以為數學系比較少報告，壓力比較小，結果他們系上的作業量真的超出我想像，一個禮拜內要同時交出微積分，線代，數學導論的作業，甚至還有物理功課跟實驗預報要交，然後他講完後就一直垂頭喪氣的模樣。

而且我看得出來他的心情很不好，感覺壓力真的很大，隨時都會爆發的那種程度，很擔心他的身心狀況...",數學系的課業真的有那麼重？,2020-12-28T03:46:28.533Z,2020-12-28T03:46:28.533Z,14,26,M,ntnu,https://www.dcard.tw/f/ntnu/p/235064949,dcard,post,最近通識課分組報告認識了一個數學系的同學問了他們系上課業的問題後讓我感到很吃驚我原本以為數學系比較少報告壓力比較小結果他們系上的作業量真的超出我想像一個禮拜內要同時交出微積分線代數學導論的作業甚至還有物理功課跟實驗預報要交然後他講完後就一直垂頭喪氣的模樣而且我看得出來他的心情很不好感覺壓力真的很大隨時都會爆發的那種程度很擔心他的身心狀況,"['最近', '通識課', '分組', '報告', '認識', '了', '一', '個', '數學系', '的', '同學', '問', '了', '他們', '系', '上', '課業', '的', '問題', '後', '讓', '我', '感到', '很', '吃驚', '我', '原本', '以為', '數學系', '比', '較少', '報告', '壓力', '比較', '小', '結果', '他們', '系', '上', '的', '作業量', '真的', '超出', '我', '想像', '一', '個', '禮拜', '內', '要', '同時', '交出', '微積分線', '代數學', '導論', '的', '作業', '甚至', '還', '有', '物理', '功課', '跟', '實驗', '預報', '要', '交', '然後', '他', '講完', '後', '就', '一直', '垂頭喪氣', '的', '模樣', '而且', '我', '看得出來', '他', '的', '心情', '很', '不', '好', '感覺', '壓力', '真的', '很', '大', '隨時', '都', '會', '爆發', '的', '那', '種', '程度', '很', '擔心', '他', '的', '身心', '狀況']","['最近', '通識課', '分組', '報告', '認識', '數學系', '同學', '問', '系', '課業', '問題', '後', '感到', '吃驚', '原本', '以為', '數學系', '較少', '報告', '壓力', '比較', '小', '系', '作業量', '真的', '超出', '想像', '禮拜', '交出', '微積分線', '代數學', '導論', '作業', '物理', '功課', '實驗', '預報', '交', '講完', '後', '一直', '垂頭喪氣', '模樣', '看得出來', '心情', '好', '感覺', '壓力', '真的', '隨時', '爆發', '種', '程度', '擔心', '身心', '狀況']",[],negative
54,235064789,此篇文章為轉貼文章，請更新至最新版本觀看完整內容。,轉：[徵才] Cool English 普技高教材編輯,2020-12-28T03:10:12.593Z,2020-12-28T03:10:12.593Z,0,1,M,ntnu,https://www.dcard.tw/f/ntnu/p/235064789,dcard,post,此篇文章為轉貼文章請更新至最新版本觀看完整內容,"['此', '篇', '文章', '為轉貼', '文章', '請', '更新', '至', '最', '新', '版本', '觀看', '完整', '內容']","['篇', '文章', '為轉貼', '文章', '請', '更新', '最', '新', '版本', '觀看', '完整', '內容']",[],positive
55,235061422,"【寒冷新年不孤單🎆，師大陽明交大文化 交友配對活動💕】#抽LINEPoints500點
 告別 #fuck2020 ，新年新希望，讓你整年不孤單！

「欸！你知道最近很紅的說說舉辦的聖誕配對活動嗎？聽說之前在台大政大舉辦有超過 #1400位 同學參加耶！這次來到我們學校了！」

「哦真的嗎！但會不會就跟一般的交友軟體一樣，都很隨機配然後最後也不了了之...。」

「誰在跟你隨機亂配？難道你不知道嗎？說說是用演算法幫你分析最適合的命定配對，不然我身邊哪有可能一堆女生朋友都手刀報名，有了說說幫忙配對，感覺明年有機會不孤單了。」

「真的假的有這麼好的事！」

「而且參加不只能配對，還有機會抽到500元約會獎金喔！」

「能夠配對到而且還有機會連約會經費都省了，從沒聽過這麼好的活動，我現在就馬上去參加！」

我們是台大新創團隊「說說 RollRoar」，是一款投票式的社群平台，在2020的歲末，在舒適圈中迷茫的你，總是找不到情投意合對象的妳，只要填寫問卷並簡單使用平台數天，我們就可以透過演算法！找到寒風中一直等待你/妳的那個誰！（或許你/妳也可以在平台中，匹配到那一個，你暗戀很久的百分百男孩/女孩）

＃本活動限定開放給 師大陽明交大文化 的同學！
＃將抽出LINEPoints500點，作為約會基金！
＃活動時間：12/26~1/2開放參加，1/4通知配對結果，將配對1~3位對象

參與步驟：
1、按這篇文讚
2、按「說說」粉專讚
＃粉專連結 https://www.facebook.com/RollRoar
3、完成表單填寫
表單連結：https://pse.is/3awh24
（完成即獲得抽獎資格，將於1/4抽出一位中獎者以信箱通知）


備註：
1、問卷結果及個人資料會由團隊保密，配對對象僅會收到您的聯絡方式及稱呼，請放心填答。
2、配對結果僅供參考，與配對對象聯絡時請留意禮貌與尊重個人意願喔～
https://i.imgur.com/uXjVN3g.jpg",【寒冷新年不孤單🎆，師大陽明交大文化 交友配對活動💕】#抽LINEPoints500點,2020-12-27T13:12:22.897Z,2020-12-27T13:12:22.897Z,2,23,F,ntnu,https://www.dcard.tw/f/ntnu/p/235061422,dcard,post,寒冷新年不孤單師大陽明交大文化交友配對活動抽點告別新年新希望讓你整年不孤單欸你知道最近很紅的說說舉辦的聖誕配對活動嗎聽說之前在台大政大舉辦有超過位同學參加耶這次來到我們學校了哦真的嗎但會不會就跟一般的交友軟體一樣都很隨機配然後最後也不了了之誰在跟你隨機亂配難道你不知道嗎說說是用演算法幫你分析最適合的命定配對不然我身邊哪有可能一堆女生朋友都手刀報名有了說說幫忙配對感覺明年有機會不孤單了真的假的有這麼好的事而且參加不只能配對還有機會抽到元約會獎金喔能夠配對到而且還有機會連約會經費都省了從沒聽過這麼好的活動我現在就馬上去參加我們是台大新創團隊說說是一款投票式的社群平台在的歲末在舒適圈中迷茫的你總是找不到情投意合對象的妳只要填寫問卷並簡單使用平台數天我們就可以透過演算法找到寒風中一直等待你妳的那個誰或許你妳也可以在平台中匹配到那一個你暗戀很久的百分百男孩女孩本活動限定開放給師大陽明交大文化的同學將抽出點作為約會基金活動時間開放參加通知配對結果將配對位對象參與步驟按這篇文讚按說說粉專讚粉專連結完成表單填寫表單連結完成即獲得抽獎資格將於抽出一位中獎者以信箱通知備註問卷結果及個人資料會由團隊保密配對對象僅會收到您的聯絡方式及稱呼請放心填答配對結果僅供參考與配對對象聯絡時請留意禮貌與尊重個人意願喔,"['寒冷', '新年', '不', '孤單', '師大', '陽明', '交大', '文化', '交友', '配對', '活動', '抽點', '告別', '新年', '新', '希望', '讓', '你', '整', '年', '不', '孤單', '欸', '你', '知道', '最近', '很', '紅', '的', '說說', '舉辦', '的', '聖誕', '配對', '活動', '嗎', '聽說', '之前', '在', '台大', '政大', '舉辦', '有', '超過', '位', '同學', '參加', '耶', '這', '次', '來到', '我們', '學校', '了', '哦', '真的', '嗎', '但', '會不會', '就', '跟', '一般', '的', '交友', '軟體', '一樣', '都', '很', '隨機', '配', '然後', '最後', '也', '不了了之', '誰', '在', '跟', '你', '隨機', '亂配', '難道', '你', '不', '知道', '嗎', '說說', '是', '用', '演算法', '幫', '你', '分析', '最', '適合', '的', '命定', '配對', '不然', '我', '身邊', '哪', '有', '可能', '一', '堆', '女生', '朋友', '都', '手刀', '報名', '有', '了', '說說', '幫忙', '配對', '感覺', '明年', '有', '機會', '不', '孤單', '了', '真的', '假', '的', '有', '這麼', '好', '的', '事', '而且', '參加', '不只', '能', '配對', '還', '有', '機會', '抽到', '元', '約會', '獎金', '喔', '能夠', '配對', '到', '而且', '還', '有', '機會', '連', '約會', '經費', '都', '省', '了', '從', '沒', '聽', '過', '這麼', '好', '的', '活動', '我', '現在', '就', '馬上', '去', '參加', '我們', '是', '台大', '新創', '團隊', '說說', '是', '一', '款', '投票式', '的', '社群', '平台', '在', '的', '歲末', '在', '舒適圈', '中', '迷茫', '的', '你', '總是', '找', '不', '到', '情投意合', '對象', '的', '妳', '只要', '填寫', '問卷', '並', '簡單', '使用', '平台', '數', '天', '我們', '就', '可以', '透過', '演算法', '找到', '寒風', '中', '一直', '等待', '你', '妳', '的', '那', '個', '誰', '或許', '你', '妳', '也', '可以', '在', '平台', '中', '匹配到', '那', '一', '個', '你', '暗戀', '很', '久', '的', '百', '分', '百', '男孩', '女孩', '本', '活動', '限定', '開放給', '師大', '陽明', '交大', '學', '將', '抽出', '點', '作為', '約會', '基金', '活動', '時間', '開放', '參加', '通知', '配對', '結果', '將', '配對', '位', '對象', '參與', '步驟', '按', '這', '篇', '文讚', '按', '說說', '粉', '專', '讚粉', '專', '連結', '完成', '表單', '填寫', '表單', '連結', '完成', '即', '獲得', '抽獎', '資格', '將', '於', '抽出', '一', '位', '中獎', '者', '以', '信箱', '通知', '備註', '問卷', '結果', '及', '個人', '資料會', '由', '團隊', '保密', '配對', '對象', '僅', '會', '收到', '您', '的', '聯絡', '方式', '及', '稱呼', '請', '放心', '填答', '配對', '結果', '僅', '供', '參考', '與', '配對', '對象', '聯絡', '時', '請', '留意', '禮貌', '與', '尊重', '個人', '意願', '喔']","['寒冷', '新年', '孤單', '師大', '陽明', '交大', '文化', '交友', '配對', '活動', '抽點', '告別', '新年', '新', '希望', '整', '年', '孤單', '欸', '知道', '最近', '紅', '說說', '舉辦', '聖誕', '配對', '活動', '聽說', '之前', '台大', '政大', '舉辦', '超過', '位', '同學', '參加', '耶', '次', '來到', '學校', '真的', '會不會', '交友', '軟體', '隨機', '配', '最後', '不了了之', '隨機', '亂配', '知道', '說說', '演算法', '幫', '分析', '最', '適合', '命定', '配對', '身邊', '堆', '女生', '朋友', '手刀', '報名', '說說', '幫忙', '配對', '感覺', '明年', '機會', '孤單', '真的', '假', '好', '事', '參加', '配對', '機會', '抽到', '元', '約會', '獎金', '能夠', '配對', '機會', '約會', '經費', '省', '聽', '好', '活動', '現在', '參加', '台大', '新創', '團隊', '說說', '款', '投票式', '社群', '平台', '歲末', '舒適圈', '中', '迷茫', '總是', '找', '情投意合', '對象', '妳', '填寫', '問卷', '簡單', '使用', '平台', '數', '天', '透過', '演算法', '找到', '寒風', '中', '一直', '等待', '妳', '妳', '平台', '中', '匹配到', '暗戀', '久', '百', '分', '百', '男孩', '女孩', '活動', '限定', '開放給', '師大', '陽明', '交大', '學', '抽出', '點', '約會', '基金', '活動', '時間', '開放', '參加', '通知', '配對', '配對', '位', '對象', '參與', '步驟', '篇', '文讚', '說說', '粉', '專', '讚粉', '專', '連結', '完成', '表單', '填寫', '表單', '連結', '完成', '獲得', '抽獎', '資格', '抽出', '位', '中獎', '信箱', '通知', '備註', '問卷', '資料會', '團隊', '保密', '配對', '對象', '收到', '聯絡', '方式', '稱呼', '請', '放心', '填答', '配對', '供', '參考', '配對', '對象', '聯絡', '時', '請', '留意', '禮貌', '尊重', '意願']","['配對', '活動', '說說']",positive
56,235060899,欸，數學哥又出來倚老賣老了，真的看得很煩，到底還要丟多少師大的臉啊,補獲野生數學哥,2020-12-27T11:48:36.514Z,2020-12-27T11:48:36.514Z,1,15,M,ntnu,https://www.dcard.tw/f/ntnu/p/235060899,dcard,post,欸數學哥又出來倚老賣老了真的看得很煩到底還要丟多少師大的臉啊,"['欸', '數學', '哥', '又', '出來', '倚老賣老', '了', '真的', '看', '得', '很', '煩', '到底', '還要', '丟', '多少', '師大', '的', '臉', '啊']","['欸', '數學', '哥', '倚老賣老', '真的', '煩', '還要', '丟', '師大', '臉']",[],negative
57,235058361,"【📢報告！第八週營養便當開工】
＃本週餐卡特別設計為車票形式供長期支持營養便當的顧客留存紀念

""終點站到了！終點站到了！""
穿過高山，渡過小溪，不知跑了幾百哩
經過了一個多月
最後一週的營養便當終於來囉！
營養列車有兩條路線
A. 追分-成功 帶你吃鐵路三杯雞
B. 永康-保安 帶你吃鐵路烤里肌
要選哪一條路線呢?
#火車快飛 #丟丟銅仔 

//菜色介紹//
A餐: 鐵路三杯雞
B餐: 鐵路烤里肌
   l 主食: 白米飯
   l 配菜: 梅乾筍絲、高麗菜拌紅蘿蔔、青江菜炒金針菇、油豆腐
   l 附餐: 雙色蘿蔔湯

🧨年末特別活動
前50名旅客可以加購一顆茶香滷蛋增加營養滿分的完全蛋白質
加購價10元
限量五十份，快快訂購！

//預售資訊//
💰價格: 銅板價70元
⏰預購時間＆地點: 12/28 (一) ~12/31 (四) 12:10~13:10 臺師大校本部勤樸中庭
📢取餐時間＆地點: 1/7 (四) 12:10~13:20 臺師大校本部勤樸中庭&公館校區小七前

//注意事項//
1. 便當限量販售，售完為止
2. 為響應環保，不提供餐具與吸管
3. 請準時取餐，享用最佳風味
4. 若逾時未領取，則視為放棄便當，不另補償
5. 圖片僅供參考，便當仍依實物為準

※於12/28(一)上午十點，也就是明天，會發文附上「線上預購表單」的連結，大家盡請鎖定，數量有限，要搶要快喔~

錯過這週的營養便當，要再等一年才吃得到呢
請大家把握最後一週的便當，未來也請持續支持營養便當！
https://i.imgur.com/TlKYYKH.jpg
https://i.imgur.com/PtR9p1s.jpg",（完售）第八週營養便當開工🚂,2020-12-27T02:20:38.426Z,2021-01-02T04:02:14.049Z,3,10,M,ntnu,https://www.dcard.tw/f/ntnu/p/235058361,dcard,post,報告第八週營養便當開工本週餐卡特別設計為車票形式供長期支持營養便當的顧客留存紀念終點站到了終點站到了穿過高山渡過小溪不知跑了幾百哩經過了一個多月最後一週的營養便當終於來囉營養列車有兩條路線追分成功帶你吃鐵路三杯雞永康保安帶你吃鐵路烤里肌要選哪一條路線呢火車快飛丟丟銅仔菜色介紹餐鐵路三杯雞餐鐵路烤里肌主食白米飯配菜梅乾筍絲高麗菜拌紅蘿蔔青江菜炒金針菇油豆腐附餐雙色蘿蔔湯年末特別活動前名旅客可以加購一顆茶香滷蛋增加營養滿分的完全蛋白質加購價元限量五十份快快訂購預售資訊價格銅板價元預購時間地點一四臺師大校本部勤樸中庭取餐時間地點四臺師大校本部勤樸中庭公館校區小七前注意事項便當限量販售售完為止為響應環保不提供餐具與吸管請準時取餐享用最佳風味若逾時未領取則視為放棄便當不另補償圖片僅供參考便當仍依實物為準於一上午十點也就是明天會發文附上線上預購表單的連結大家盡請鎖定數量有限要搶要快喔錯過這週的營養便當要再等一年才吃得到呢請大家把握最後一週的便當未來也請持續支持營養便當,"['報告', '第八', '週', '營養', '便當', '開工', '本', '週', '餐', '卡特', '別', '設計為', '車票', '形式', '供', '長期', '支持', '營養', '便當', '的', '顧客', '留存', '紀念', '終點', '站到', '了', '終點', '站到', '了', '穿過', '高山', '渡過', '小溪', '不', '知', '跑', '了', '幾百', '哩', '經過', '了', '一', '個', '多', '月', '最後', '一', '週', '的', '營養', '便當', '終於', '來', '囉', '營養', '列車', '有', '兩', '條', '路線', '追分', '成功', '帶', '你', '吃', '鐵路', '三杯雞', '永康', '保安', '帶', '你', '吃', '鐵路', '烤里肌', '要', '選', '哪', '一', '條', '路線', '呢', '火車', '快', '飛', '丟丟銅仔', '菜色', '介紹', '餐', '鐵路', '三杯雞餐', '鐵路', '烤里肌', '主食', '白米飯', '配', '菜', '梅乾筍絲', '高麗菜', '拌', '紅蘿蔔', '青江菜', '炒', '金針菇', '油豆腐', '附餐', '雙色', '蘿蔔', '湯年末', '特別', '活動', '前', '名', '旅客', '可以', '加購', '一', '顆', '茶香', '滷蛋', '增加', '營養', '滿分', '的', '完全', '蛋白質', '加購', '價元', '限量', '五十', '份', '快快', '訂購', '預售', '資訊', '價格', '銅板', '價元', '預購', '時間', '地點', '一四', '臺', '師大', '校本部', '勤樸', '中庭', '取餐', '時間', '地點', '四', '臺', '師大', '校本部', '勤樸', '中庭', '公館', '校區', '小七', '前', '注意', '事項', '便當', '限量', '販售', '售完', '為止', '為', '響應', '環保', '不', '提供', '餐具', '與', '吸管', '請', '準時', '取餐', '享用', '最佳', '風味', '若', '逾時', '未', '領取', '則', '視為', '放棄', '便當', '不', '另', '補償', '圖片', '僅', '供', '參考', '便當', '仍', '依', '實物', '為準', '於', '一', '上午', '十點', '也', '就是', '明天', '會', '發文', '附上', '線上', '預購', '表單', '的', '連結', '大家', '盡', '請', '鎖定', '數量', '有限', '要', '搶', '要', '快', '喔', '錯過', '這', '週', '的', '營養', '便當', '要', '再', '等一年', '才', '吃得到', '呢', '請', '大家', '把握', '最後', '一', '週', '的', '便當', '未來', '也', '請', '持續', '支持', '營養', '便當']","['報告', '第八', '週', '營養', '便當', '開工', '週', '餐', '卡特', '設計為', '車票', '形式', '供', '長期', '支持', '營養', '便當', '顧客', '留存', '紀念', '終點', '站到', '終點', '站到', '穿過', '高山', '渡過', '小溪', '知', '跑', '幾百', '月', '最後', '週', '營養', '便當', '終於', '囉', '營養', '列車', '兩', '條', '路線', '追分', '成功', '吃', '鐵路', '三杯雞', '永康', '保安', '吃', '鐵路', '烤里肌', '選', '條', '路線', '火車', '飛', '丟丟銅仔', '菜色', '介紹', '餐', '鐵路', '三杯雞餐', '鐵路', '烤里肌', '主食', '白米飯', '配', '菜', '梅乾筍絲', '高麗菜', '拌', '紅蘿蔔', '青江菜', '炒', '金針菇', '油豆腐', '附餐', '雙色', '蘿蔔', '湯年末', '特別', '活動', '前', '名', '旅客', '加購', '顆', '茶香', '滷蛋', '增加', '營養', '滿分', '完全', '蛋白質', '加購', '價元', '限量', '五十', '份', '快快', '訂購', '預售', '資訊', '價格', '銅板', '價元', '預購', '時間', '地點', '一四', '臺', '師大', '校本部', '勤樸', '中庭', '取餐', '時間', '地點', '臺', '師大', '校本部', '勤樸', '中庭', '公館', '校區', '小七', '前', '注意', '事項', '便當', '限量', '販售', '售完', '為止', '響應', '環保', '提供', '餐具', '吸管', '請', '準時', '取餐', '享用', '最佳', '風味', '逾時', '未', '領取', '視為', '放棄', '便當', '補償', '圖片', '供', '參考', '便當', '實物', '為準', '上午', '十點', '明天', '發文', '附上', '線上', '預購', '表單', '連結', '請', '鎖定', '數量', '有限', '搶', '錯過', '週', '營養', '便當', '再', '等一年', '吃得到', '請', '把握', '最後', '週', '便當', '未來', '請', '持續', '支持', '營養', '便當']","['便當', '營養', '週']",positive
58,235055458,"[填問卷！抽禮卷和餐點🥳]
大家好，我們是修習行銷資料科學的學生，因課堂報告需要，希望可以調查「不論是否曾經於台科一餐莎拉漫卡消費過的您」，我們所收集到的資料僅用於本課程研究上，請放心填答！非常感謝您撥空完成問卷🙏

抽獎內容：
金玉堂禮卷200元*2
莎拉漫卡緋紅皇后果昔(原價99)*2
莎拉漫卡均衡主餐(原價109)*3

抽獎方式：
按讚莎拉漫卡粉絲專頁 https://www.facebook.com/%E8%8E%8E%E6%8B%89%E6%BC%AB%E5%8D%A1Salamanca%E5%81%A5%E5%BA%B7%E7%87%9F%E9%A4%8A%E9%A4%90-108570377541683/
並且在問卷中填下你的email！

✅記得要在問卷中留下你的email來完成抽獎喔
公布中獎名單後，我們透過email來通知中獎者唷～感謝你的協助！
<<<問卷截止時間為1/3(日) 22:00>>>

問卷連結：
https://docs.google.com/forms/d/e/1FAIpQLSeA87v8vCmBlUQN6cMdxwq9I7yn3HChHNE288Gs119omgjsxQ/viewform?usp=sf_link",填問卷抽「金玉堂禮券」、「莎拉漫卡健康餐」🥳,2020-12-26T12:59:54.236Z,2020-12-26T13:05:21.415Z,0,1,F,ntnu,https://www.dcard.tw/f/ntnu/p/235055458,dcard,post,填問卷抽禮卷和餐點大家好我們是修習行銷資料科學的學生因課堂報告需要希望可以調查不論是否曾經於台科一餐莎拉漫卡消費過的您我們所收集到的資料僅用於本課程研究上請放心填答非常感謝您撥空完成問卷抽獎內容金玉堂禮卷元莎拉漫卡緋紅皇后果昔原價莎拉漫卡均衡主餐原價抽獎方式按讚莎拉漫卡粉絲專頁並且在問卷中填下你的記得要在問卷中留下你的來完成抽獎喔公布中獎名單後我們透過來通知中獎者唷感謝你的協助問卷截止時間為日問卷連結,"['填', '問卷', '抽', '禮卷', '和', '餐點', '大家', '好', '我們', '是', '修習', '行銷', '資料', '科學', '的', '學生', '因', '課堂', '報告', '需要', '希望', '可以', '調查', '不論', '是否', '曾經', '於', '台科', '一', '餐', '莎拉漫卡', '消費', '過', '的', '您', '我們', '所', '收集到', '的', '資料', '僅', '用於', '本', '課程', '研究', '上', '請', '放心', '填答', '非常', '感謝', '您', '撥空', '完成', '問卷', '抽獎', '內容', '金玉', '堂', '禮卷', '元', '莎拉漫卡', '緋紅', '皇后', '果昔', '原價', '莎拉漫卡', '均衡', '主餐', '原價', '抽獎', '方式', '按讚', '莎拉漫卡', '粉絲', '專頁', '並且', '在', '問卷', '中', '填下', '你', '的', '記得', '要', '在', '問卷', '中', '留下', '你', '的', '來', '完成', '抽獎', '喔', '公布', '中獎', '名單', '後', '我們', '透過', '來', '通知', '中獎', '者', '唷', '感謝', '你', '的', '協助', '問卷', '截止', '時間', '為', '日', '問卷', '連結']","['填', '問卷', '抽', '禮卷', '餐點', '好', '修習', '行銷', '資料', '科學', '學生', '課堂', '報告', '需要', '希望', '調查', '是否', '曾經', '台科', '餐', '莎拉漫卡', '消費', '收集到', '資料', '用於', '課程', '研究', '請', '放心', '填答', '感謝', '撥空', '完成', '問卷', '抽獎', '內容', '金玉', '堂', '禮卷', '元', '莎拉漫卡', '緋紅', '皇后', '果昔', '原價', '莎拉漫卡', '均衡', '主餐', '原價', '抽獎', '方式', '按讚', '莎拉漫卡', '粉絲', '專頁', '問卷', '中', '填下', '記得', '問卷', '中', '留下', '完成', '抽獎', '公布', '中獎', '名單', '後', '透過', '通知', '中獎', '唷', '感謝', '協助', '問卷', '截止', '時間', '日', '問卷', '連結']",[],positive
59,235051044,"2020只剩幾天就要結束了
即將迎接的是期末的到來
師大的各位應該壓力都很大吧
想開一個空間讓大家自由留言
對某人的告白 對課業的宣洩等都行唷！",心情留言版,2020-12-25T15:45:15.775Z,2020-12-25T15:45:15.775Z,34,31,F,ntnu,https://www.dcard.tw/f/ntnu/p/235051044,dcard,post,只剩幾天就要結束了即將迎接的是期末的到來師大的各位應該壓力都很大吧想開一個空間讓大家自由留言對某人的告白對課業的宣洩等都行唷,"['只', '剩', '幾', '天', '就', '要', '結束', '了', '即將', '迎接', '的', '是', '期末', '的', '到來', '師大', '的', '各位', '應該', '壓力', '都', '很', '大', '吧', '想開', '一', '個', '空間', '讓', '大家', '自由', '留言', '對', '某人', '的', '告白', '對', '課業', '的', '宣洩', '等', '都', '行', '唷']","['只', '剩', '天', '結束', '迎接', '期末', '到來', '師大', '應該', '壓力', '想開', '空間', '自由', '留言', '某人', '告白', '課業', '宣洩', '行', '唷']",[],negative
60,235050620,"在101附近撿到學生證 現在已經送到101站的服務台了哦！請認識他的人幫忙轉達！
https://i.imgur.com/utdSMfx.jpg",學生證遺失,2020-12-25T14:39:30.598Z,2020-12-25T14:39:30.598Z,3,3,M,ntnu,https://www.dcard.tw/f/ntnu/p/235050620,dcard,post,在附近撿到學生證現在已經送到站的服務台了哦請認識他的人幫忙轉達,"['在', '附近', '撿到', '學生證', '現在', '已經', '送', '到站', '的', '服務台', '了', '哦', '請', '認識', '他', '的', '人', '幫忙', '轉達']","['附近', '撿到', '學生證', '現在', '已經', '送', '到站', '服務台', '請', '認識', '人', '幫忙', '轉達']",[],neutral
