0,235113250,"#æ‰‹æ©ŸæŽ’ç‰ˆè«‹è¦‹è«’ #å› æœ‰äººåæ‡‰é‡‘é¡ç©ºé–“å¤ªå¤§å»ºè­°ç¸®å°é‡‘é¡ç¯„åœæ‰€ä»¥æ›´æ”¹ç‚º750$-800$
â€”â€”â€”â€”â€”â€”â€”â€”â€”â€”â€”â€”â€”â€”â€”â€”â€”â€”â€”â€”â€”
æ­å–œæ­å–œæ­å–œä½ å‘€ðŸŽ‰æ­å–œèŠ±è²¡å•¦å¤§å®¶ðŸ§§
æˆ‘æƒ³è¾¦ä¸€å€‹æ–°å¹´çš„äº¤æ›ç¦®ç‰©ðŸŽç¾åœ¨æ™®éæ‡‰è©²éŽå¹´éƒ½è·Ÿæˆ‘ä¸€æ¨£æ‹¿ä¸åˆ°ç´…åŒ…å§æœ€å¤šå¯èƒ½é˜¿å…¬é˜¿å¬¤çˆ¸çˆ¸åª½åª½çµ¦å€‹æ„æ€æ„æ€(Â´â–½ï½€)å¯æ˜¯é‚„è¦åŒ…å‡ºåŽ»å‘¢Â´Ð´` é‚£æ‹¿ä¸åˆ°æˆ‘å€‘å°±ä¾†äº¤æ›æ–°å¹´ç¦®ç‰©å§ï¼ä»¥ä¸‹è¦å‰‡å¾ˆå¤šï¼Œä½†æ²’è¾¦æ³•å‰é™£å­è¾¦è–èª•äº¤æ›ç¦®ç‰©ï¼Œæœ‰äººå¯„ä¸è¦çš„æ±è¥¿ä¸ç„¶å°±æ˜¯ä¸å¯„ðŸ”¥å®³æˆ‘å¤§è™§ã€‚

âš ï¸æ»¿20äºº+1å°±é–‹è¡¨å–®
âš ï¸é è¨ˆæœ€å¤šæœ€å¤šåªèƒ½æ”¶50äºº
âš ï¸äº¤æ›æ–¹å¼å°±æ˜¯A->B->C->Dä»¥æ­¤é¡žæŽ¨
âš ï¸åƒ¹æ ¼åœ¨750$-800$(å¼·åˆ¶çœ‹ç™¼ç¥¨ï¼å¼·åˆ¶çœ‹ç™¼ç¥¨ï¼)ç¦®ç‰©é€£åŒç™¼ç¥¨è¦æ‹çµ¦ä¸»æªçœ‹ï¼
âš ï¸ä¸€å®šè¦æœ‰å¡ç‰‡ï¼Œå­—æ•¸ä¸é™ï¼å“ªæ€•æ­å–œç™¼è²¡å››å€‹å­—ä¹Ÿå¯ä»¥ã€‚
âš ï¸æœŸé™å…§å¯„å‡ºï¼Œè«‹æ·±æ€ç†Ÿæ…®è‡ªå·±æœ‰æ²’æœ‰è¾¦æ³•ï¼ä¸è¦å•é¡Œä¸€å¤§å †ï¼å¯„å‡ºè«‹æ‹æ”¶æ“šã€‚
ðŸš«åš´ç¦ðŸš«è´ˆå“ï¼ä¹Ÿä¸è¦çµ¦ä»€éº¼å…¬å¸é‚„ä¿éšªçš„æ±è¥¿ï¼äºŒæ‰‹ç‰©å“æ›´ä¸è¦ï¼å¸Œæœ›åƒåŠ çš„äººçœŸçš„æ˜¯æƒ³çŽ©ä¸”æœ‰å¿ƒæ„çš„ï¼Œä¸¦ä¸æ˜¯ä¾†é€™é‚Šåžƒåœ¾æ›å¥½ç‰©ï¼ŒçœŸçš„è¦å°‡å¿ƒæ¯”å¿ƒã€‚(è‹¥ç”¨è©žæœ‰ä¸ç•¶åœ¨æ­¤çµ¦å¤§å®¶è‡´æ­‰ã€‚å› ç‚ºå‰é™£å­è¾¦è–èª•äº¤æ›ç¦®ï¼Œæœ‰é‡åˆ°çµ¦ä¿éšªå…¬å¸çš„æ—¥æ›†é‚„æœ‰äºŒæ‰‹ç‰©å“ï¼Œç”šè‡³ä¸å¯„å‡ºçš„ã€‚å®³æˆ‘å¤§æ‰‹ç­†è²·äº†å››ä»½ç¦®ç‰©å¯„çµ¦é‡åˆ°é€™äº›å•é¡Œçš„äººï¼Œè€Œé€™äº›å¯æƒ¡çš„äººæ”¶åˆ°äº†å¾ˆå¥½çš„æ±è¥¿ã€‚æˆ‘çœŸçš„å¾ˆç™¾æ€ä¸è§£ã€‚åˆ°åº•ä»€éº¼å¿ƒæ…‹ã€‚)
â€”é è¨ˆâ€”
01/05-01/09 +1æ»¿10ä½(åªæ˜¯é è¨ˆxDæå‰æ»¿10äºº+1æœƒææ—©é–‹æ”¾è¡¨å–®)
01/10-01/15 é–‹æ”¾è¡¨å–®å¡«å¯«ï¼(æå‰å¡«æ»¿è¡¨å–®æœƒæå‰çµ¦äº¤æ›åå–®)
01/16-01/17 å…¬å¸ƒäº¤æ›å°è±¡
01/18-02/02 æº–å‚™ç¦®ç‰©
02/03-02/05 é€™ä¸‰å¤©ç‚ºå¯„å‡ºæ™‚é–“",2021æ˜¥ç¯€äº¤æ›ç¦®ç‰©ðŸŽðŸ§§,2021-01-04T17:38:05.316Z,2021-01-08T08:54:13.466Z,17,8,F,merryxmas,https://www.dcard.tw/f/merryxmas/p/235113250,dcard,post,æ‰‹æ©ŸæŽ’ç‰ˆè«‹è¦‹è«’å› æœ‰äººåæ‡‰é‡‘é¡ç©ºé–“å¤ªå¤§å»ºè­°ç¸®å°é‡‘é¡ç¯„åœæ‰€ä»¥æ›´æ”¹ç‚ºæ­å–œæ­å–œæ­å–œä½ å‘€æ­å–œèŠ±è²¡å•¦å¤§å®¶æˆ‘æƒ³è¾¦ä¸€å€‹æ–°å¹´çš„äº¤æ›ç¦®ç‰©ç¾åœ¨æ™®éæ‡‰è©²éŽå¹´éƒ½è·Ÿæˆ‘ä¸€æ¨£æ‹¿ä¸åˆ°ç´…åŒ…å§æœ€å¤šå¯èƒ½é˜¿å…¬é˜¿å¬¤çˆ¸çˆ¸åª½åª½çµ¦å€‹æ„æ€æ„æ€å¯æ˜¯é‚„è¦åŒ…å‡ºåŽ»å‘¢é‚£æ‹¿ä¸åˆ°æˆ‘å€‘å°±ä¾†äº¤æ›æ–°å¹´ç¦®ç‰©å§ä»¥ä¸‹è¦å‰‡å¾ˆå¤šä½†æ²’è¾¦æ³•å‰é™£å­è¾¦è–èª•äº¤æ›ç¦®ç‰©æœ‰äººå¯„ä¸è¦çš„æ±è¥¿ä¸ç„¶å°±æ˜¯ä¸å¯„å®³æˆ‘å¤§è™§æ»¿äººå°±é–‹è¡¨å–®é è¨ˆæœ€å¤šæœ€å¤šåªèƒ½æ”¶äººäº¤æ›æ–¹å¼å°±æ˜¯ä»¥æ­¤é¡žæŽ¨åƒ¹æ ¼åœ¨å¼·åˆ¶çœ‹ç™¼ç¥¨å¼·åˆ¶çœ‹ç™¼ç¥¨ç¦®ç‰©é€£åŒç™¼ç¥¨è¦æ‹çµ¦ä¸»æªçœ‹ä¸€å®šè¦æœ‰å¡ç‰‡å­—æ•¸ä¸é™å“ªæ€•æ­å–œç™¼è²¡å››å€‹å­—ä¹Ÿå¯ä»¥æœŸé™å…§å¯„å‡ºè«‹æ·±æ€ç†Ÿæ…®è‡ªå·±æœ‰æ²’æœ‰è¾¦æ³•ä¸è¦å•é¡Œä¸€å¤§å †å¯„å‡ºè«‹æ‹æ”¶æ“šåš´ç¦è´ˆå“ä¹Ÿä¸è¦çµ¦ä»€éº¼å…¬å¸é‚„ä¿éšªçš„æ±è¥¿äºŒæ‰‹ç‰©å“æ›´ä¸è¦å¸Œæœ›åƒåŠ çš„äººçœŸçš„æ˜¯æƒ³çŽ©ä¸”æœ‰å¿ƒæ„çš„ä¸¦ä¸æ˜¯ä¾†é€™é‚Šåžƒåœ¾æ›å¥½ç‰©çœŸçš„è¦å°‡å¿ƒæ¯”å¿ƒè‹¥ç”¨è©žæœ‰ä¸ç•¶åœ¨æ­¤çµ¦å¤§å®¶è‡´æ­‰å› ç‚ºå‰é™£å­è¾¦è–èª•äº¤æ›ç¦®æœ‰é‡åˆ°çµ¦ä¿éšªå…¬å¸çš„æ—¥æ›†é‚„æœ‰äºŒæ‰‹ç‰©å“ç”šè‡³ä¸å¯„å‡ºçš„å®³æˆ‘å¤§æ‰‹ç­†è²·äº†å››ä»½ç¦®ç‰©å¯„çµ¦é‡åˆ°é€™äº›å•é¡Œçš„äººè€Œé€™äº›å¯æƒ¡çš„äººæ”¶åˆ°äº†å¾ˆå¥½çš„æ±è¥¿æˆ‘çœŸçš„å¾ˆç™¾æ€ä¸è§£åˆ°åº•ä»€éº¼å¿ƒæ…‹é è¨ˆæ»¿ä½åªæ˜¯é è¨ˆæå‰æ»¿äººæœƒææ—©é–‹æ”¾è¡¨å–®é–‹æ”¾è¡¨å–®å¡«å¯«æå‰å¡«æ»¿è¡¨å–®æœƒæå‰çµ¦äº¤æ›åå–®å…¬å¸ƒäº¤æ›å°è±¡æº–å‚™ç¦®ç‰©é€™ä¸‰å¤©ç‚ºå¯„å‡ºæ™‚é–“,"['æ‰‹æ©Ÿ', 'æŽ’ç‰ˆ', 'è«‹', 'è¦‹è«’', 'å› ', 'æœ‰', 'äºº', 'åæ‡‰', 'é‡‘é¡', 'ç©ºé–“', 'å¤ª', 'å¤§', 'å»ºè­°', 'ç¸®å°', 'é‡‘é¡', 'ç¯„åœ', 'æ‰€ä»¥', 'æ›´æ”¹ç‚º', 'æ­å–œ', 'æ­å–œ', 'æ­å–œ', 'ä½ ', 'å‘€', 'æ­å–œ', 'èŠ±è²¡', 'å•¦', 'å¤§å®¶', 'æˆ‘', 'æƒ³', 'è¾¦', 'ä¸€', 'å€‹', 'æ–°å¹´', 'çš„', 'äº¤æ›', 'ç¦®ç‰©', 'ç¾åœ¨', 'æ™®é', 'æ‡‰è©²', 'éŽå¹´', 'éƒ½', 'è·Ÿ', 'æˆ‘', 'ä¸€æ¨£', 'æ‹¿ä¸åˆ°', 'ç´…åŒ…', 'å§', 'æœ€å¤š', 'å¯èƒ½', 'é˜¿å…¬', 'é˜¿å¬¤', 'çˆ¸çˆ¸', 'åª½åª½', 'çµ¦', 'å€‹', 'æ„æ€', 'æ„æ€', 'å¯æ˜¯', 'é‚„è¦', 'åŒ…', 'å‡ºåŽ»', 'å‘¢', 'é‚£', 'æ‹¿ä¸åˆ°', 'æˆ‘å€‘', 'å°±', 'ä¾†', 'äº¤æ›', 'æ–°å¹´', 'ç¦®ç‰©', 'å§', 'ä»¥ä¸‹', 'è¦å‰‡', 'å¾ˆå¤š', 'ä½†', 'æ²’è¾¦æ³•', 'å‰', 'é™£å­', 'è¾¦', 'è–èª•', 'äº¤æ›', 'ç¦®ç‰©', 'æœ‰', 'äºº', 'å¯„', 'ä¸è¦', 'çš„', 'æ±è¥¿', 'ä¸ç„¶', 'å°±æ˜¯', 'ä¸', 'å¯„', 'å®³', 'æˆ‘', 'å¤§', 'è™§', 'æ»¿äºº', 'å°±', 'é–‹', 'è¡¨å–®', 'é è¨ˆ', 'æœ€å¤š', 'æœ€å¤š', 'åª', 'èƒ½', 'æ”¶', 'äºº', 'äº¤æ›', 'æ–¹å¼', 'å°±æ˜¯', 'ä»¥', 'æ­¤', 'é¡žæŽ¨', 'åƒ¹æ ¼', 'åœ¨', 'å¼·åˆ¶', 'çœ‹', 'ç™¼ç¥¨', 'å¼·åˆ¶', 'çœ‹', 'ç™¼ç¥¨', 'ç¦®ç‰©', 'é€£åŒ', 'ç™¼ç¥¨', 'è¦', 'æ‹', 'çµ¦', 'ä¸»æª', 'çœ‹', 'ä¸€å®š', 'è¦', 'æœ‰', 'å¡ç‰‡', 'å­—æ•¸', 'ä¸', 'é™', 'å“ªæ€•', 'æ­å–œ', 'ç™¼è²¡', 'å››', 'å€‹', 'å­—', 'ä¹Ÿ', 'å¯ä»¥', 'æœŸé™', 'å…§', 'å¯„å‡º', 'è«‹', 'æ·±æ€ç†Ÿæ…®', 'è‡ªå·±', 'æœ‰æ²’æœ‰', 'è¾¦æ³•', 'ä¸è¦', 'å•é¡Œ', 'ä¸€', 'å¤§', 'å †', 'å¯„å‡º', 'è«‹', 'æ‹', 'æ”¶æ“š', 'åš´ç¦', 'è´ˆå“', 'ä¹Ÿ', 'ä¸è¦', 'çµ¦', 'ä»€éº¼', 'å…¬å¸', 'é‚„', 'ä¿éšª', 'çš„', 'æ±è¥¿', 'äºŒæ‰‹', 'ç‰©å“', 'æ›´', 'ä¸è¦', 'å¸Œæœ›', 'åƒåŠ ', 'çš„', 'äºº', 'çœŸçš„', 'æ˜¯', 'æƒ³', 'çŽ©', 'ä¸”', 'æœ‰', 'å¿ƒæ„', 'çš„', 'ä¸¦', 'ä¸', 'æ˜¯', 'ä¾†', 'é€™é‚Š', 'åžƒåœ¾', 'æ›å¥½ç‰©', 'çœŸçš„', 'è¦', 'å°‡', 'å¿ƒ', 'æ¯”', 'å¿ƒ', 'è‹¥', 'ç”¨è©ž', 'æœ‰', 'ä¸ç•¶', 'åœ¨', 'æ­¤', 'çµ¦', 'å¤§å®¶', 'è‡´æ­‰', 'å› ç‚º', 'å‰', 'é™£å­', 'è¾¦', 'è–èª•', 'äº¤æ›', 'ç¦®', 'æœ‰', 'é‡åˆ°', 'çµ¦', 'ä¿éšª', 'å…¬å¸', 'çš„', 'æ—¥æ›†', 'é‚„', 'æœ‰', 'äºŒæ‰‹', 'ç‰©å“', 'ç”šè‡³', 'ä¸', 'å¯„å‡º', 'çš„', 'å®³', 'æˆ‘', 'å¤§æ‰‹ç­†', 'è²·', 'äº†', 'å››', 'ä»½', 'ç¦®ç‰©', 'å¯„çµ¦', 'é‡åˆ°', 'é€™äº›', 'å•é¡Œ', 'çš„', 'äºº', 'è€Œ', 'é€™äº›', 'å¯æƒ¡', 'çš„', 'äºº', 'æ”¶åˆ°', 'äº†', 'å¾ˆ', 'çš„', 'æ±è¥¿', 'æˆ‘', 'çœŸçš„', 'å¾ˆ', 'ç™¾æ€ä¸è§£', 'åˆ°åº•', 'ä»€éº¼', 'å¿ƒæ…‹', 'é è¨ˆ', 'æ»¿', 'ä½', 'åªæ˜¯', 'é è¨ˆ', 'æå‰', 'æ»¿äºº', 'æœƒ', 'ææ—©', 'é–‹æ”¾', 'è¡¨å–®', 'é–‹æ”¾', 'è¡¨å–®', 'å¡«å¯«', 'æå‰', 'å¡«æ»¿', 'è¡¨å–®', 'æœƒ', 'æå‰', 'çµ¦', 'äº¤æ›', 'åå–®', 'å…¬å¸ƒ', 'äº¤æ›', 'å°è±¡', 'æº–å‚™', 'ç¦®ç‰©', 'é€™', 'ä¸‰', 'å¤©', 'ç‚º', 'å¯„å‡º', 'æ™‚é–“']","['æ‰‹æ©Ÿ', 'æŽ’ç‰ˆ', 'è«‹', 'è¦‹è«’', 'äºº', 'åæ‡‰', 'é‡‘é¡', 'ç©ºé–“', 'å¤ª', 'å»ºè­°', 'ç¸®å°', 'é‡‘é¡', 'ç¯„åœ', 'æ›´æ”¹ç‚º', 'æ­å–œ', 'æ­å–œ', 'æ­å–œ', 'æ­å–œ', 'èŠ±è²¡', 'æƒ³', 'è¾¦', 'æ–°å¹´', 'äº¤æ›', 'ç¦®ç‰©', 'ç¾åœ¨', 'æ™®é', 'æ‡‰è©²', 'éŽå¹´', 'æ‹¿ä¸åˆ°', 'ç´…åŒ…', 'æœ€å¤š', 'é˜¿å…¬', 'é˜¿å¬¤', 'çˆ¸çˆ¸', 'åª½åª½', 'æ„æ€', 'æ„æ€', 'é‚„è¦', 'åŒ…', 'æ‹¿ä¸åˆ°', 'äº¤æ›', 'æ–°å¹´', 'ç¦®ç‰©', 'ä»¥ä¸‹', 'è¦å‰‡', 'æ²’è¾¦æ³•', 'å‰', 'é™£å­', 'è¾¦', 'è–èª•', 'äº¤æ›', 'ç¦®ç‰©', 'äºº', 'å¯„', 'æ±è¥¿', 'å¯„', 'å®³', 'è™§', 'æ»¿äºº', 'é–‹', 'è¡¨å–®', 'é è¨ˆ', 'æœ€å¤š', 'æœ€å¤š', 'åª', 'æ”¶', 'äºº', 'äº¤æ›', 'æ–¹å¼', 'é¡žæŽ¨', 'åƒ¹æ ¼', 'å¼·åˆ¶', 'ç™¼ç¥¨', 'å¼·åˆ¶', 'ç™¼ç¥¨', 'ç¦®ç‰©', 'ç™¼ç¥¨', 'æ‹', 'ä¸»æª', 'ä¸€å®š', 'å¡ç‰‡', 'å­—æ•¸', 'é™', 'æ­å–œ', 'ç™¼è²¡', 'å­—', 'æœŸé™', 'å¯„å‡º', 'è«‹', 'æ·±æ€ç†Ÿæ…®', 'æœ‰æ²’æœ‰', 'è¾¦æ³•', 'å•é¡Œ', 'å †', 'å¯„å‡º', 'è«‹', 'æ‹', 'æ”¶æ“š', 'åš´ç¦', 'è´ˆå“', 'å…¬å¸', 'æ±è¥¿', 'äºŒæ‰‹', 'ç‰©å“', 'å¸Œæœ›', 'åƒåŠ ', 'äºº', 'çœŸçš„', 'æƒ³', 'çŽ©', 'å¿ƒæ„', 'åžƒåœ¾', 'æ›å¥½ç‰©', 'çœŸçš„', 'å¿ƒ', 'å¿ƒ', 'ç”¨è©ž', 'ä¸ç•¶', 'è‡´æ­‰', 'å‰', 'é™£å­', 'è¾¦', 'è–èª•', 'äº¤æ›', 'ç¦®', 'é‡åˆ°', 'å…¬å¸', 'æ—¥æ›†', 'äºŒæ‰‹', 'ç‰©å“', 'å¯„å‡º', 'å®³', 'å¤§æ‰‹ç­†', 'è²·', 'ä»½', 'ç¦®ç‰©', 'å¯„çµ¦', 'é‡åˆ°', 'å•é¡Œ', 'äºº', 'å¯æƒ¡', 'äºº', 'æ”¶åˆ°', 'æ±è¥¿', 'çœŸçš„', 'ç™¾æ€ä¸è§£', 'å¿ƒæ…‹', 'é è¨ˆ', 'ä½', 'é è¨ˆ', 'æå‰', 'æ»¿äºº', 'ææ—©', 'é–‹æ”¾', 'è¡¨å–®', 'é–‹æ”¾', 'è¡¨å–®', 'å¡«å¯«', 'æå‰', 'å¡«æ»¿', 'è¡¨å–®', 'æå‰', 'äº¤æ›', 'åå–®', 'å…¬å¸ƒ', 'äº¤æ›', 'å°è±¡', 'æº–å‚™', 'ç¦®ç‰©', 'å¤©', 'å¯„å‡º', 'æ™‚é–“']","['äº¤æ›', 'äºº', 'ç¦®ç‰©']",negative
1,235081249,"æ˜¯ä¸æ˜¯è¦ºå¾—å–®ç´”çš„äº¤æ›ç¦®ç‰©å¾ˆç„¡è¶£ï¼Ÿ
æœ€è¿‘å’Œæœ‹å‹çŽ©äº†ä¸€å€‹å¾ˆæœ‰è¶£çš„äº¤æ›ç¦®ç‰©æ–¹å¼
æˆ‘å€‘ç¨±åšã€ŒæŸ¯å—å¼äº¤æ›ç¦®ç‰©ã€
è©±ä¸å¤šèªªï¼Œè¦å‰‡æ€Žéº¼çŽ©éƒ½åœ¨å½±ç‰‡ä¸­
æ³¨æ„äº‹é …ï¼šä¸è¦èµ°å¿ƒ
å¥½å¥½çš„äº«å—å’Œæœ‹å‹æ´»å‹•çš„æ™‚å…‰å§ï¼
https://youtu.be/RMOx4bw93HU",å¾ˆé…·çš„äº¤æ›ç¦®ç‰©éŠæˆ²,2020-12-30T11:50:25.941Z,2020-12-30T11:50:25.941Z,0,6,M,merryxmas,https://www.dcard.tw/f/merryxmas/p/235081249,dcard,post,æ˜¯ä¸æ˜¯è¦ºå¾—å–®ç´”çš„äº¤æ›ç¦®ç‰©å¾ˆç„¡è¶£æœ€è¿‘å’Œæœ‹å‹çŽ©äº†ä¸€å€‹å¾ˆæœ‰è¶£çš„äº¤æ›ç¦®ç‰©æ–¹å¼æˆ‘å€‘ç¨±åšæŸ¯å—å¼äº¤æ›ç¦®ç‰©è©±ä¸å¤šèªªè¦å‰‡æ€Žéº¼çŽ©éƒ½åœ¨å½±ç‰‡ä¸­æ³¨æ„äº‹é …ä¸è¦èµ°å¿ƒå¥½å¥½çš„äº«å—å’Œæœ‹å‹æ´»å‹•çš„æ™‚å…‰å§,"['æ˜¯', 'ä¸', 'æ˜¯', 'è¦ºå¾—', 'å–®ç´”', 'çš„', 'äº¤æ›', 'ç¦®ç‰©', 'å¾ˆ', 'ç„¡è¶£', 'æœ€è¿‘', 'å’Œ', 'æœ‹å‹', 'çŽ©', 'äº†', 'ä¸€', 'å€‹', 'å¾ˆ', 'æœ‰è¶£', 'çš„', 'äº¤æ›', 'ç¦®ç‰©', 'æ–¹å¼', 'æˆ‘å€‘', 'ç¨±åš', 'æŸ¯å—å¼', 'äº¤æ›', 'ç¦®ç‰©', 'è©±', 'ä¸', 'å¤š', 'èªª', 'è¦å‰‡', 'æ€Žéº¼', 'çŽ©', 'éƒ½', 'åœ¨', 'å½±ç‰‡', 'ä¸­', 'æ³¨æ„', 'äº‹é …', 'ä¸è¦', 'èµ°å¿ƒ', 'å¥½å¥½', 'çš„', 'äº«å—', 'å’Œ', 'æœ‹å‹', 'æ´»å‹•', 'çš„', 'æ™‚å…‰', 'å§']","['è¦ºå¾—', 'äº¤æ›', 'ç¦®ç‰©', 'ç„¡è¶£', 'æœ€è¿‘', 'æœ‹å‹', 'çŽ©', 'æœ‰è¶£', 'äº¤æ›', 'ç¦®ç‰©', 'æ–¹å¼', 'ç¨±åš', 'æŸ¯å—å¼', 'äº¤æ›', 'ç¦®ç‰©', 'è©±', 'èªª', 'è¦å‰‡', 'çŽ©', 'å½±ç‰‡', 'ä¸­', 'æ³¨æ„', 'äº‹é …', 'èµ°å¿ƒ', 'å¥½å¥½', 'äº«å—', 'æœ‹å‹', 'æ´»å‹•', 'æ™‚å…‰']",[],positive
2,235061742,"äº¤æ›ç¦®ç‰©500å¡Š
ç¬¬ä¸€å­—é–‹é ­è¦æœ‰ã„ˆ æ±‚å¹«å¿™ï¼ï¼",ã„ˆé–‹é ­ç¦®ç‰© 500å¡Š,2020-12-27T14:01:02.238Z,2020-12-27T14:01:02.238Z,13,2,F,merryxmas,https://www.dcard.tw/f/merryxmas/p/235061742,dcard,post,äº¤æ›ç¦®ç‰©å¡Šç¬¬ä¸€å­—é–‹é ­è¦æœ‰æ±‚å¹«å¿™,"['äº¤æ›', 'ç¦®ç‰©', 'å¡Šç¬¬', 'ä¸€å­—', 'é–‹é ­', 'è¦', 'æœ‰', 'æ±‚', 'å¹«å¿™']","['äº¤æ›', 'ç¦®ç‰©', 'å¡Šç¬¬', 'ä¸€å­—', 'é–‹é ­', 'æ±‚', 'å¹«å¿™']",[],neutral
3,235061486,"å¾žå°åˆ°å¤§æœ€å–œæ­¡çš„ç¯€æ—¥å°±æ˜¯è–èª•ç¯€ï¼Œå¯èƒ½è·Ÿè®€äº†å…­å¹´çš„å¤©ä¸»æ•™å­¸æ ¡æœ‰é—œï¼Œæ¯å¹´åˆ°é€™å€‹æ™‚å€™å„€å¼æ„ŸçœŸçš„å¾ˆé‡ï¼

ç”šè‡³è–èª•ç¯€å‰ä¸€å€‹ç¦®æ‹œï¼Œå…¨ç­åŒå­¸å°±æœƒç†¬å¤œï¼Œä½†ä¸æ˜¯è®€æ›¸ï¼Œæ˜¯è¶•å¡ç‰‡å“ˆå“ˆ
å¯æ˜¯åˆ°å¤§å­¸å°±æ¯”è¼ƒæ²’æœ‰å¤§å®¶ä¸€èµ·åœ¨éŽç¯€çš„æ„Ÿè¦ºäº†QQï¼Œé‚„å¥½æˆ‘åœ¨å¯¦ç¿’çš„åœ°æ–¹æœ‰è¾¦è–èª•è¶´ï¼ŒçœŸçš„æ»¿è¶³äº†æˆ‘å°æ–¼è–èª•ç¯€å„€å¼æ„Ÿçš„å …æŒðŸ˜­

æˆ‘å€‘è¦å®šè¦æ‹¿å®¶è£¡å…¶å¯¦ç”¨ä¸åˆ°çš„æ±è¥¿ï¼Œæˆ‘å°±çœŸçš„å¾žå®¶è£¡æ·±è™•ç¿»åˆ°ä¸€å°é™æŽ§æ±½è»Šå‡ºä¾†äº¤æ›ï¼Œçµæžœä¸€å¤§å †äººéƒ½ä¸æŒ‰è¦çŸ©é€è¶…å¥½å®³æˆ‘æ•´å€‹å°æ„§ç–šï½ž

ä¾†èªªä¸€ä¸‹æˆ‘æ›åˆ°çš„æ˜¯ä¸€å€‹ç²¾ç·»çš„ç²‰è‰²æŽ›ç¹©æ‰‹æ©Ÿæ®¼ï¼

https://i.imgur.com/u7ZWHOJ.jpg

ä¸€é–‹å§‹æ‹¿åˆ°æ™‚è¶…ç´šé©šå–œçš„ï¼å› ç‚ºæ‰‹æ©Ÿæ®¼æ‘¸èµ·ä¾†çš„æ‰‹æ„Ÿå¾ˆå¥½ï¼Œåˆæœ‰é˜²æ‘”ï¼Œè€Œä¸”å‰›å¥½æ˜¯æˆ‘æœ€æ„›çš„ç²‰ç´…è‰²å“ˆå“ˆï¼

å¦ä¸€å€‹æ‹¿iPhone 12çš„æœ‹å‹çœ‹åˆ°è¦ºå¾—å¥½ç¾¨æ…•ï½žå› ç‚ºå¥¹çœŸçš„å¾ˆå¸¸æ‰¾æ‰‹æ©Ÿæ‰¾åŠå¤©ï¼Œæœ‰æŽ›ç¹©çš„è©±æ„Ÿè¦ºä¸ç®¡åšä»€éº¼äº‹æ‰‹æ©Ÿéƒ½é‚„æ˜¯å¯ä»¥å¥½å¥½çš„åœ¨èº«ä¸Š( Â´â–½ï½€)

è€Œä¸”ç¹©å­é‚„èƒ½èª¿æ•´é•·åº¦ï¼Œä¸åªæŽ›åœ¨è„–å­ä¸Šï¼Œä¹Ÿå¯ä»¥æ–œèƒŒè¶…æ–¹ä¾¿çš„ï¼

https://i.imgur.com/d48xqqx.jpg
https://i.imgur.com/g4PFwv4.jpg

ç¸½ä¹‹ï½žä»Šå¹´è–èª•ç¯€è¦ºå¾—å¾ˆé–‹å¿ƒï¼
ä¸çŸ¥é“å¤§å®¶éƒ½æ”¶åˆ°ä»€éº¼æ¨£çš„ç¦®ç‰©å‘¢~

https://i.imgur.com/L50lWJ4.jpg",#åˆ†äº« è–èª•ç¦®ç‰©æŽ›ç¹©æ‰‹æ©Ÿæ®¼,2020-12-27T13:22:19.737Z,2020-12-27T13:27:34.508Z,4,4,F,merryxmas,https://www.dcard.tw/f/merryxmas/p/235061486,dcard,post,å¾žå°åˆ°å¤§æœ€å–œæ­¡çš„ç¯€æ—¥å°±æ˜¯è–èª•ç¯€å¯èƒ½è·Ÿè®€äº†å…­å¹´çš„å¤©ä¸»æ•™å­¸æ ¡æœ‰é—œæ¯å¹´åˆ°é€™å€‹æ™‚å€™å„€å¼æ„ŸçœŸçš„å¾ˆé‡ç”šè‡³è–èª•ç¯€å‰ä¸€å€‹ç¦®æ‹œå…¨ç­åŒå­¸å°±æœƒç†¬å¤œä½†ä¸æ˜¯è®€æ›¸æ˜¯è¶•å¡ç‰‡å“ˆå“ˆå¯æ˜¯åˆ°å¤§å­¸å°±æ¯”è¼ƒæ²’æœ‰å¤§å®¶ä¸€èµ·åœ¨éŽç¯€çš„æ„Ÿè¦ºäº†é‚„å¥½æˆ‘åœ¨å¯¦ç¿’çš„åœ°æ–¹æœ‰è¾¦è–èª•è¶´çœŸçš„æ»¿è¶³äº†æˆ‘å°æ–¼è–èª•ç¯€å„€å¼æ„Ÿçš„å …æŒæˆ‘å€‘è¦å®šè¦æ‹¿å®¶è£¡å…¶å¯¦ç”¨ä¸åˆ°çš„æ±è¥¿æˆ‘å°±çœŸçš„å¾žå®¶è£¡æ·±è™•ç¿»åˆ°ä¸€å°é™æŽ§æ±½è»Šå‡ºä¾†äº¤æ›çµæžœä¸€å¤§å †äººéƒ½ä¸æŒ‰è¦çŸ©é€è¶…å¥½å®³æˆ‘æ•´å€‹å°æ„§ç–šä¾†èªªä¸€ä¸‹æˆ‘æ›åˆ°çš„æ˜¯ä¸€å€‹ç²¾ç·»çš„ç²‰è‰²æŽ›ç¹©æ‰‹æ©Ÿæ®¼ä¸€é–‹å§‹æ‹¿åˆ°æ™‚è¶…ç´šé©šå–œçš„å› ç‚ºæ‰‹æ©Ÿæ®¼æ‘¸èµ·ä¾†çš„æ‰‹æ„Ÿå¾ˆå¥½åˆæœ‰é˜²æ‘”è€Œä¸”å‰›å¥½æ˜¯æˆ‘æœ€æ„›çš„ç²‰ç´…è‰²å“ˆå“ˆå¦ä¸€å€‹æ‹¿çš„æœ‹å‹çœ‹åˆ°è¦ºå¾—å¥½ç¾¨æ…•å› ç‚ºå¥¹çœŸçš„å¾ˆå¸¸æ‰¾æ‰‹æ©Ÿæ‰¾åŠå¤©æœ‰æŽ›ç¹©çš„è©±æ„Ÿè¦ºä¸ç®¡åšä»€éº¼äº‹æ‰‹æ©Ÿéƒ½é‚„æ˜¯å¯ä»¥å¥½å¥½çš„åœ¨èº«ä¸Šè€Œä¸”ç¹©å­é‚„èƒ½èª¿æ•´é•·åº¦ä¸åªæŽ›åœ¨è„–å­ä¸Šä¹Ÿå¯ä»¥æ–œèƒŒè¶…æ–¹ä¾¿çš„ç¸½ä¹‹ä»Šå¹´è–èª•ç¯€è¦ºå¾—å¾ˆé–‹å¿ƒä¸çŸ¥é“å¤§å®¶éƒ½æ”¶åˆ°ä»€éº¼æ¨£çš„ç¦®ç‰©å‘¢,"['å¾žå°åˆ°å¤§', 'æœ€', 'å–œæ­¡', 'çš„', 'ç¯€æ—¥', 'å°±æ˜¯', 'è–èª•ç¯€', 'å¯èƒ½', 'è·Ÿ', 'è®€', 'äº†', 'å…­å¹´', 'çš„', 'å¤©ä¸»æ•™', 'å­¸æ ¡', 'æœ‰é—œ', 'æ¯', 'å¹´', 'åˆ°', 'é€™', 'å€‹', 'æ™‚å€™', 'å„€å¼æ„Ÿ', 'çœŸçš„', 'å¾ˆ', 'é‡', 'ç”šè‡³', 'è–èª•ç¯€', 'å‰', 'ä¸€', 'å€‹', 'ç¦®æ‹œ', 'å…¨', 'ç­', 'åŒå­¸', 'å°±', 'æœƒ', 'ç†¬å¤œ', 'ä½†', 'ä¸', 'æ˜¯', 'è®€æ›¸', 'æ˜¯', 'è¶•', 'å¡ç‰‡', 'å“ˆå“ˆ', 'å¯æ˜¯', 'åˆ°', 'å¤§å­¸', 'å°±', 'æ¯”è¼ƒ', 'æ²’æœ‰', 'å¤§å®¶', 'ä¸€èµ·', 'åœ¨', 'éŽç¯€', 'çš„', 'æ„Ÿè¦º', 'äº†', 'é‚„å¥½', 'æˆ‘', 'åœ¨', 'å¯¦ç¿’', 'çš„', 'åœ°æ–¹', 'æœ‰', 'è¾¦', 'è–èª•', 'è¶´', 'çœŸçš„', 'æ»¿è¶³', 'äº†', 'æˆ‘', 'å°æ–¼', 'è–èª•ç¯€', 'å„€å¼æ„Ÿ', 'çš„', 'å …æŒ', 'æˆ‘å€‘', 'è¦å®š', 'è¦', 'æ‹¿', 'å®¶', 'è£¡', 'å…¶å¯¦', 'ç”¨ä¸åˆ°', 'çš„', 'æ±è¥¿', 'æˆ‘', 'å°±', 'çœŸçš„', 'å¾ž', 'å®¶', 'è£¡', 'æ·±è™•', 'ç¿»åˆ°', 'ä¸€', 'å°', 'é™æŽ§', 'æ±½è»Š', 'å‡ºä¾†', 'äº¤æ›', 'çµæžœ', 'ä¸€', 'å¤§', 'å †', 'äºº', 'éƒ½', 'ä¸', 'æŒ‰', 'è¦çŸ©', 'é€', 'è¶…', 'å¥½', 'å®³', 'æˆ‘', 'æ•´å€‹', 'å°', 'æ„§ç–š', 'ä¾†', 'èªª', 'ä¸€ä¸‹', 'æˆ‘', 'æ›åˆ°', 'çš„', 'æ˜¯', 'ä¸€', 'å€‹', 'ç²¾ç·»', 'çš„', 'ç²‰è‰²', 'æŽ›ç¹©', 'æ‰‹', 'æ©Ÿæ®¼', 'ä¸€', 'é–‹å§‹', 'æ‹¿åˆ°', 'æ™‚', 'è¶…ç´š', 'é©šå–œ', 'çš„', 'å› ç‚º', 'æ‰‹', 'æ©Ÿæ®¼', 'æ‘¸èµ·ä¾†', 'çš„', 'æ‰‹', 'æ„Ÿ', 'å¾ˆ', 'å¥½', 'åˆ', 'æœ‰', 'é˜²æ‘”', 'è€Œä¸”', 'å‰›å¥½', 'æ˜¯', 'æˆ‘', 'æœ€æ„›', 'çš„', 'ç²‰ç´…è‰²', 'å“ˆå“ˆ', 'å¦', 'ä¸€', 'å€‹', 'æ‹¿', 'çš„', 'æœ‹å‹', 'çœ‹åˆ°', 'è¦ºå¾—', 'å¥½', 'ç¾¨æ…•', 'å› ç‚º', 'å¥¹', 'çœŸçš„', 'å¾ˆ', 'å¸¸', 'æ‰¾', 'æ‰‹æ©Ÿ', 'æ‰¾', 'åŠ', 'å¤©', 'æœ‰', 'æŽ›ç¹©', 'çš„', 'è©±', 'æ„Ÿè¦º', 'ä¸ç®¡', 'åš', 'ä»€éº¼', 'äº‹', 'æ‰‹æ©Ÿ', 'éƒ½', 'é‚„æ˜¯', 'å¯ä»¥', 'å¥½å¥½', 'çš„', 'åœ¨', 'èº«', 'ä¸Š', 'è€Œä¸”', 'ç¹©å­', 'é‚„', 'èƒ½', 'èª¿æ•´', 'é•·åº¦', 'ä¸åª', 'æŽ›', 'åœ¨', 'è„–å­', 'ä¸Š', 'ä¹Ÿ', 'å¯ä»¥', 'æ–œèƒŒ', 'è¶…', 'æ–¹ä¾¿', 'çš„', 'ç¸½ä¹‹', 'ä»Šå¹´', 'è–èª•ç¯€', 'è¦ºå¾—', 'å¾ˆ', 'é–‹å¿ƒ', 'ä¸', 'çŸ¥é“', 'å¤§å®¶', 'éƒ½', 'æ”¶åˆ°', 'ä»€éº¼', 'æ¨£', 'çš„', 'ç¦®ç‰©', 'å‘¢']","['å¾žå°åˆ°å¤§', 'æœ€', 'å–œæ­¡', 'ç¯€æ—¥', 'è–èª•ç¯€', 'è®€', 'å…­å¹´', 'å¤©ä¸»æ•™', 'å­¸æ ¡', 'å¹´', 'å„€å¼æ„Ÿ', 'çœŸçš„', 'é‡', 'è–èª•ç¯€', 'å‰', 'ç¦®æ‹œ', 'å…¨', 'ç­', 'åŒå­¸', 'ç†¬å¤œ', 'è®€æ›¸', 'å¡ç‰‡', 'å¤§å­¸', 'æ¯”è¼ƒ', 'ä¸€èµ·', 'éŽç¯€', 'æ„Ÿè¦º', 'é‚„å¥½', 'å¯¦ç¿’', 'åœ°æ–¹', 'è¾¦', 'è–èª•', 'è¶´', 'çœŸçš„', 'æ»¿è¶³', 'è–èª•ç¯€', 'å„€å¼æ„Ÿ', 'å …æŒ', 'è¦å®š', 'å®¶', 'è£¡', 'ç”¨ä¸åˆ°', 'æ±è¥¿', 'çœŸçš„', 'å®¶', 'è£¡', 'æ·±è™•', 'ç¿»åˆ°', 'å°', 'é™æŽ§', 'æ±½è»Š', 'äº¤æ›', 'å †', 'äºº', 'è¦çŸ©', 'é€', 'è¶…', 'å¥½', 'å®³', 'æ•´å€‹', 'å°', 'æ„§ç–š', 'èªª', 'ä¸€ä¸‹', 'æ›åˆ°', 'ç²¾ç·»', 'ç²‰è‰²', 'æŽ›ç¹©', 'æ‰‹', 'æ©Ÿæ®¼', 'æ‹¿åˆ°', 'æ™‚', 'è¶…ç´š', 'é©šå–œ', 'æ‰‹', 'æ©Ÿæ®¼', 'æ‘¸èµ·ä¾†', 'æ‰‹', 'æ„Ÿ', 'å¥½', 'é˜²æ‘”', 'æœ€æ„›', 'ç²‰ç´…è‰²', 'æœ‹å‹', 'çœ‹åˆ°', 'è¦ºå¾—', 'å¥½', 'ç¾¨æ…•', 'çœŸçš„', 'æ‰¾', 'æ‰‹æ©Ÿ', 'æ‰¾', 'å¤©', 'æŽ›ç¹©', 'è©±', 'æ„Ÿè¦º', 'åš', 'äº‹', 'æ‰‹æ©Ÿ', 'å¥½å¥½', 'èº«', 'ç¹©å­', 'èª¿æ•´', 'é•·åº¦', 'æŽ›', 'è„–å­', 'æ–œèƒŒ', 'è¶…', 'æ–¹ä¾¿', 'ä»Šå¹´', 'è–èª•ç¯€', 'è¦ºå¾—', 'é–‹å¿ƒ', 'çŸ¥é“', 'æ”¶åˆ°', 'æ¨£', 'ç¦®ç‰©']","['è–èª•ç¯€', 'çœŸçš„', 'å¥½']",positive
4,235058112,"ä¾†å»ºè­°æœ‰ä»€éº¼1000ä¸Šä¸‹çš„ç¦®ç‰©å¯ä»¥è²·
æƒ¡æžæˆ–å¯¦ç”¨çš„ éƒ½è¡Œ

é †ä¾¿åˆ†äº«ä½ å€‘äº¤æ›åˆ°ä»€éº¼ç¦®ç‰©äº†å‘€ï½ž",æœ‰ä»€éº¼åƒ¹éŒ¢1000å¡Šä¸Šä¸‹çš„äº¤æ›ç¦®ç‰©,2020-12-27T00:20:33.048Z,2020-12-27T00:20:33.048Z,8,3,M,merryxmas,https://www.dcard.tw/f/merryxmas/p/235058112,dcard,post,ä¾†å»ºè­°æœ‰ä»€éº¼ä¸Šä¸‹çš„ç¦®ç‰©å¯ä»¥è²·æƒ¡æžæˆ–å¯¦ç”¨çš„éƒ½è¡Œé †ä¾¿åˆ†äº«ä½ å€‘äº¤æ›åˆ°ä»€éº¼ç¦®ç‰©äº†å‘€,"['ä¾†', 'å»ºè­°', 'æœ‰', 'ä»€éº¼', 'ä¸Šä¸‹', 'çš„', 'ç¦®ç‰©', 'å¯ä»¥', 'è²·', 'æƒ¡æž', 'æˆ–', 'å¯¦ç”¨', 'çš„', 'éƒ½', 'è¡Œ', 'é †ä¾¿', 'åˆ†äº«', 'ä½ å€‘', 'äº¤æ›', 'åˆ°', 'ä»€éº¼', 'ç¦®ç‰©', 'äº†', 'å‘€']","['å»ºè­°', 'ç¦®ç‰©', 'è²·', 'æƒ¡æž', 'å¯¦ç”¨', 'è¡Œ', 'é †ä¾¿', 'åˆ†äº«', 'äº¤æ›', 'ç¦®ç‰©']",[],negative
5,235056118,"æŠ±æ­‰æœ‰é»žå¤ªæ™šäº†ï¼Œå¯æ˜¯çœ‹åˆ°æœ‰å”®ç¥¨çš„æ–‡ä½†æˆ‘ç„¡æ³•ç•™è¨€ðŸ˜‚
å¸Œæœ›æœ‰èˆžæœƒç¥¨çš„åœ¨åº•ä¸‹ç•™è¨€è¬è¬",æœ‰äººæœ‰èˆžæœƒç¥¨å—Ž,2020-12-26T14:42:52.030Z,2020-12-26T14:42:52.030Z,0,1,F,merryxmas,https://www.dcard.tw/f/merryxmas/p/235056118,dcard,post,æŠ±æ­‰æœ‰é»žå¤ªæ™šäº†å¯æ˜¯çœ‹åˆ°æœ‰å”®ç¥¨çš„æ–‡ä½†æˆ‘ç„¡æ³•ç•™è¨€å¸Œæœ›æœ‰èˆžæœƒç¥¨çš„åœ¨åº•ä¸‹ç•™è¨€è¬è¬,"['æŠ±æ­‰', 'æœ‰é»ž', 'å¤ªæ™š', 'äº†', 'å¯æ˜¯', 'çœ‹åˆ°', 'æœ‰', 'å”®', 'ç¥¨', 'çš„', 'æ–‡', 'ä½†', 'æˆ‘', 'ç„¡æ³•', 'ç•™è¨€', 'å¸Œæœ›', 'æœ‰', 'èˆžæœƒç¥¨', 'çš„', 'åœ¨', 'åº•ä¸‹', 'ç•™è¨€', 'è¬è¬']","['æŠ±æ­‰', 'æœ‰é»ž', 'å¤ªæ™š', 'çœ‹åˆ°', 'å”®', 'ç¥¨', 'æ–‡', 'ç„¡æ³•', 'ç•™è¨€', 'å¸Œæœ›', 'èˆžæœƒç¥¨', 'åº•ä¸‹', 'ç•™è¨€', 'è¬è¬']",[],negative
6,235053323,"å¤§å®¶å¥½ï¼æˆ‘å€‘ä¾†è‡ªåŸŽå¸‚ç§‘å¤§ æµè¡ŒéŸ³æ¨‚ç³»ðŸŽµ
æˆ‘å€‘åœ¨YouTube å‰µç«‹äº†ä¸€å€‹éŸ³æ¨‚é »é“
ä»Šå¹´è–èª•ç¯€å¯«äº†ä¸€é¦–è–èª•æ­Œè¦è·Ÿå¤§å®¶åˆ†äº«

å¦‚æžœï¼Œä½ å·²ç¶“è½è†©äº†æ‰€æœ‰è–èª•æ­Œæ›²
å¦‚æžœï¼Œä½ è¦ºå¾—ç¾åœ¨è–èª•æ­Œå·²ç¶“å¤ªç„¡èŠäº†
é‚£éº¼é€™è£¡æœ‰ä¸€é¦–æ­Œé©åˆä½ ï¼
ä»Šå¹´è–èª•ç¯€å°±ä¾†è½é»žä¸ä¸€æ¨£çš„å§âœ¨

æ­¡è¿Žåˆ°æˆ‘å€‘çš„é »é“é‚„æœ‰IGèªè­˜æˆ‘å€‘ï½ž
ç¥å¤§å®¶è–èª•ç¯€å¿«æ¨‚ðŸŽ„ðŸŽ„ðŸŽ„


ä¸€èµ·è·Ÿè‘—ç¯€å¥æ–èµ·ä¾†ðŸ’ƒ
https://i.imgur.com/ESSO2sb.jpg
æ­Œæ›²ðŸ”—ï¼š

https://youtu.be/lI0C7FVKorM

IGï¼ˆ@y3zsb_musicï¼‰ðŸ”—ï¼š

https://instagram.com/y3zsb_music?igshid=5yrygnwx82mj",è–èª•æ­Œåˆ†äº«ï¼ˆåŽŸå‰µï¼‰,2020-12-26T04:57:53.532Z,2020-12-26T04:57:53.532Z,0,4,F,merryxmas,https://www.dcard.tw/f/merryxmas/p/235053323,dcard,post,å¤§å®¶å¥½æˆ‘å€‘ä¾†è‡ªåŸŽå¸‚ç§‘å¤§æµè¡ŒéŸ³æ¨‚ç³»æˆ‘å€‘åœ¨å‰µç«‹äº†ä¸€å€‹éŸ³æ¨‚é »é“ä»Šå¹´è–èª•ç¯€å¯«äº†ä¸€é¦–è–èª•æ­Œè¦è·Ÿå¤§å®¶åˆ†äº«å¦‚æžœä½ å·²ç¶“è½è†©äº†æ‰€æœ‰è–èª•æ­Œæ›²å¦‚æžœä½ è¦ºå¾—ç¾åœ¨è–èª•æ­Œå·²ç¶“å¤ªç„¡èŠäº†é‚£éº¼é€™è£¡æœ‰ä¸€é¦–æ­Œé©åˆä½ ä»Šå¹´è–èª•ç¯€å°±ä¾†è½é»žä¸ä¸€æ¨£çš„å§æ­¡è¿Žåˆ°æˆ‘å€‘çš„é »é“é‚„æœ‰èªè­˜æˆ‘å€‘ç¥å¤§å®¶è–èª•ç¯€å¿«æ¨‚ä¸€èµ·è·Ÿè‘—ç¯€å¥æ–èµ·ä¾†æ­Œæ›²,"['å¤§å®¶', 'å¥½', 'æˆ‘å€‘', 'ä¾†è‡ª', 'åŸŽå¸‚', 'ç§‘å¤§', 'æµè¡Œ', 'éŸ³æ¨‚ç³»', 'æˆ‘å€‘', 'åœ¨', 'å‰µç«‹', 'äº†', 'ä¸€', 'å€‹', 'éŸ³æ¨‚', 'é »é“', 'ä»Šå¹´', 'è–èª•ç¯€', 'å¯«', 'äº†', 'ä¸€', 'é¦–', 'è–èª•æ­Œ', 'è¦', 'è·Ÿ', 'å¤§å®¶', 'åˆ†äº«', 'å¦‚æžœ', 'ä½ ', 'å·²ç¶“', 'è½è†©', 'äº†', 'æ‰€æœ‰', 'è–èª•', 'æ­Œæ›²', 'å¦‚æžœ', 'ä½ ', 'è¦ºå¾—', 'ç¾åœ¨', 'è–èª•æ­Œ', 'å·²ç¶“', 'å¤ª', 'ç„¡èŠ', 'äº†', 'é‚£éº¼', 'é€™è£¡', 'æœ‰', 'ä¸€', 'é¦–', 'æ­Œ', 'é©åˆ', 'ä½ ', 'ä»Šå¹´', 'è–èª•ç¯€', 'å°±', 'ä¾†', 'è½', 'é»ž', 'ä¸', 'ä¸€æ¨£', 'çš„', 'å§', 'æ­¡è¿Ž', 'åˆ°', 'æˆ‘å€‘', 'çš„', 'é »é“', 'é‚„', 'æœ‰', 'èªè­˜', 'æˆ‘å€‘', 'ç¥', 'å¤§å®¶', 'è–èª•ç¯€', 'å¿«æ¨‚', 'ä¸€èµ·', 'è·Ÿ', 'è‘—', 'ç¯€å¥', 'æ–èµ·', 'ä¾†', 'æ­Œæ›²']","['å¥½', 'ä¾†è‡ª', 'åŸŽå¸‚', 'ç§‘å¤§', 'æµè¡Œ', 'éŸ³æ¨‚ç³»', 'å‰µç«‹', 'éŸ³æ¨‚', 'é »é“', 'ä»Šå¹´', 'è–èª•ç¯€', 'å¯«', 'é¦–', 'è–èª•æ­Œ', 'åˆ†äº«', 'å·²ç¶“', 'è½è†©', 'æ‰€æœ‰', 'è–èª•', 'æ­Œæ›²', 'è¦ºå¾—', 'ç¾åœ¨', 'è–èª•æ­Œ', 'å·²ç¶“', 'å¤ª', 'ç„¡èŠ', 'é€™è£¡', 'é¦–', 'æ­Œ', 'é©åˆ', 'ä»Šå¹´', 'è–èª•ç¯€', 'è½', 'é»ž', 'æ­¡è¿Ž', 'é »é“', 'èªè­˜', 'ç¥', 'è–èª•ç¯€', 'å¿«æ¨‚', 'ä¸€èµ·', 'ç¯€å¥', 'æ–èµ·', 'æ­Œæ›²']",[],positive
7,235052659,"è–èª•ç™¼ç³–æžœé›–ç„¶ç™¼æ”¾è€…èˆ‡åŽŸç™¼æ”¾åœ°é»žçš„äººæ•¸éƒ½ä¸å¦‚é æœŸï¼Œä½†æœ€å¾Œæ–¼åé»žå·¦å³é †åˆ©çš„å®Œæˆæ­¤æ¬¡æ´»å‹•
ä¹Ÿå¾ˆæ„Ÿè¬å‰ä¾†é ˜å–ç³–æžœçš„åŒå­¸ï¼Œä¸å¥½æ„æ€è®“æ‚¨ä¹…ç­‰äº†ï¼
åŽŸç™¼æ”¾åœ°é»ž å°ä¸­ç«è»Šç«™ã€æ–‡å¿ƒæ£®æž—å…¬åœ’ã€å¤§é ç™¾
ç”±æ–¼ç¾å ´çš„äººæ½®ä¼¼ä¹Žæ²’æƒ³åƒä¸­çš„å¤šï¼Œæ”¹æˆ
ä¸€ä¸­è¡—ã€å¤§é ç™¾ã€æ–°å…‰ä¸‰è¶Š
æ²’æ‹¿åˆ°çš„åˆ¥æ…Œï¼å’±å€‘ä¸€å¹´å¾Œå†è¦‹ï¼
https://i.imgur.com/c5uH2ho.jpg",æ´»å‹•å¤§æˆåŠŸ,2020-12-26T01:34:50.262Z,2020-12-26T01:34:50.262Z,3,21,M,merryxmas,https://www.dcard.tw/f/merryxmas/p/235052659,dcard,post,è–èª•ç™¼ç³–æžœé›–ç„¶ç™¼æ”¾è€…èˆ‡åŽŸç™¼æ”¾åœ°é»žçš„äººæ•¸éƒ½ä¸å¦‚é æœŸä½†æœ€å¾Œæ–¼åé»žå·¦å³é †åˆ©çš„å®Œæˆæ­¤æ¬¡æ´»å‹•ä¹Ÿå¾ˆæ„Ÿè¬å‰ä¾†é ˜å–ç³–æžœçš„åŒå­¸ä¸å¥½æ„æ€è®“æ‚¨ä¹…ç­‰äº†åŽŸç™¼æ”¾åœ°é»žå°ä¸­ç«è»Šç«™æ–‡å¿ƒæ£®æž—å…¬åœ’å¤§é ç™¾ç”±æ–¼ç¾å ´çš„äººæ½®ä¼¼ä¹Žæ²’æƒ³åƒä¸­çš„å¤šæ”¹æˆä¸€ä¸­è¡—å¤§é ç™¾æ–°å…‰ä¸‰è¶Šæ²’æ‹¿åˆ°çš„åˆ¥æ…Œå’±å€‘ä¸€å¹´å¾Œå†è¦‹,"['è–èª•', 'ç™¼', 'ç³–æžœ', 'é›–ç„¶', 'ç™¼æ”¾', 'è€…', 'èˆ‡', 'åŽŸ', 'ç™¼æ”¾', 'åœ°é»ž', 'çš„', 'äººæ•¸', 'éƒ½', 'ä¸å¦‚', 'é æœŸ', 'ä½†', 'æœ€å¾Œ', 'æ–¼', 'åé»ž', 'å·¦å³', 'é †åˆ©', 'çš„', 'å®Œæˆ', 'æ­¤', 'æ¬¡', 'æ´»å‹•', 'ä¹Ÿ', 'å¾ˆ', 'æ„Ÿè¬', 'å‰ä¾†', 'é ˜å–', 'ç³–æžœ', 'çš„', 'åŒå­¸', 'ä¸å¥½æ„æ€', 'è®“', 'æ‚¨', 'ä¹…ç­‰', 'äº†', 'åŽŸ', 'ç™¼æ”¾', 'åœ°é»ž', 'å°ä¸­', 'ç«è»Šç«™', 'æ–‡å¿ƒ', 'æ£®æž—', 'å…¬åœ’', 'å¤§é ç™¾', 'ç”±æ–¼', 'ç¾å ´', 'çš„', 'äººæ½®', 'ä¼¼ä¹Ž', 'æ²’', 'æƒ³åƒ', 'ä¸­', 'çš„', 'å¤š', 'æ”¹æˆ', 'ä¸€', 'ä¸­è¡—', 'å¤§é ç™¾', 'æ–°å…‰ä¸‰è¶Š', 'æ²’', 'æ‹¿åˆ°', 'çš„', 'åˆ¥', 'æ…Œ', 'å’±å€‘', 'ä¸€å¹´', 'å¾Œ', 'å†è¦‹']","['è–èª•', 'ç™¼', 'ç³–æžœ', 'ç™¼æ”¾', 'åŽŸ', 'ç™¼æ”¾', 'åœ°é»ž', 'äººæ•¸', 'é æœŸ', 'æœ€å¾Œ', 'åé»ž', 'å·¦å³', 'é †åˆ©', 'å®Œæˆ', 'æ¬¡', 'æ´»å‹•', 'æ„Ÿè¬', 'å‰ä¾†', 'é ˜å–', 'ç³–æžœ', 'åŒå­¸', 'ä¸å¥½æ„æ€', 'ä¹…ç­‰', 'åŽŸ', 'ç™¼æ”¾', 'åœ°é»ž', 'å°ä¸­', 'ç«è»Šç«™', 'æ–‡å¿ƒ', 'æ£®æž—', 'å…¬åœ’', 'å¤§é ç™¾', 'ç¾å ´', 'äººæ½®', 'ä¼¼ä¹Ž', 'æƒ³åƒ', 'ä¸­', 'æ”¹æˆ', 'ä¸­è¡—', 'å¤§é ç™¾', 'æ–°å…‰ä¸‰è¶Š', 'æ‹¿åˆ°', 'æ…Œ', 'ä¸€å¹´', 'å¾Œ', 'å†è¦‹']",[],positive
8,235052456,"/////////////æ»¿20äººé–‹è¡¨å–®
https://forms.gle/R9FZCggpQBkeCyKo7

2021æ–°å¹´äº¤æ›ç¦®ç‰©é–‹åœ˜!
å…ˆè©¦å€‹æ°´æº« çœ‹çœ‹å¤§å®¶æœ‰æ²’æœ‰æ„é¡˜åƒèˆ‡

âš ï¸æ³¨æ„
æœ¬åœ˜é™åˆ¶å¤š ä¸»æªæ„›å›‰å—¦ æ„›æš´æ€’
åªå¸Œæœ›æŠŠæœ¬åœ˜çš„å“è³ªæé«˜
è®“æ¯ä½åƒèˆ‡è€…èƒ½æœ‰å¥½çš„å›žæ†¶ çŽ©çš„é–‹å¿ƒðŸ˜ƒ

âš ï¸âš ï¸è¦å‰‡
ç¸½å…±20å€‹äºº(å¡«è¡¨å–®å‰20ä½)
äº¤æ›çš„æ–¹å¼æ˜¯A->B->Céš¨æ©Ÿé…å°
ðŸ‘‰ðŸ‘‰ç¦®ç‰©åƒ¹æ ¼ç‚º500ä»¥ä¸Š 600ä»¥ä¸‹ å…¨æ–°ç‰©å“
å¯„å‡ºå‰è¦å…ˆæ‹ç¦®ç‰©è·Ÿç™¼ç¥¨çµ¦ä¸»æªçœ‹
å¯„å‡ºå¾Œä¹Ÿè«‹è¨˜å¾—æ‹æ”¶æ“šå›žå‚³

ðŸ‘‰ðŸ‘‰é‚„æœ‰ï¼ä¸€å®šè¦æœ‰ã€Œæ‰‹å¯«å¡ç‰‡ã€
ä¸è¦çµ¦æˆ‘è‰è‰äº†äº‹å¯«å¡ç‰‡ðŸ˜¡ðŸ˜¡
èªªèªªè‡ªå·±é€™ä¸€å¹´é‡åˆ°çš„é…¸ç”œè‹¦è¾£ï¼Œç”¨é¼“å‹µçš„è¨€èªžä¸€èµ·è®Šå¾—æ›´å¥½ï¼

ðŸŒ¼å¦‚æžœå¯ä»¥ï¼Œæ”¶åˆ°å¾Œ å†å›žå¯„ä¸€å°ä¿¡çµ¦é‚£ä½ä¸èªè­˜ä½  å»ä»¤äººæº«æš–çš„äººæ‰‹ä¸­ï¼Œä¸­é–“å‚³éžä¿¡ä»¶çš„åŒæ™‚ï¼Œæ•£ç™¼è‘—æ¿ƒæ¿ƒçš„äººæƒ…å‘³â¤ï¸
ï¼ˆé€™éƒ¨åˆ† å°±ä¸å¦å¤–åšèª¿æŸ¥äº†å”·ï¼Œå…¨æ†‘ç·£åˆ†ï½ž

ðŸŒ¼ç¦®ç‰©å…§å®¹ä¸é™ï¼Œå…¨æ†‘è‡ªç”±å¿ƒè­‰ï¼
3Cã€ç¾Žå¦ã€å¯¦ç”¨ã€é›¶é£Ÿçš†å¯
ï¼ˆè‹¥ä¸å¾—é«”çš„ç¦®ç‰©ï¼Œä¸»æªé€™é‚Šæœƒå…ˆæ‰“æ§ï¼‰
ä¸ç”¨æ“”å¿ƒæœƒæœ‰ä¸okçš„æ±è¥¿

ðŸŒ¼ä¸»è¦ä»¥lineè¯ç¹‹
å¦‚æžœæœ‰äººæƒ³åƒåŠ çš„è©±ä¸‹é¢+1
æ»¿10äººé–‹è¡¨å–®!

ðŸŒ¼å› ä¸»æªä¸Šç­å¿™ç¢Œï¼Œæ‰€ä»¥æœƒæ‹‰é•·å¤§å®¶çš„å¯„å‡ºæ™‚é–“ï¼Œå¤§å®¶å¯ä»¥æ…¢æ…¢æŒ‘ç¦®ç‰©ï¼Œå¥½å¥½çš„åŒ…è£ç¦®ç‰©ï¼Œå¥½å¥½çš„æ‰‹å¯«å¡ç‰‡ï¼ŒæŠŠæœ€æœ‰æ„›å¿ƒçš„æ±è¥¿ äº¤åˆ°å¦å¤–ä¸€æ–¹äº’ä¸ç›¸è­˜çš„äººæ‰‹ä¸­

ðŸ˜¡å†å›‰å—¦ä¸€æ¬¡ï¼ˆä»¥ä¸‹é€™äº›è¡Œç‚ºçš„äºº è¬çµ•å¾€ä¾†ï¼
1 æœŸé™å·²ç¶“å®šå¥½äº†ï¼Œå»é²åˆ°
2 æ˜Žæ˜Žå·²ç¶“æ±ºå®šè¦åƒåŠ æœ¬åœ˜ï¼Œå»ä¸æ•¢èŠ±éŒ¢
3 æ‹¿è‡ªå·±çš„å›¤è²¨ä¾†äº¤æ›çµ¦åˆ¥äºº
4 æœ¬åœ˜éŠæˆ²è¦å‰‡éƒ½æ²’æœ‰æžæ‡‚
ï¼ˆè‹¥æœ‰æ„é¡˜åƒåŠ æœ¬åœ˜ï¼Œè«‹æ…Žé‡çœ‹å¾…ï¼Œå¸Œæœ›åš´æ ¼æŠŠé—œï¼‰

ðŸŒ¼ï¼ˆå¸¸è¦‹å•é¡Œï¼‰
Q å¦‚æžœæˆ‘æœ‰å°ˆæ«ƒå°æ¨£ã€å…¨æ–°äºŒæ‰‹...ç­‰å•†å“ï¼Œæƒ³è¦ä¸€ä½µå¯„å‡ºï¼Ÿ
A å¯ä»¥ï¼è«‹å…ˆé”åˆ°500-600å…ƒçš„é–€æª»ï¼ˆå…¨æ–°å•†å“ï¼‰ï¼Œå†å¦è´ˆä½ æƒ³é¡å¤–å¯„å‡ºçš„ç¦®ç‰©ðŸŽæ‰èƒ½å”·

ðŸŒ¼æœ‰å•é¡Œå¯ä»¥åœ¨ä¸‹é¢ç•™è¨€",æ–°å¹´æ–°å¸Œæœ› æªåœ˜ äº¤æ›ç¦®ç‰©è¶´ðŸŽ,2020-12-25T23:33:35.730Z,2021-01-04T16:38:52.269Z,69,14,F,merryxmas,https://www.dcard.tw/f/merryxmas/p/235052456,dcard,post,æ»¿äººé–‹è¡¨å–®æ–°å¹´äº¤æ›ç¦®ç‰©é–‹åœ˜å…ˆè©¦å€‹æ°´æº«çœ‹çœ‹å¤§å®¶æœ‰æ²’æœ‰æ„é¡˜åƒèˆ‡æ³¨æ„æœ¬åœ˜é™åˆ¶å¤šä¸»æªæ„›å›‰å—¦æ„›æš´æ€’åªå¸Œæœ›æŠŠæœ¬åœ˜çš„å“è³ªæé«˜è®“æ¯ä½åƒèˆ‡è€…èƒ½æœ‰å¥½çš„å›žæ†¶çŽ©çš„é–‹å¿ƒè¦å‰‡ç¸½å…±å€‹äººå¡«è¡¨å–®å‰ä½äº¤æ›çš„æ–¹å¼æ˜¯éš¨æ©Ÿé…å°ç¦®ç‰©åƒ¹æ ¼ç‚ºä»¥ä¸Šä»¥ä¸‹å…¨æ–°ç‰©å“å¯„å‡ºå‰è¦å…ˆæ‹ç¦®ç‰©è·Ÿç™¼ç¥¨çµ¦ä¸»æªçœ‹å¯„å‡ºå¾Œä¹Ÿè«‹è¨˜å¾—æ‹æ”¶æ“šå›žå‚³é‚„æœ‰ä¸€å®šè¦æœ‰æ‰‹å¯«å¡ç‰‡ä¸è¦çµ¦æˆ‘è‰è‰äº†äº‹å¯«å¡ç‰‡èªªèªªè‡ªå·±é€™ä¸€å¹´é‡åˆ°çš„é…¸ç”œè‹¦è¾£ç”¨é¼“å‹µçš„è¨€èªžä¸€èµ·è®Šå¾—æ›´å¥½å¦‚æžœå¯ä»¥æ”¶åˆ°å¾Œå†å›žå¯„ä¸€å°ä¿¡çµ¦é‚£ä½ä¸èªè­˜ä½ å»ä»¤äººæº«æš–çš„äººæ‰‹ä¸­ä¸­é–“å‚³éžä¿¡ä»¶çš„åŒæ™‚æ•£ç™¼è‘—æ¿ƒæ¿ƒçš„äººæƒ…å‘³é€™éƒ¨åˆ†å°±ä¸å¦å¤–åšèª¿æŸ¥äº†å”·å…¨æ†‘ç·£åˆ†ç¦®ç‰©å…§å®¹ä¸é™å…¨æ†‘è‡ªç”±å¿ƒè­‰ç¾Žå¦å¯¦ç”¨é›¶é£Ÿçš†å¯è‹¥ä¸å¾—é«”çš„ç¦®ç‰©ä¸»æªé€™é‚Šæœƒå…ˆæ‰“æ§ä¸ç”¨æ“”å¿ƒæœƒæœ‰ä¸çš„æ±è¥¿ä¸»è¦ä»¥è¯ç¹‹å¦‚æžœæœ‰äººæƒ³åƒåŠ çš„è©±ä¸‹é¢æ»¿äººé–‹è¡¨å–®å› ä¸»æªä¸Šç­å¿™ç¢Œæ‰€ä»¥æœƒæ‹‰é•·å¤§å®¶çš„å¯„å‡ºæ™‚é–“å¤§å®¶å¯ä»¥æ…¢æ…¢æŒ‘ç¦®ç‰©å¥½å¥½çš„åŒ…è£ç¦®ç‰©å¥½å¥½çš„æ‰‹å¯«å¡ç‰‡æŠŠæœ€æœ‰æ„›å¿ƒçš„æ±è¥¿äº¤åˆ°å¦å¤–ä¸€æ–¹äº’ä¸ç›¸è­˜çš„äººæ‰‹ä¸­å†å›‰å—¦ä¸€æ¬¡ä»¥ä¸‹é€™äº›è¡Œç‚ºçš„äººè¬çµ•å¾€ä¾†æœŸé™å·²ç¶“å®šå¥½äº†å»é²åˆ°æ˜Žæ˜Žå·²ç¶“æ±ºå®šè¦åƒåŠ æœ¬åœ˜å»ä¸æ•¢èŠ±éŒ¢æ‹¿è‡ªå·±çš„å›¤è²¨ä¾†äº¤æ›çµ¦åˆ¥äººæœ¬åœ˜éŠæˆ²è¦å‰‡éƒ½æ²’æœ‰æžæ‡‚è‹¥æœ‰æ„é¡˜åƒåŠ æœ¬åœ˜è«‹æ…Žé‡çœ‹å¾…å¸Œæœ›åš´æ ¼æŠŠé—œå¸¸è¦‹å•é¡Œå¦‚æžœæˆ‘æœ‰å°ˆæ«ƒå°æ¨£å…¨æ–°äºŒæ‰‹ç­‰å•†å“æƒ³è¦ä¸€ä½µå¯„å‡ºå¯ä»¥è«‹å…ˆé”åˆ°å…ƒçš„é–€æª»å…¨æ–°å•†å“å†å¦è´ˆä½ æƒ³é¡å¤–å¯„å‡ºçš„ç¦®ç‰©æ‰èƒ½å”·æœ‰å•é¡Œå¯ä»¥åœ¨ä¸‹é¢ç•™è¨€,,[],[],neutral
9,235051646,"å¤§å®¶è–èª•å¿«æ¨‚ï½žï½ž
ä»Šå¹´è¢«å§å¦¹ã€ç¤¾åœ˜ã€å¯¦ç¿’å…¬å¸3æ³¢äº¤æ›ç¦®ç‰©å¤¾æ“Šï¼ŒéŒ¢åŒ…å›å¤§å¤±è¡€ï¼Œæœˆåº•åˆ°äº†çœŸçš„è‹¦QQ
è€å¯¦èªªï¼Œæ¯å¹´äº¤æ›ç¦®ç‰©æˆ‘éƒ½ä¸æœŸå¾…å¯ä»¥æ‹¿åˆ°ä»€éº¼å¥½æ±è¥¿ï¼Œæœ€é‡è¦çš„é‚„æ˜¯æ…¶ç¥è–èª•ç¯€çš„æ­¡æ¨‚æ„ŸðŸ™ŒðŸ»
ä½†æ‹†ç¦®ç‰©çš„ç•¶ä¸‹é‚„æ˜¯æœƒèŽ«åèˆˆå¥®å“ˆ
 
ä»Šå¹´æˆ‘æ‹¿åˆ°äº†
- ä¸é½é‹¼å¸ç®¡æ¯
- é‡‘èŽŽå·§å…‹åŠ›
- çš®å¤å¨ƒå¨ƒ
- æš–å¿ƒé˜²ç–«åŒ…ï¼šé€™å€‹æ˜¯æ•™ç·´çš„å°ç¦®ç‰©ðŸŽ
https://i.imgur.com/CWmh0aX.jpg
 
ðŸŽä¸é½é‹¼å¸ç®¡æ¯
https://i.imgur.com/MC0P0Bp.jpg
è–èª•ç¯€å‰ä¸€ç›´çœ‹åˆ°æ¯å­çš„å»£å‘Š
é¡è‰²çœŸçš„è¶…ç¾Žï¼Œä½†æœ€è¿‘å‰›å…¥æ‰‹æ˜Ÿå·´å…‹çš„ä¿æº«ç“¶
é‚„å¥½æœ‰å¿ä½ï¼Œä»Šå¤©é¦¬ä¸Šåœ¨å…¬å¸äº¤æ›ç¦®ç‰©æŠ½åˆ°é€™å€‹
è¶…ç´šå¹¸é‹ðŸ¤©ðŸ¤©ðŸ¤©

ðŸŽé‡‘èŽŽ
å…¶å¯¦æ²’ä»€éº¼å¥½ä»‹ç´¹çš„
å€¼å¾—ä¸€æçš„æ˜¯â‹¯é€™æ˜¯ã€Œå»¢ç‰©äº¤æ›å¤§è³½ã€æ‹¿åˆ°çš„
ä¸€é»žéƒ½ä¸å»¢ æ ¹æœ¬è¶…è®šçš„å¥½å—Ž
å…¶ä»–äººè¶…ç¾¨æ…•æˆ‘å“ˆ
https://i.imgur.com/u98RHuG.jpg

ðŸŽçš®å¤å¨ƒå¨ƒ
äº¤æ›ç¦®ç‰©è£¡é¢æˆ‘æœ€æƒ³è¦çš„å°±æ˜¯é€™éš»ï¼ï¼
ä¸Šç¦®æ‹œä¸Šæž¶ä¸ä¹…é¦¬ä¸Šè³£å…‰
æœ¬ä¾†è¶…é›£éŽï¼Œçµæžœå±…ç„¶åœ¨äº¤æ›ç¦®ç‰©æ‹¿åˆ°
æžœç„¶æ˜¯æœ€æ‡‚æˆ‘çš„é‚„æ˜¯å§å¦¹å€‘
ä¸å¾—ä¸ç¨±è®šä¸€ä¸‹å¨ƒå¨ƒæœ¬äººè³ªæ„Ÿè¶…å¥½
æ„å¤–ç´®å¯¦ï¼Œå¯ä»¥ç©©ç©©ç«™è‘—
åŽŸæœ¬ä»¥ç‚ºæ˜¯è»Ÿè»Ÿå®¹æ˜“è®Šå½¢çš„é‚£ç¨®XD
https://i.imgur.com/viFF7SI.jpg

æ¯å¤©æŠ±è‘—çš®å¤ç¡è¦ºçœŸçš„å¥½ç™‚ç™’å•Šï½ž
æžœç„¶å¹³å¸¸è¦å¥½å¥½åšäºº
ä»Šå¹´äººå“å¤§çˆ†ç™¼ å®Œå…¨æ²’æ‹¿åˆ°å»¢ç‰©
æœ‰äººå‰›å¥½ä¹Ÿæ‹¿åˆ°è‡ªå·±æƒ³è¦çš„ç¦®ç‰©å—Žï¼Ÿ",#é–‹ç®± äº¤æ›ç¦®ç‰©æ‹¿åˆ°è‡ªå·±æƒ³è¦çš„æ±è¥¿ðŸ¤©,2020-12-25T17:16:51.835Z,2020-12-25T17:16:51.835Z,8,33,F,merryxmas,https://www.dcard.tw/f/merryxmas/p/235051646,dcard,post,å¤§å®¶è–èª•å¿«æ¨‚ä»Šå¹´è¢«å§å¦¹ç¤¾åœ˜å¯¦ç¿’å…¬å¸æ³¢äº¤æ›ç¦®ç‰©å¤¾æ“ŠéŒ¢åŒ…å›å¤§å¤±è¡€æœˆåº•åˆ°äº†çœŸçš„è‹¦è€å¯¦èªªæ¯å¹´äº¤æ›ç¦®ç‰©æˆ‘éƒ½ä¸æœŸå¾…å¯ä»¥æ‹¿åˆ°ä»€éº¼å¥½æ±è¥¿æœ€é‡è¦çš„é‚„æ˜¯æ…¶ç¥è–èª•ç¯€çš„æ­¡æ¨‚æ„Ÿä½†æ‹†ç¦®ç‰©çš„ç•¶ä¸‹é‚„æ˜¯æœƒèŽ«åèˆˆå¥®å“ˆä»Šå¹´æˆ‘æ‹¿åˆ°äº†ä¸é½é‹¼å¸ç®¡æ¯é‡‘èŽŽå·§å…‹åŠ›çš®å¤å¨ƒå¨ƒæš–å¿ƒé˜²ç–«åŒ…é€™å€‹æ˜¯æ•™ç·´çš„å°ç¦®ç‰©ä¸é½é‹¼å¸ç®¡æ¯è–èª•ç¯€å‰ä¸€ç›´çœ‹åˆ°æ¯å­çš„å»£å‘Šé¡è‰²çœŸçš„è¶…ç¾Žä½†æœ€è¿‘å‰›å…¥æ‰‹æ˜Ÿå·´å…‹çš„ä¿æº«ç“¶é‚„å¥½æœ‰å¿ä½ä»Šå¤©é¦¬ä¸Šåœ¨å…¬å¸äº¤æ›ç¦®ç‰©æŠ½åˆ°é€™å€‹è¶…ç´šå¹¸é‹é‡‘èŽŽå…¶å¯¦æ²’ä»€éº¼å¥½ä»‹ç´¹çš„å€¼å¾—ä¸€æçš„æ˜¯é€™æ˜¯å»¢ç‰©äº¤æ›å¤§è³½æ‹¿åˆ°çš„ä¸€é»žéƒ½ä¸å»¢æ ¹æœ¬è¶…è®šçš„å¥½å—Žå…¶ä»–äººè¶…ç¾¨æ…•æˆ‘å“ˆçš®å¤å¨ƒå¨ƒäº¤æ›ç¦®ç‰©è£¡é¢æˆ‘æœ€æƒ³è¦çš„å°±æ˜¯é€™éš»ä¸Šç¦®æ‹œä¸Šæž¶ä¸ä¹…é¦¬ä¸Šè³£å…‰æœ¬ä¾†è¶…é›£éŽçµæžœå±…ç„¶åœ¨äº¤æ›ç¦®ç‰©æ‹¿åˆ°æžœç„¶æ˜¯æœ€æ‡‚æˆ‘çš„é‚„æ˜¯å§å¦¹å€‘ä¸å¾—ä¸ç¨±è®šä¸€ä¸‹å¨ƒå¨ƒæœ¬äººè³ªæ„Ÿè¶…å¥½æ„å¤–ç´®å¯¦å¯ä»¥ç©©ç©©ç«™è‘—åŽŸæœ¬ä»¥ç‚ºæ˜¯è»Ÿè»Ÿå®¹æ˜“è®Šå½¢çš„é‚£ç¨®æ¯å¤©æŠ±è‘—çš®å¤ç¡è¦ºçœŸçš„å¥½ç™‚ç™’å•Šæžœç„¶å¹³å¸¸è¦å¥½å¥½åšäººä»Šå¹´äººå“å¤§çˆ†ç™¼å®Œå…¨æ²’æ‹¿åˆ°å»¢ç‰©æœ‰äººå‰›å¥½ä¹Ÿæ‹¿åˆ°è‡ªå·±æƒ³è¦çš„ç¦®ç‰©å—Ž,"['å¤§å®¶', 'è–èª•', 'å¿«æ¨‚', 'ä»Šå¹´', 'è¢«', 'å§å¦¹', 'ç¤¾åœ˜', 'å¯¦ç¿’', 'å…¬å¸', 'æ³¢', 'äº¤æ›', 'ç¦®ç‰©', 'å¤¾æ“Š', 'éŒ¢åŒ…', 'å›å¤§', 'å¤±è¡€', 'æœˆåº•', 'åˆ°', 'äº†', 'çœŸçš„', 'è‹¦', 'è€å¯¦èªª', 'æ¯', 'å¹´', 'äº¤æ›', 'ç¦®ç‰©', 'æˆ‘', 'éƒ½', 'ä¸', 'æœŸå¾…', 'å¯ä»¥', 'æ‹¿åˆ°', 'ä»€éº¼', 'å¥½', 'æ±è¥¿', 'æœ€', 'é‡è¦', 'çš„', 'é‚„æ˜¯', 'æ…¶ç¥', 'è–èª•ç¯€', 'çš„', 'æ­¡æ¨‚æ„Ÿ', 'ä½†', 'æ‹†', 'ç¦®ç‰©', 'çš„', 'ç•¶ä¸‹', 'é‚„æ˜¯', 'æœƒ', 'èŽ«å', 'èˆˆå¥®', 'å“ˆ', 'ä»Šå¹´', 'æˆ‘', 'æ‹¿åˆ°', 'äº†', 'ä¸é½é‹¼', 'å¸ç®¡æ¯', 'é‡‘èŽŽ', 'å·§å…‹åŠ›', 'çš®å¤', 'å¨ƒå¨ƒ', 'æš–å¿ƒ', 'é˜²ç–«', 'åŒ…', 'é€™', 'å€‹', 'æ˜¯', 'æ•™ç·´', 'çš„', 'å°', 'ç¦®ç‰©', 'ä¸é½é‹¼', 'å¸ç®¡æ¯', 'è–èª•ç¯€', 'å‰', 'ä¸€ç›´', 'çœ‹åˆ°', 'æ¯å­', 'çš„', 'å»£å‘Š', 'é¡è‰²', 'çœŸçš„', 'è¶…ç¾Ž', 'ä½†', 'æœ€è¿‘', 'å‰›', 'å…¥æ‰‹æ˜Ÿ', 'å·´å…‹', 'çš„', 'ä¿æº«ç“¶', 'é‚„å¥½', 'æœ‰', 'å¿ä½', 'ä»Šå¤©', 'é¦¬ä¸Š', 'åœ¨', 'å…¬å¸', 'äº¤æ›', 'ç¦®ç‰©', 'æŠ½åˆ°', 'é€™', 'å€‹', 'è¶…ç´š', 'å¹¸é‹', 'é‡‘èŽŽ', 'å…¶å¯¦', 'æ²’', 'ä»€éº¼', 'å¥½', 'ä»‹ç´¹', 'çš„', 'å€¼å¾—', 'ä¸€', 'æ', 'çš„', 'æ˜¯', 'é€™', 'æ˜¯', 'å»¢ç‰©', 'äº¤æ›', 'å¤§è³½', 'æ‹¿åˆ°', 'çš„', 'ä¸€é»ž', 'éƒ½', 'ä¸', 'å»¢', 'æ ¹æœ¬', 'è¶…è®š', 'çš„', 'å¥½', 'å—Ž', 'å…¶ä»–', 'äºº', 'è¶…', 'ç¾¨æ…•', 'æˆ‘', 'å“ˆ', 'çš®å¤', 'å¨ƒå¨ƒ', 'äº¤æ›', 'ç¦®ç‰©', 'è£¡é¢', 'æˆ‘', 'æœ€', 'æƒ³è¦', 'çš„', 'å°±æ˜¯', 'é€™', 'éš»', 'ä¸Š', 'ç¦®æ‹œ', 'ä¸Šæž¶', 'ä¸ä¹…', 'é¦¬ä¸Š', 'è³£å…‰', 'æœ¬ä¾†', 'è¶…', 'é›£éŽ', 'çµæžœ', 'å±…ç„¶', 'åœ¨', 'äº¤æ›', 'ç¦®ç‰©', 'æ‹¿åˆ°', 'æžœç„¶', 'æ˜¯', 'æœ€', 'æ‡‚', 'æˆ‘', 'çš„', 'é‚„æ˜¯', 'å§å¦¹', 'å€‘', 'ä¸å¾—ä¸', 'ç¨±è®š', 'ä¸€ä¸‹', 'å¨ƒå¨ƒ', 'æœ¬äºº', 'è³ªæ„Ÿ', 'è¶…', 'å¥½æ„', 'å¤–', 'ç´®å¯¦', 'å¯ä»¥', 'ç©©ç©©', 'ç«™', 'è‘—', 'åŽŸæœ¬', 'ä»¥ç‚º', 'æ˜¯', 'è»Ÿè»Ÿ', 'å®¹æ˜“', 'è®Šå½¢', 'çš„', 'é‚£', 'ç¨®', 'æ¯', 'å¤©', 'æŠ±', 'è‘—', 'çš®å¤', 'ç¡è¦º', 'çœŸçš„', 'å¥½', 'ç™‚ç™’', 'å•Š', 'æžœç„¶', 'å¹³å¸¸', 'è¦', 'å¥½å¥½', 'åšäºº', 'ä»Šå¹´', 'äººå“', 'å¤§', 'çˆ†ç™¼', 'å®Œå…¨', 'æ²’', 'æ‹¿åˆ°', 'å»¢ç‰©', 'æœ‰', 'äºº', 'å‰›å¥½', 'ä¹Ÿ', 'æ‹¿åˆ°', 'è‡ªå·±', 'æƒ³è¦', 'çš„', 'ç¦®ç‰©', 'å—Ž']","['è–èª•', 'å¿«æ¨‚', 'ä»Šå¹´', 'å§å¦¹', 'ç¤¾åœ˜', 'å¯¦ç¿’', 'å…¬å¸', 'æ³¢', 'äº¤æ›', 'ç¦®ç‰©', 'å¤¾æ“Š', 'éŒ¢åŒ…', 'å›å¤§', 'å¤±è¡€', 'æœˆåº•', 'çœŸçš„', 'è‹¦', 'è€å¯¦èªª', 'å¹´', 'äº¤æ›', 'ç¦®ç‰©', 'æœŸå¾…', 'æ‹¿åˆ°', 'å¥½', 'æ±è¥¿', 'æœ€', 'é‡è¦', 'æ…¶ç¥', 'è–èª•ç¯€', 'æ­¡æ¨‚æ„Ÿ', 'æ‹†', 'ç¦®ç‰©', 'èŽ«å', 'èˆˆå¥®', 'ä»Šå¹´', 'æ‹¿åˆ°', 'ä¸é½é‹¼', 'å¸ç®¡æ¯', 'é‡‘èŽŽ', 'å·§å…‹åŠ›', 'çš®å¤', 'å¨ƒå¨ƒ', 'æš–å¿ƒ', 'é˜²ç–«', 'åŒ…', 'æ•™ç·´', 'å°', 'ç¦®ç‰©', 'ä¸é½é‹¼', 'å¸ç®¡æ¯', 'è–èª•ç¯€', 'å‰', 'ä¸€ç›´', 'çœ‹åˆ°', 'æ¯å­', 'å»£å‘Š', 'é¡è‰²', 'çœŸçš„', 'è¶…ç¾Ž', 'æœ€è¿‘', 'å…¥æ‰‹æ˜Ÿ', 'å·´å…‹', 'ä¿æº«ç“¶', 'é‚„å¥½', 'å¿ä½', 'ä»Šå¤©', 'å…¬å¸', 'äº¤æ›', 'ç¦®ç‰©', 'æŠ½åˆ°', 'è¶…ç´š', 'å¹¸é‹', 'é‡‘èŽŽ', 'å¥½', 'ä»‹ç´¹', 'å€¼å¾—', 'æ', 'å»¢ç‰©', 'äº¤æ›', 'å¤§è³½', 'æ‹¿åˆ°', 'ä¸€é»ž', 'å»¢', 'æ ¹æœ¬', 'è¶…è®š', 'å¥½', 'äºº', 'è¶…', 'ç¾¨æ…•', 'çš®å¤', 'å¨ƒå¨ƒ', 'äº¤æ›', 'ç¦®ç‰©', 'è£¡é¢', 'æœ€', 'æƒ³è¦', 'éš»', 'ç¦®æ‹œ', 'ä¸Šæž¶', 'ä¸ä¹…', 'è³£å…‰', 'æœ¬ä¾†', 'è¶…', 'é›£éŽ', 'äº¤æ›', 'ç¦®ç‰©', 'æ‹¿åˆ°', 'æœ€', 'æ‡‚', 'å§å¦¹', 'ç¨±è®š', 'ä¸€ä¸‹', 'å¨ƒå¨ƒ', 'è³ªæ„Ÿ', 'è¶…', 'å¥½æ„', 'å¤–', 'ç´®å¯¦', 'ç©©ç©©', 'ç«™', 'åŽŸæœ¬', 'ä»¥ç‚º', 'è»Ÿè»Ÿ', 'å®¹æ˜“', 'è®Šå½¢', 'ç¨®', 'å¤©', 'æŠ±', 'çš®å¤', 'ç¡è¦º', 'çœŸçš„', 'å¥½', 'ç™‚ç™’', 'å¹³å¸¸', 'å¥½å¥½', 'åšäºº', 'ä»Šå¹´', 'äººå“', 'çˆ†ç™¼', 'å®Œå…¨', 'æ‹¿åˆ°', 'å»¢ç‰©', 'äºº', 'æ‹¿åˆ°', 'æƒ³è¦', 'ç¦®ç‰©']","['ç¦®ç‰©', 'äº¤æ›', 'æ‹¿åˆ°']",positive
10,235051478,"åœŸåŒ…å­é›£å¾—åˆ°ç¾Žåœ‹ä¾†çŽ©é›ª
æœ‰æ²’æœ‰äººè¦è·Ÿæˆ‘çš„é›ªäººPK",é›ªäººæ¯”è³½,2020-12-25T16:47:16.009Z,2020-12-25T16:47:16.009Z,1,2,M,merryxmas,https://www.dcard.tw/f/merryxmas/p/235051478,dcard,post,åœŸåŒ…å­é›£å¾—åˆ°ç¾Žåœ‹ä¾†çŽ©é›ªæœ‰æ²’æœ‰äººè¦è·Ÿæˆ‘çš„é›ªäºº,"['åœŸåŒ…å­', 'é›£å¾—', 'åˆ°', 'ç¾Žåœ‹', 'ä¾†', 'çŽ©é›ª', 'æœ‰æ²’æœ‰', 'äºº', 'è¦', 'è·Ÿ', 'æˆ‘', 'çš„', 'é›ªäºº']","['åœŸåŒ…å­', 'ç¾Žåœ‹', 'çŽ©é›ª', 'æœ‰æ²’æœ‰', 'äºº', 'é›ªäºº']",[],neutral
11,235050458,"ä¾†ä½”é€™å€‹æ¿çš„ä¸€å€‹ä½ç½®ðŸ˜
Merry Xmas è–èª•ç¯€å¿«æ¨‚ðŸŽ„ðŸŽðŸŽ…",å—¨,2020-12-25T14:11:55.157Z,2020-12-25T14:11:55.157Z,0,3,M,merryxmas,https://www.dcard.tw/f/merryxmas/p/235050458,dcard,post,ä¾†ä½”é€™å€‹æ¿çš„ä¸€å€‹ä½ç½®è–èª•ç¯€å¿«æ¨‚,"['ä¾†', 'ä½”', 'é€™', 'å€‹', 'æ¿', 'çš„', 'ä¸€', 'å€‹', 'ä½ç½®', 'è–èª•ç¯€', 'å¿«æ¨‚']","['ä½”', 'æ¿', 'ä½ç½®', 'è–èª•ç¯€', 'å¿«æ¨‚']",[],positive
12,235050073,"æ—¥å®‰ï¼Œæˆ‘æ˜¯å‹¤ã€‚
ä»Šå¹´ç¬¬ä¸€æ¬¡å¯«ä¿¡çµ¦è–èª•è€äººã€‚éžå¸¸é–‹å¿ƒæ”¶åˆ°å›žä¿¡ï¼Œå°±ä¾†åˆ†äº«çµ¦å¤§å®¶å›‰ï¼

æ˜¯èªªå› ç‚ºç–«æƒ…é—œä¿‚ï¼Œè¨±å¤šåœ‹å®¶æš«åœåœ‹éš›éƒµéžæœå‹™ï¼Œæ‰€ä»¥æˆ‘åªå¯„äº†ä¸‰å°ã€‚
https://i.imgur.com/A8taPEs.jpg

å¾·åœ‹çš„å›žä¿¡
https://i.imgur.com/N4JDFYU.jpg
https://i.imgur.com/KwBukZs.jpg

é¦™æ¸¯çš„å›žä¿¡
https://i.imgur.com/GMovTe3.jpg
https://i.imgur.com/edjckAy.jpg
https://i.imgur.com/QeoL0K6.jpg

æ„æƒ³ä¸åˆ°çš„ä¾†ä¿¡
https://i.imgur.com/SpFJsHM.jpg

æœ€å¾Œï¼Œç¥å¤§å®¶è–èª•ç¯€å¿«æ¨‚ï¼
https://i.imgur.com/ukDGYmg.jpg


å¾Œè¨˜
çˆ¸ï¼šä½ é‚£è‹±æ–‡ä¿¡èª°å¯„çš„ï¼Ÿ
æˆ‘ï¼šè–èª•è€äººå•Šï¼
çˆ¸ï¼šëˆˆè¨€ëˆˆ
æˆ‘ï¼šçœŸçš„å•¦ï¼",è–èª•è€äººæ”¶,2020-12-25T13:00:07.549Z,2020-12-25T13:03:33.097Z,3,11,F,merryxmas,https://www.dcard.tw/f/merryxmas/p/235050073,dcard,post,æ—¥å®‰æˆ‘æ˜¯å‹¤ä»Šå¹´ç¬¬ä¸€æ¬¡å¯«ä¿¡çµ¦è–èª•è€äººéžå¸¸é–‹å¿ƒæ”¶åˆ°å›žä¿¡å°±ä¾†åˆ†äº«çµ¦å¤§å®¶å›‰æ˜¯èªªå› ç‚ºç–«æƒ…é—œä¿‚è¨±å¤šåœ‹å®¶æš«åœåœ‹éš›éƒµéžæœå‹™æ‰€ä»¥æˆ‘åªå¯„äº†ä¸‰å°å¾·åœ‹çš„å›žä¿¡é¦™æ¸¯çš„å›žä¿¡æ„æƒ³ä¸åˆ°çš„ä¾†ä¿¡æœ€å¾Œç¥å¤§å®¶è–èª•ç¯€å¿«æ¨‚å¾Œè¨˜çˆ¸ä½ é‚£è‹±æ–‡ä¿¡èª°å¯„çš„æˆ‘è–èª•è€äººå•Šçˆ¸è¨€æˆ‘çœŸçš„å•¦,"['æ—¥å®‰', 'æˆ‘', 'æ˜¯', 'å‹¤', 'ä»Šå¹´', 'ç¬¬ä¸€', 'æ¬¡', 'å¯«ä¿¡', 'çµ¦', 'è–èª•è€äºº', 'éžå¸¸', 'é–‹å¿ƒ', 'æ”¶åˆ°', 'å›žä¿¡', 'å°±', 'ä¾†', 'åˆ†äº«', 'çµ¦', 'å¤§å®¶', 'å›‰', 'æ˜¯', 'èªª', 'å› ç‚º', 'ç–«æƒ…', 'é—œä¿‚', 'è¨±å¤š', 'åœ‹å®¶', 'æš«åœ', 'åœ‹éš›', 'éƒµéž', 'æœå‹™', 'æ‰€ä»¥', 'æˆ‘', 'åª', 'å¯„', 'äº†', 'ä¸‰', 'å°', 'å¾·åœ‹', 'çš„', 'å›žä¿¡', 'é¦™æ¸¯', 'çš„', 'å›žä¿¡', 'æ„æƒ³ä¸åˆ°', 'çš„', 'ä¾†ä¿¡', 'æœ€å¾Œ', 'ç¥', 'å¤§å®¶', 'è–èª•ç¯€', 'å¿«æ¨‚', 'å¾Œè¨˜', 'çˆ¸', 'ä½ ', 'é‚£', 'è‹±æ–‡', 'ä¿¡', 'èª°', 'å¯„', 'çš„', 'æˆ‘', 'è–èª•è€äºº', 'å•Š', 'çˆ¸', 'è¨€', 'æˆ‘', 'çœŸçš„', 'å•¦']","['æ—¥å®‰', 'å‹¤', 'ä»Šå¹´', 'ç¬¬ä¸€', 'æ¬¡', 'å¯«ä¿¡', 'è–èª•è€äºº', 'é–‹å¿ƒ', 'æ”¶åˆ°', 'å›žä¿¡', 'åˆ†äº«', 'å›‰', 'èªª', 'ç–«æƒ…', 'é—œä¿‚', 'è¨±å¤š', 'åœ‹å®¶', 'æš«åœ', 'åœ‹éš›', 'éƒµéž', 'æœå‹™', 'åª', 'å¯„', 'å°', 'å¾·åœ‹', 'å›žä¿¡', 'é¦™æ¸¯', 'å›žä¿¡', 'æ„æƒ³ä¸åˆ°', 'ä¾†ä¿¡', 'æœ€å¾Œ', 'ç¥', 'è–èª•ç¯€', 'å¿«æ¨‚', 'å¾Œè¨˜', 'çˆ¸', 'è‹±æ–‡', 'ä¿¡', 'å¯„', 'è–èª•è€äºº', 'çˆ¸', 'è¨€', 'çœŸçš„']",[],positive
13,235049810,"ðŸ‘‹ðŸ‘‹ðŸ‘‹
å¤§å®¶ï½žè–èª•å¿«æ¨‚ðŸŽ…æ˜¨å¤©å¹³å®‰å¤œéƒ½æœ‰æ”¶åˆ°ç¦®ç‰©å—ŽðŸ¤£
ä»Šå¹´è·Ÿå§Šå¦¹äº¤æ›ç¦®ç‰©ï¼Œèªªå¥½è¦å·å·è§€å¯Ÿå°æ–¹éœ€è¦ä»€éº¼ðŸ§

æˆ‘æº–å‚™äº†Jå€‹é€å¥¹ï¼ï¼
https://i.imgur.com/GlFLeyd.jpg
ã€KawaDenkiã€‘è»Šå®¶ç”¨ç„¡ç·šæ‰‹æŒå¸å¡µå™¨
èªè­˜å¥¹é€™éº¼ä¹…ï¼Œæ¯æ¬¡çœ‹åˆ°å¥¹å› ç‚ºå¡µèŸŽä¸€ç›´ç‹‚æ‰“å™´åšðŸ¤§
å°±åªèƒ½æŠ•å°„å¯æ†ç›®å…‰çµ¦å¥¹ï¼Œæ•´å€‹æ„›èŽ«èƒ½åŠ©â€¦
é€™æ¬¡æ±ºå®šé€æ‰‹æŒå¸å¡µå™¨ï¼Œå¾ˆè¼•å¾ˆæ–¹ä¾¿ï½žæ‹¿ä¹…äº†ä¹Ÿä¸æœƒæ‰‹é…¸å“ˆå“ˆå“ˆ
æƒ³èªªå¯ä»¥æ‹¿åˆ°åºŠä¸Šå¸æž•é ­ã€å¨ƒå¨ƒä¹‹é¡žçš„ï¼Œçœ‹å¥¹èƒ½ä¸èƒ½ç¡å¥½ä¸€é»žï½ž
ä¸ç„¶å¥¹çš„ç†Šè²“çœ¼çœŸçš„è®“äººä¸æ•¢æ­ç¶­ðŸ˜±
æ‹†é–‹å¾Œç›´æŽ¥è©¦ç”¨ä¸€æ³¢ï¼Œæ„Ÿæƒ³å°±æ˜¯é¦¬é”çœŸçš„å¾ˆåµï¼ï¼
ä½†æ•ˆæžœå¾ˆä¸éŒ¯æ¬¸ï½žæ²’å¤šä¹…å‰ç«¯çš„é›†å¡µè¢‹å°±ç´¯ç©äº†ä¸å°‘ç°å¡µðŸ¤£
ï¼¿

å†ä¾†æ˜¯æˆ‘çš„ç¦®ç‰©ðŸ¥³
https://i.imgur.com/Qkq9KI9.jpg
https://www.dcard.tw/v2/vivid/videos/10ac72c3-9e5c-400f-874c-a172b7ca7979?r=1.7777777777777777
ã€è‰¾è«¾çªã€‘åšå¦žè¯ååŒ–å¦åˆ·
è‡ªå¾žå°åŒ—ç‹‚ä¸‹é›¨ä¹‹å¾Œæˆ‘å°±é–‹å§‹æŠ±æ€¨åˆ·å…·ä¹¾ä¸äº†ðŸ˜­
æ²’æƒ³åˆ°ç›´æŽ¥æ”¶åˆ°ä¸€å¥—åˆ·ðŸ˜
ä»Šå¤©ç›´æŽ¥ä¸Šè‡‰è©¦è©¦çœ‹ï¼
å› ç‚ºæƒ³ç™¼æ–‡æœ‰æå‰æ‹ç…§ï¼Œæ‰€ä»¥åˆ·æ¯›æ˜¯ä¹¾æ·¨çš„å–”ï½ž

ï¼ˆæ»¿åˆ†äº”é¡†â­ï¼›0.5åˆ†ç”¨âœ¨è¡¨ç¤ºï¼ï¼‰

1.èœœç²‰åˆ·ï¼šâ­â­â­â­âœ¨
é€™æ”¯å¾ˆè“¬é¬†ï¼Œå®šå¦é€Ÿåº¦å¾ˆå¿«ï¼è¼•è¼•çš„å°±èƒ½åˆ·å‡ºè¼•è–„çš„å¦ï¼ŒæŽƒåœ¨è‡‰ä¸Šè¶…èˆ’æœðŸ‘

2.è…®ç´…åˆ·ï¼šâ­â­â­â­
é¡¯è‰²åº¦è¶…ç´šå¯ä»¥â˜ºæ²¾ä¸€ä¸‹å°±èƒ½æŠŠç²‰å–èµ·ä¾†äº†ï½žå¦‚æžœæ€•ä¸‹æ‰‹å¤ªé‡ï¼Œä¸€å®šè¦åœ¨ä¸Šå¦å‰æŠ–ä¸€æŠ–ï¼Œä¸ç„¶æœƒè·Ÿæˆ‘ä¸€æ¨£ç›´æŽ¥è®ŠæˆéŽæ•å¦ðŸ¤£

3.æ–œè§’ä¿®å®¹åˆ·ï¼šâ­â­â­â­âœ¨
é€™æ”¯çš„æ•ˆæžœå¾ˆè‡ªç„¶ï¼Œæ–œè§’é©åˆæ‹¿ä¾†åˆ·ä¸‹å·´å…©å´ï¼Œä¸å®¹æ˜“å¤±æ‰‹

4.ç«è‹—æ‰“äº®åˆ·ï¼šâ­â­â­â­
é€™æ”¯æ˜¯æ¯”è¼ƒæ‰çš„ç«è‹—åˆ·åž‹ï¼Œä¸»è¦æ‹¿ä¾†ä¸Šåœ¨çœ¼ä¸‹æ‰“äº®åŠé¡´éª¨ï¼Œå´é¢å‰‡é©åˆæ‹¿ä¾†ç”¨åœ¨å±±æ ¹åŠçœ‰éª¨ï¼Œå¶çˆ¾ä¹Ÿæœƒæ‹¿å®ƒåšçœ¼ä¸‹å®šå¦ï¼Œä¹Ÿç®—æ˜¯ä¸€åˆ·å¤šç”¨ðŸ‘

5.å¤§çœ¼å½±åˆ·ï¼šâ­â­â­â­âœ¨
æƒ³å¤§å¤§ç¨±è®šä¸€ä¸‹åšå¦žçš„å–ç²‰åŠ›ðŸ‘é€™æ”¯å¤§å°é©ä¸­ï¼Œæ‰“åº•æ»¿å‡å‹»çš„

6.é¼»å½±åˆ·ï¼šâ­â­â­â­â­
é€™æ”¯ä¸€åˆ·å¤šç”¨æ¬¸ï¼é™¤äº†æ‹¿ä¾†ç•«é¼»å½±ï¼Œä¹Ÿå¯ä»¥æšˆæŸ“çœ¼å¦ï½žæ•ˆæžœè‡ªç„¶ðŸ‘Œ

7.é®ç‘•åˆ·ï¼šâ­â­â­â­
é€™æ”¯æ˜¯æ•´å¥—è£¡é¢å°‘æ•¸çš„çº–ç¶­æ¯›åˆ·ï¼Œé®ç‘•åˆ·å°±æ˜¯è¦ç”¨çº–ç¶­æ¯›æ‰æ¯”è¼ƒå¥½æŠŠæ¶²ç‹€æˆ–è†ç‹€çš„é®ç‘•æ‹é–‹ï¼Œå¤§å°å½¢ç‹€å°æ–¼æ·šæºå’Œç—˜ç–¤çš„é®ç‘•ä¹Ÿéžå¸¸é©åˆ

8.çœ¼å½±æšˆæŸ“åˆ·ï¼šâ­â­â­â­â­
é€™æ”¯é©åˆåˆ·çœ¼å°¾ä¸‰è§’å€ï¼Œéš¨æ‰‹åˆ·èƒ½æŠŠé‚Šç•Œæšˆé–‹ã€ç•«å‡ºæ¼¸å±¤ï¼ˆä¹‹å‰ç”¨éŽçº–ç¶­æ¯›çš„æšˆæŸ“åˆ·ï¼Œç›¸è¼ƒä¹‹ä¸‹ï¼Œå‹•ç‰©æ¯›çš„æšˆæŸ“æ•ˆæžœçœŸçš„æ¯”è¼ƒå¥½ï¼‰

9.ä¸­çœ¼å½±åˆ·ï¼šâ­â­â­â­
å°±æ˜¯ä¸€æ”¯ä¸­è¦ä¸­çŸ©çš„çœ¼å½±åˆ·ðŸ¤£æ²’ç”šéº¼ç‰¹åˆ¥çš„æ„Ÿæƒ³å“ˆå“ˆå“ˆ

10.å°çœ¼å½±åˆ·ï¼šâ­â­â­â­âœ¨
é€™æ”¯æœƒè·Ÿç´°ç¯€åˆ·äº¤æ›¿ä½¿ç”¨ï½žåˆ·æ¯›å°è€Œä¸æ‰Žï¼Œé©åˆåœ¨çœ¼è¤¶è™•åšå †ç–ŠæšˆæŸ“

11.ç´°ç¯€çœ¼å½±åˆ·ï¼šâ­â­â­â­â­
ä¸å¾—ä¸èªªçœ¼éƒ¨åˆ·çš„è¡¨ç¾å¾ˆå¯ä»¥ï¼åŽŸæœ¬èªç‚ºé€™æ”¯æœƒå¤ªå°ä¸å¥½ç”¨ï¼Œæ²’æƒ³åˆ°ç”¨ä¾†è™•ç†ç´°ç¯€å‰›å‰›å¥½ï¼Œå †äº†ï¼æˆ‘è¦ºå¾—è »é©åˆæ‹¿ä¾†é»žçœ¼å½±ä¸­é–“çš„ç å…‰è‰²ï½ž

12.çœ¼ç·šçœ‰åˆ·ï¼šâ­â­â­â­â­
é›™é ­è¨­è¨ˆä¸ç¨€å¥‡ï¼Œä½†é€™å€‹èžºæ—‹å°–ç«¯çœŸçš„å¾ˆé…·ï½žèžºæ—‹é ­å¯ä»¥æŠŠç«æ¯›åˆ·å¾—å¾ˆæ¼‚äº®ï¼Œç”¨é€™æ”¯çœ¼å°¾æ‹‰å‡ºä¾†çš„çœ¼ç·šä¸å®¹æ˜“å¤±æ‰‹ï¼Œå¯ä»¥è®“çœ¼ç›çœ‹èµ·ä¾†æ›´æ·±é‚ƒï¼ä½†å¦‚æžœç•¶çœ‰åˆ·ç”¨çš„è©±ï¼Œæˆ‘å°±æ²’æœ‰é‚£éº¼å–œæ­¡äº†ï¼Œä¸å¤ªå¥½å‹¾å‹’çœ‰åž‹ðŸ˜¶

é‚„æœ‰é™„ä¸€å€‹å¾ˆå¯æ„›çš„åœ“åœ“åˆ·æ¡¶ðŸ˜š
https://i.imgur.com/QN6Kv3f.jpg
é€™æ¨£å°±ä¸ç”¨å†å¦å¤–è²·æ±è¥¿å¦åˆ·å…·äº†ðŸ¤£æ“ºåœ¨æ¡Œä¸Šä¹Ÿç¾Žç¾Žçš„ï½ž
è€Œä¸”æœ‰éŠå­å¯ä»¥èƒŒåœ¨èº«ä¸Šï¼Œä½†å¯èƒ½åªé©åˆæ‹¿ä¾†æ‹ç…§XDD
ï¼¿

ä»¥ä¸Š!!!!ç¥å¤§å®¶éƒ½æ‹¿åˆ°å–œæ­¡çš„ç¦®ç‰©ï½ž
â›„Merry Christmasâ›„",#é–‹ç®± Merry ChristmasðŸŽ„ç¾Žåˆ°å†’æ³¡çš„äº¤æ›ç¦®ç‰©ðŸ˜,2020-12-25T12:07:47.276Z,2020-12-25T12:07:47.276Z,5,34,F,merryxmas,https://www.dcard.tw/f/merryxmas/p/235049810,dcard,post,å¤§å®¶è–èª•å¿«æ¨‚æ˜¨å¤©å¹³å®‰å¤œéƒ½æœ‰æ”¶åˆ°ç¦®ç‰©å—Žä»Šå¹´è·Ÿå§Šå¦¹äº¤æ›ç¦®ç‰©èªªå¥½è¦å·å·è§€å¯Ÿå°æ–¹éœ€è¦ä»€éº¼æˆ‘æº–å‚™äº†å€‹é€å¥¹è»Šå®¶ç”¨ç„¡ç·šæ‰‹æŒå¸å¡µå™¨èªè­˜å¥¹é€™éº¼ä¹…æ¯æ¬¡çœ‹åˆ°å¥¹å› ç‚ºå¡µèŸŽä¸€ç›´ç‹‚æ‰“å™´åšå°±åªèƒ½æŠ•å°„å¯æ†ç›®å…‰çµ¦å¥¹æ•´å€‹æ„›èŽ«èƒ½åŠ©é€™æ¬¡æ±ºå®šé€æ‰‹æŒå¸å¡µå™¨å¾ˆè¼•å¾ˆæ–¹ä¾¿æ‹¿ä¹…äº†ä¹Ÿä¸æœƒæ‰‹é…¸å“ˆå“ˆå“ˆæƒ³èªªå¯ä»¥æ‹¿åˆ°åºŠä¸Šå¸æž•é ­å¨ƒå¨ƒä¹‹é¡žçš„çœ‹å¥¹èƒ½ä¸èƒ½ç¡å¥½ä¸€é»žä¸ç„¶å¥¹çš„ç†Šè²“çœ¼çœŸçš„è®“äººä¸æ•¢æ­ç¶­æ‹†é–‹å¾Œç›´æŽ¥è©¦ç”¨ä¸€æ³¢æ„Ÿæƒ³å°±æ˜¯é¦¬é”çœŸçš„å¾ˆåµä½†æ•ˆæžœå¾ˆä¸éŒ¯æ¬¸æ²’å¤šä¹…å‰ç«¯çš„é›†å¡µè¢‹å°±ç´¯ç©äº†ä¸å°‘ç°å¡µå†ä¾†æ˜¯æˆ‘çš„ç¦®ç‰©è‰¾è«¾çªåšå¦žè¯ååŒ–å¦åˆ·è‡ªå¾žå°åŒ—ç‹‚ä¸‹é›¨ä¹‹å¾Œæˆ‘å°±é–‹å§‹æŠ±æ€¨åˆ·å…·ä¹¾ä¸äº†æ²’æƒ³åˆ°ç›´æŽ¥æ”¶åˆ°ä¸€å¥—åˆ·ä»Šå¤©ç›´æŽ¥ä¸Šè‡‰è©¦è©¦çœ‹å› ç‚ºæƒ³ç™¼æ–‡æœ‰æå‰æ‹ç…§æ‰€ä»¥åˆ·æ¯›æ˜¯ä¹¾æ·¨çš„å–”æ»¿åˆ†äº”é¡†åˆ†ç”¨è¡¨ç¤ºèœœç²‰åˆ·é€™æ”¯å¾ˆè“¬é¬†å®šå¦é€Ÿåº¦å¾ˆå¿«è¼•è¼•çš„å°±èƒ½åˆ·å‡ºè¼•è–„çš„å¦æŽƒåœ¨è‡‰ä¸Šè¶…èˆ’æœè…®ç´…åˆ·é¡¯è‰²åº¦è¶…ç´šå¯ä»¥æ²¾ä¸€ä¸‹å°±èƒ½æŠŠç²‰å–èµ·ä¾†äº†å¦‚æžœæ€•ä¸‹æ‰‹å¤ªé‡ä¸€å®šè¦åœ¨ä¸Šå¦å‰æŠ–ä¸€æŠ–ä¸ç„¶æœƒè·Ÿæˆ‘ä¸€æ¨£ç›´æŽ¥è®ŠæˆéŽæ•å¦æ–œè§’ä¿®å®¹åˆ·é€™æ”¯çš„æ•ˆæžœå¾ˆè‡ªç„¶æ–œè§’é©åˆæ‹¿ä¾†åˆ·ä¸‹å·´å…©å´ä¸å®¹æ˜“å¤±æ‰‹ç«è‹—æ‰“äº®åˆ·é€™æ”¯æ˜¯æ¯”è¼ƒæ‰çš„ç«è‹—åˆ·åž‹ä¸»è¦æ‹¿ä¾†ä¸Šåœ¨çœ¼ä¸‹æ‰“äº®åŠé¡´éª¨å´é¢å‰‡é©åˆæ‹¿ä¾†ç”¨åœ¨å±±æ ¹åŠçœ‰éª¨å¶çˆ¾ä¹Ÿæœƒæ‹¿å®ƒåšçœ¼ä¸‹å®šå¦ä¹Ÿç®—æ˜¯ä¸€åˆ·å¤šç”¨å¤§çœ¼å½±åˆ·æƒ³å¤§å¤§ç¨±è®šä¸€ä¸‹åšå¦žçš„å–ç²‰åŠ›é€™æ”¯å¤§å°é©ä¸­æ‰“åº•æ»¿å‡å‹»çš„é¼»å½±åˆ·é€™æ”¯ä¸€åˆ·å¤šç”¨æ¬¸é™¤äº†æ‹¿ä¾†ç•«é¼»å½±ä¹Ÿå¯ä»¥æšˆæŸ“çœ¼å¦æ•ˆæžœè‡ªç„¶é®ç‘•åˆ·é€™æ”¯æ˜¯æ•´å¥—è£¡é¢å°‘æ•¸çš„çº–ç¶­æ¯›åˆ·é®ç‘•åˆ·å°±æ˜¯è¦ç”¨çº–ç¶­æ¯›æ‰æ¯”è¼ƒå¥½æŠŠæ¶²ç‹€æˆ–è†ç‹€çš„é®ç‘•æ‹é–‹å¤§å°å½¢ç‹€å°æ–¼æ·šæºå’Œç—˜ç–¤çš„é®ç‘•ä¹Ÿéžå¸¸é©åˆçœ¼å½±æšˆæŸ“åˆ·é€™æ”¯é©åˆåˆ·çœ¼å°¾ä¸‰è§’å€éš¨æ‰‹åˆ·èƒ½æŠŠé‚Šç•Œæšˆé–‹ç•«å‡ºæ¼¸å±¤ä¹‹å‰ç”¨éŽçº–ç¶­æ¯›çš„æšˆæŸ“åˆ·ç›¸è¼ƒä¹‹ä¸‹å‹•ç‰©æ¯›çš„æšˆæŸ“æ•ˆæžœçœŸçš„æ¯”è¼ƒå¥½ä¸­çœ¼å½±åˆ·å°±æ˜¯ä¸€æ”¯ä¸­è¦ä¸­çŸ©çš„çœ¼å½±åˆ·æ²’ç”šéº¼ç‰¹åˆ¥çš„æ„Ÿæƒ³å“ˆå“ˆå“ˆå°çœ¼å½±åˆ·é€™æ”¯æœƒè·Ÿç´°ç¯€åˆ·äº¤æ›¿ä½¿ç”¨åˆ·æ¯›å°è€Œä¸æ‰Žé©åˆåœ¨çœ¼è¤¶è™•åšå †ç–ŠæšˆæŸ“ç´°ç¯€çœ¼å½±åˆ·ä¸å¾—ä¸èªªçœ¼éƒ¨åˆ·çš„è¡¨ç¾å¾ˆå¯ä»¥åŽŸæœ¬èªç‚ºé€™æ”¯æœƒå¤ªå°ä¸å¥½ç”¨æ²’æƒ³åˆ°ç”¨ä¾†è™•ç†ç´°ç¯€å‰›å‰›å¥½å †äº†æˆ‘è¦ºå¾—è »é©åˆæ‹¿ä¾†é»žçœ¼å½±ä¸­é–“çš„ç å…‰è‰²çœ¼ç·šçœ‰åˆ·é›™é ­è¨­è¨ˆä¸ç¨€å¥‡ä½†é€™å€‹èžºæ—‹å°–ç«¯çœŸçš„å¾ˆé…·èžºæ—‹é ­å¯ä»¥æŠŠç«æ¯›åˆ·å¾—å¾ˆæ¼‚äº®ç”¨é€™æ”¯çœ¼å°¾æ‹‰å‡ºä¾†çš„çœ¼ç·šä¸å®¹æ˜“å¤±æ‰‹å¯ä»¥è®“çœ¼ç›çœ‹èµ·ä¾†æ›´æ·±é‚ƒä½†å¦‚æžœç•¶çœ‰åˆ·ç”¨çš„è©±æˆ‘å°±æ²’æœ‰é‚£éº¼å–œæ­¡äº†ä¸å¤ªå¥½å‹¾å‹’çœ‰åž‹é‚„æœ‰é™„ä¸€å€‹å¾ˆå¯æ„›çš„åœ“åœ“åˆ·æ¡¶é€™æ¨£å°±ä¸ç”¨å†å¦å¤–è²·æ±è¥¿å¦åˆ·å…·äº†æ“ºåœ¨æ¡Œä¸Šä¹Ÿç¾Žç¾Žçš„è€Œä¸”æœ‰éŠå­å¯ä»¥èƒŒåœ¨èº«ä¸Šä½†å¯èƒ½åªé©åˆæ‹¿ä¾†æ‹ç…§ä»¥ä¸Šç¥å¤§å®¶éƒ½æ‹¿åˆ°å–œæ­¡çš„ç¦®ç‰©,,[],[],neutral
14,235049049,"æœ€è¿‘ç”·å‹ä¸€ç›´åœ¨å“€è™Ÿä»–çš„é›»è…¦æœƒç„¡ç·£ç„¡æ•…è‡ªå·±é–‹é—œæ©Ÿ
æˆ–è€…éš¨èº«ç¢Ÿ(? è®€ä¸åˆ°ä¹‹é¡žçš„
è€Œä¸”æˆ‘çœ‹ä»–çš„èˆŠæ©Ÿæ®¼ç°å¡µä¹Ÿå¾ˆå¤šâ€¦
æ‡‰è©²æ˜¯åˆ°äº†è©²æ›çš„æ™‚å€™äº†

å› ç‚ºä¹Ÿæœ‰è‡ªå·±æƒ³è¦çš„æ±è¥¿
å°±å‰›å¥½æ‹¿ä¾†ç•¶è—‰å£(?
æå‡ºäº†ä»Šå¹´è¦ä¾†å€‹è–èª•äº¤æ›ç¦®ç‰©

ä»–çµ¦æˆ‘é‚£å¼µç…§ç‰‡èªªå¾ˆé«’
åˆ°åº•å“ªé«’å•Š?= =
é‚„æ¯”æˆ‘æ¡Œå­ä¹¾æ·¨â€¦..

https://i.imgur.com/sLgcpyN.jpg


æ²’æœ‰è²·éŽé€™ç¨®3Cçš„æ±è¥¿ 
æ‰ç™¼ç¾ åŽŸä¾†åœ¨åƒå…ƒå·¦å³çš„é›»è…¦æ©Ÿæ®¼é€™éº¼é›£æ‰¾
æ©Ÿæ®¼æ€Žéº¼å“ªéº¼è²´å•Š!!!!!!!!!!!!!!!!!!!!!!!!!!


å¥½ä¸å®¹æ˜“çœ‹åˆ°å¥½çœ‹çš„æ©Ÿæ®¼

https://i.imgur.com/7OimCxT.jpg

å¯æƒœæ˜¯ç²‰ç´…è‰² å¦‚æžœé€ç”·å‹ é‚£å¤©æ™šä¸Šæ‡‰è©²æœƒè¢«ç‹ ç‹ æ•™è¨“>///<
æœ€å¾Œé‚„æ˜¯é¸äº†æœ€å®‰å…¨çš„é»‘è‰²

ç™»æ„£~

https://i.imgur.com/qLh9jjN.jpg


https://i.imgur.com/E5HfqNP.jpg

å´é‚Šé‚„æ˜¯çŽ»ç’ƒçš„
å¯ä»¥çœ‹åˆ°äº®äº®çš„é›»è…¦
æ‹¿èµ·ä¾†ä¸æœƒå¾ˆé‡
ä¸ç„¶æˆ‘è¦æ¬åŽ»é¤å»³ æˆ‘å¯èƒ½æœƒæ­»æŽ‰XD

https://i.imgur.com/S2KTGgu.jpg

https://i.imgur.com/0Mr6Sza.jpg

å¯æ˜¯åŒ…è£å¾Œçœ‹èµ·ä¾†å°±åƒé¾ç„¶å¤§ç‰©å“ˆå“ˆ

å°å°çš„ä¸æœƒä½”ç©ºé–“åˆæ¯”ä»–åŽŸæœ¬çš„å¥½çœ‹
è€Œä¸”çœ‹èµ·ä¾†è³ªæ„Ÿå¾ˆå¥½~~~~~~~~~~~
æˆ‘è¦ºå¾—æˆ‘æŒ‘çš„ç¦®ç‰©å¾ˆæ£’~~å¸Œæœ›ä»–æœƒå–œæ­¡ä¸è¦æ•™è¨“æˆ‘>///<

https://i.imgur.com/8T1Wagg.jpg

https://i.imgur.com/HprwbTr.jpg

https://i.imgur.com/BHjc2up.jpg


ä¸èªªäº† å…ˆåŽ»å¯«å¡ç‰‡äº†~",è·Ÿç”·å‹çš„äº¤æ›ç¦®ç‰© è³½å¾·æ–¯æ©Ÿæ®¼,2020-12-25T09:51:09.741Z,2020-12-25T09:51:09.741Z,9,15,F,merryxmas,https://www.dcard.tw/f/merryxmas/p/235049049,dcard,post,æœ€è¿‘ç”·å‹ä¸€ç›´åœ¨å“€è™Ÿä»–çš„é›»è…¦æœƒç„¡ç·£ç„¡æ•…è‡ªå·±é–‹é—œæ©Ÿæˆ–è€…éš¨èº«ç¢Ÿè®€ä¸åˆ°ä¹‹é¡žçš„è€Œä¸”æˆ‘çœ‹ä»–çš„èˆŠæ©Ÿæ®¼ç°å¡µä¹Ÿå¾ˆå¤šæ‡‰è©²æ˜¯åˆ°äº†è©²æ›çš„æ™‚å€™äº†å› ç‚ºä¹Ÿæœ‰è‡ªå·±æƒ³è¦çš„æ±è¥¿å°±å‰›å¥½æ‹¿ä¾†ç•¶è—‰å£æå‡ºäº†ä»Šå¹´è¦ä¾†å€‹è–èª•äº¤æ›ç¦®ç‰©ä»–çµ¦æˆ‘é‚£å¼µç…§ç‰‡èªªå¾ˆé«’åˆ°åº•å“ªé«’å•Šé‚„æ¯”æˆ‘æ¡Œå­ä¹¾æ·¨æ²’æœ‰è²·éŽé€™ç¨®çš„æ±è¥¿æ‰ç™¼ç¾åŽŸä¾†åœ¨åƒå…ƒå·¦å³çš„é›»è…¦æ©Ÿæ®¼é€™éº¼é›£æ‰¾æ©Ÿæ®¼æ€Žéº¼å“ªéº¼è²´å•Šå¥½ä¸å®¹æ˜“çœ‹åˆ°å¥½çœ‹çš„æ©Ÿæ®¼å¯æƒœæ˜¯ç²‰ç´…è‰²å¦‚æžœé€ç”·å‹é‚£å¤©æ™šä¸Šæ‡‰è©²æœƒè¢«ç‹ ç‹ æ•™è¨“æœ€å¾Œé‚„æ˜¯é¸äº†æœ€å®‰å…¨çš„é»‘è‰²ç™»æ„£å´é‚Šé‚„æ˜¯çŽ»ç’ƒçš„å¯ä»¥çœ‹åˆ°äº®äº®çš„é›»è…¦æ‹¿èµ·ä¾†ä¸æœƒå¾ˆé‡ä¸ç„¶æˆ‘è¦æ¬åŽ»é¤å»³æˆ‘å¯èƒ½æœƒæ­»æŽ‰å¯æ˜¯åŒ…è£å¾Œçœ‹èµ·ä¾†å°±åƒé¾ç„¶å¤§ç‰©å“ˆå“ˆå°å°çš„ä¸æœƒä½”ç©ºé–“åˆæ¯”ä»–åŽŸæœ¬çš„å¥½çœ‹è€Œä¸”çœ‹èµ·ä¾†è³ªæ„Ÿå¾ˆå¥½æˆ‘è¦ºå¾—æˆ‘æŒ‘çš„ç¦®ç‰©å¾ˆæ£’å¸Œæœ›ä»–æœƒå–œæ­¡ä¸è¦æ•™è¨“æˆ‘ä¸èªªäº†å…ˆåŽ»å¯«å¡ç‰‡äº†,"['æœ€è¿‘', 'ç”·å‹', 'ä¸€ç›´', 'åœ¨', 'å“€è™Ÿ', 'ä»–', 'çš„', 'é›»è…¦', 'æœƒ', 'ç„¡ç·£ç„¡æ•…', 'è‡ªå·±', 'é–‹é—œæ©Ÿ', 'æˆ–è€…', 'éš¨èº«', 'ç¢Ÿ', 'è®€', 'ä¸', 'åˆ°', 'ä¹‹é¡ž', 'çš„', 'è€Œä¸”', 'æˆ‘', 'çœ‹', 'ä»–', 'çš„', 'èˆŠ', 'æ©Ÿæ®¼', 'ç°å¡µ', 'ä¹Ÿ', 'å¾ˆå¤š', 'æ‡‰è©²', 'æ˜¯', 'åˆ°', 'äº†', 'è©²', 'æ›', 'çš„', 'æ™‚å€™', 'äº†', 'å› ç‚º', 'ä¹Ÿ', 'æœ‰', 'è‡ªå·±', 'æƒ³è¦', 'çš„', 'æ±è¥¿', 'å°±', 'å‰›å¥½', 'æ‹¿ä¾†', 'ç•¶', 'è—‰å£', 'æå‡º', 'äº†', 'ä»Šå¹´', 'è¦', 'ä¾†', 'å€‹', 'è–èª•', 'äº¤æ›', 'ç¦®ç‰©', 'ä»–', 'çµ¦', 'æˆ‘', 'é‚£', 'å¼µ', 'ç…§ç‰‡', 'èªª', 'å¾ˆ', 'é«’', 'åˆ°åº•', 'å“ª', 'é«’', 'å•Š', 'é‚„', 'æ¯”', 'æˆ‘', 'æ¡Œå­', 'ä¹¾æ·¨', 'æ²’æœ‰', 'è²·', 'éŽ', 'é€™', 'ç¨®', 'çš„', 'æ±è¥¿', 'æ‰', 'ç™¼ç¾', 'åŽŸä¾†', 'åœ¨', 'åƒ', 'å…ƒ', 'å·¦å³', 'çš„', 'é›»è…¦', 'æ©Ÿæ®¼', 'é€™éº¼', 'é›£æ‰¾', 'æ©Ÿæ®¼', 'æ€Žéº¼', 'å“ª', 'éº¼', 'è²´', 'å•Š', 'å¥½ä¸å®¹æ˜“', 'çœ‹åˆ°', 'å¥½çœ‹', 'çš„', 'æ©Ÿæ®¼', 'å¯æƒœ', 'æ˜¯', 'ç²‰ç´…è‰²', 'å¦‚æžœ', 'é€', 'ç”·å‹', 'é‚£', 'å¤©', 'æ™šä¸Š', 'æ‡‰è©²', 'æœƒ', 'è¢«', 'ç‹ ç‹ ', 'æ•™è¨“', 'æœ€å¾Œ', 'é‚„æ˜¯', 'é¸', 'äº†', 'æœ€', 'å®‰å…¨', 'çš„', 'é»‘è‰²', 'ç™»', 'æ„£', 'å´é‚Š', 'é‚„æ˜¯', 'çŽ»ç’ƒ', 'çš„', 'å¯ä»¥', 'çœ‹åˆ°', 'äº®äº®', 'çš„', 'é›»è…¦', 'æ‹¿èµ·ä¾†', 'ä¸æœƒ', 'å¾ˆ', 'é‡', 'ä¸ç„¶', 'æˆ‘', 'è¦', 'æ¬åŽ»', 'é¤å»³', 'æˆ‘', 'å¯èƒ½', 'æœƒ', 'æ­»æŽ‰', 'å¯æ˜¯', 'åŒ…è£', 'å¾Œ', 'çœ‹èµ·ä¾†', 'å°±', 'åƒ', 'é¾ç„¶å¤§ç‰©', 'å“ˆå“ˆ', 'å°å°', 'çš„', 'ä¸æœƒ', 'ä½”', 'ç©ºé–“', 'åˆ', 'æ¯”', 'ä»–', 'åŽŸæœ¬', 'çš„', 'å¥½çœ‹', 'è€Œä¸”', 'çœ‹èµ·ä¾†', 'è³ªæ„Ÿ', 'å¾ˆ', 'å¥½', 'æˆ‘', 'è¦ºå¾—', 'æˆ‘', 'æŒ‘', 'çš„', 'ç¦®ç‰©', 'å¾ˆ', 'æ£’', 'å¸Œæœ›', 'ä»–', 'æœƒ', 'å–œæ­¡', 'ä¸è¦', 'æ•™è¨“', 'æˆ‘', 'ä¸', 'èªª', 'äº†', 'å…ˆ', 'åŽ»', 'å¯«', 'å¡ç‰‡', 'äº†']","['æœ€è¿‘', 'ç”·å‹', 'ä¸€ç›´', 'å“€è™Ÿ', 'é›»è…¦', 'ç„¡ç·£ç„¡æ•…', 'é–‹é—œæ©Ÿ', 'éš¨èº«', 'ç¢Ÿ', 'è®€', 'èˆŠ', 'æ©Ÿæ®¼', 'ç°å¡µ', 'æ‡‰è©²', 'æ›', 'æƒ³è¦', 'æ±è¥¿', 'æ‹¿ä¾†', 'è—‰å£', 'æå‡º', 'ä»Šå¹´', 'è–èª•', 'äº¤æ›', 'ç¦®ç‰©', 'å¼µ', 'ç…§ç‰‡', 'èªª', 'é«’', 'é«’', 'æ¡Œå­', 'ä¹¾æ·¨', 'è²·', 'ç¨®', 'æ±è¥¿', 'ç™¼ç¾', 'åŽŸä¾†', 'å…ƒ', 'å·¦å³', 'é›»è…¦', 'æ©Ÿæ®¼', 'é›£æ‰¾', 'æ©Ÿæ®¼', 'è²´', 'å¥½ä¸å®¹æ˜“', 'çœ‹åˆ°', 'å¥½çœ‹', 'æ©Ÿæ®¼', 'å¯æƒœ', 'ç²‰ç´…è‰²', 'é€', 'ç”·å‹', 'å¤©', 'æ™šä¸Š', 'æ‡‰è©²', 'ç‹ ç‹ ', 'æ•™è¨“', 'æœ€å¾Œ', 'é¸', 'æœ€', 'å®‰å…¨', 'é»‘è‰²', 'ç™»', 'æ„£', 'å´é‚Š', 'çŽ»ç’ƒ', 'çœ‹åˆ°', 'äº®äº®', 'é›»è…¦', 'æ‹¿èµ·ä¾†', 'é‡', 'æ¬åŽ»', 'é¤å»³', 'æ­»æŽ‰', 'åŒ…è£', 'å¾Œ', 'é¾ç„¶å¤§ç‰©', 'å°å°', 'ä½”', 'ç©ºé–“', 'åŽŸæœ¬', 'å¥½çœ‹', 'è³ªæ„Ÿ', 'å¥½', 'è¦ºå¾—', 'æŒ‘', 'ç¦®ç‰©', 'æ£’', 'å¸Œæœ›', 'å–œæ­¡', 'æ•™è¨“', 'èªª', 'å…ˆ', 'å¯«', 'å¡ç‰‡']",[],negative
15,235049037,"ä¹‹å‰ä¸€ç›´å¾ˆæƒ³è²·æ”¯æŒ‰æ‘©æ§ä¾†ä½¿ç”¨
å¯æ˜¯è‡ªå·±æ˜¯å±¬æ–¼å–®è–„ç˜¦å°çš„èº«å½¢
å¾ˆå¤šçœ‹ä¸Šçš„æŒ‰æ‘©æ§å°æˆ‘ä¾†èªªéƒ½å¤ªå¤§æ”¯äº†
å¤ªå¤§å°±ç®—äº† é‚„å¾ˆé‡å¾ˆé›£æ¡à²¥^à²¥
è·Ÿé–ƒå…‰æŠ±æ€¨äº†å¾ˆä¹… é–ƒå…‰ä¹Ÿåªæ˜¯å‹¸èªªæˆ‘æ”¾æ£„
ä»–å¹«æˆ‘æŒ‰æ‘©å°±å¥½-`Ð´Â´-(è¶…æ¬ æ

æ²’ï¼æƒ³ï¼åˆ°ï¼
ç™»ç™»ï½ž
æœ¨é ­é–ƒå…‰å±…ç„¶é–‹ç«…äº†ï¼ï¼ï¼
çœ‹è‘—ä»–ä¸å¥½æ„æ€åœ°æŠ“è‘—é ­ å®³ç¾žåœ°æ‹¿å‡ºç¦®ç‰©
çœŸçš„å·®é»žæŠŠä»–æŠ“éŽä¾†è¦ªå¹¾å£

 
https://i.imgur.com/5ucsCJl.jpg
é€™æ”¯æ˜¯è¼è‘‰çš„MINI VæŒ‰æ‘©æ§ æŒ‰æ‘©é ­ç¸½å…±æœ‰å››ç¨®
åœ¨é€™ä¹‹ä¸­æˆ‘æœ€å–œæ­¡çš„æ˜¯é€™å€‹éŒå½¢é ­Ê•Â·Í¡á´¥Â·Ê”
 
https://i.imgur.com/mntO036.jpg
å› ç‚ºè‡ªå·±ç˜¦å° æ‰€ä»¥ä¸€èˆ¬çš„é ­å°æˆ‘ä¾†èªªéƒ½æ¯”è¼ƒå¤§ä¸€é»ž
ä½†é€™å€‹éŒå½¢é ­å°å°çš„ å¯ä»¥å¾ˆå‰›å¥½çš„æŒ‰åˆ°é»ž
ä¸éŽè‡ªå·±åœ¨ç”¨é€™å€‹é ­çš„æ™‚å€™ä¹Ÿæœ‰é»žå®³ç¾ž
å› ç‚ºæœ‰é»žåƒâ€¦.å“ˆå“ˆå“ˆå“ˆå“ˆå“ˆå“ˆ

 
https://i.imgur.com/Joxw9hQ.jpg
æ¡èµ·ä¾†æ˜¯çœŸçš„æ»¿å¥½æ¡çš„ ä¹ŸçœŸçš„æ²’æœ‰å¾ˆé‡
å®ƒæœ‰ä¸‰ç¨®é¡è‰²
æ¾æž—ç¶  è¿·éœ§é»‘ çŠç‘šç²‰
ä¸éŽå› ç‚ºæˆ‘å–œæ­¡æš—è‰²ç³»
æ‰€ä»¥é–ƒå…‰æŒ‘äº†é€™æ”¯è¿·éœ§é»‘çµ¦æˆ‘

ä»–è·Ÿæˆ‘èªª
ä¸€ç›´éƒ½çŸ¥é“æˆ‘å¾ˆæƒ³è¦ä¸€æ”¯æŒ‰æ‘©æ§
æ‰€ä»¥è‡ªå·±å·å·æ‰¾äº†å¾ˆä¹…
å¥½ä¸å®¹æ˜“æ‰æ‰¾åˆ°é©åˆæˆ‘çš„è¼•åž‹æŒ‰æ‘©æ§
å°å°æ”¯çš„ é‡é‡ä¹Ÿæ‰350å…‹
æƒ³èªªåŠ›æ°£å¾ˆå°çš„æˆ‘æ‹¿èµ·ä¾†æ‡‰è©²ä¹Ÿä¸æœƒå¾ˆæœ‰è² æ“”
 
https://i.imgur.com/HjzWyzL.jpg
å……é›»æ˜¯ç”¨USBå¾ˆæ–¹ä¾¿

ä¸å¾—ä¸èªªæˆ‘å®¶é–ƒå…‰é‚„æ˜¯ç®—æœ‰å¿ƒçš„
å› ç‚ºå¸‚é¢ä¸Šå¾ˆå¤šå°åž‹æŒ‰æ‘©æ§éƒ½æ˜¯ç™½ç‰Œ
ä»–çŸ¥é“æˆ‘ä¸æ•¢ç”¨ä¾†è·¯ä¸æ˜Žçš„ç‰Œå­
æ‰€ä»¥è‡ªå·±å¾žå„å¤§æŒ‰æ‘©å™¨çš„ç‰Œå­ä¸€å€‹å€‹åŽ»ç¿»æœ‰æ²’æœ‰å‡ºå°æ”¯çš„æŒ‰æ‘©æ§
é€™çœŸçš„å¾ˆæ„Ÿå‹•QQ
é›£å¾—çœ‹åˆ°æˆ‘å®¶é–ƒå…‰é–‹ç«…
å±…ç„¶é–‹å§‹æ‡‚å¾—è§€å¯Ÿå¹³å¸¸æˆ‘æƒ³è¦ä»€éº¼äº†
æƒ³åˆ°å‰›åœ¨ä¸€èµ·çš„ç¬¬ä¸€å¹´è–èª•ç¦®ç‰©
ä»–é€æˆ‘ä¸€å¤§ç›’æš–æš–åŒ…
å°±åªå› ç‚ºæˆ‘å¸¸å¸¸ç¶“ç—›
çœŸçš„æ˜¯ä¸çŸ¥é“è©²é–‹å¿ƒé‚„æ˜¯ç„¡å¥ˆäº†

ç¸½è€Œè¨€ä¹‹
é€™æ¬¡çš„è–èª•ç¦®ç‰©æˆ‘çœŸçš„å¾ˆå–œæ­¡
è¬è¬å¤§å®¶è€å¿ƒçœ‹åˆ°é€™é‚Š
ä¹Ÿç¥ç¦å¤§å®¶è–èª•å¿«æ¨‚å–”(*Â´â–½`*)",#é–‹ç®± æ‰¾åˆ°ä¸€éš»é©åˆæˆ‘çš„æŒ‰æ‘©æ§äº†â‚â‚ â—(â—Ë™ê’³Ë™â—)â—œ â‚Žâ‚Ž,2020-12-25T09:48:04.199Z,2020-12-25T09:48:04.199Z,9,22,F,merryxmas,https://www.dcard.tw/f/merryxmas/p/235049037,dcard,post,ä¹‹å‰ä¸€ç›´å¾ˆæƒ³è²·æ”¯æŒ‰æ‘©æ§ä¾†ä½¿ç”¨å¯æ˜¯è‡ªå·±æ˜¯å±¬æ–¼å–®è–„ç˜¦å°çš„èº«å½¢å¾ˆå¤šçœ‹ä¸Šçš„æŒ‰æ‘©æ§å°æˆ‘ä¾†èªªéƒ½å¤ªå¤§æ”¯äº†å¤ªå¤§å°±ç®—äº†é‚„å¾ˆé‡å¾ˆé›£æ¡è·Ÿé–ƒå…‰æŠ±æ€¨äº†å¾ˆä¹…é–ƒå…‰ä¹Ÿåªæ˜¯å‹¸èªªæˆ‘æ”¾æ£„ä»–å¹«æˆ‘æŒ‰æ‘©å°±å¥½è¶…æ¬ ææ²’æƒ³åˆ°ç™»ç™»æœ¨é ­é–ƒå…‰å±…ç„¶é–‹ç«…äº†çœ‹è‘—ä»–ä¸å¥½æ„æ€åœ°æŠ“è‘—é ­å®³ç¾žåœ°æ‹¿å‡ºç¦®ç‰©çœŸçš„å·®é»žæŠŠä»–æŠ“éŽä¾†è¦ªå¹¾å£é€™æ”¯æ˜¯è¼è‘‰çš„æŒ‰æ‘©æ§æŒ‰æ‘©é ­ç¸½å…±æœ‰å››ç¨®åœ¨é€™ä¹‹ä¸­æˆ‘æœ€å–œæ­¡çš„æ˜¯é€™å€‹éŒå½¢é ­å› ç‚ºè‡ªå·±ç˜¦å°æ‰€ä»¥ä¸€èˆ¬çš„é ­å°æˆ‘ä¾†èªªéƒ½æ¯”è¼ƒå¤§ä¸€é»žä½†é€™å€‹éŒå½¢é ­å°å°çš„å¯ä»¥å¾ˆå‰›å¥½çš„æŒ‰åˆ°é»žä¸éŽè‡ªå·±åœ¨ç”¨é€™å€‹é ­çš„æ™‚å€™ä¹Ÿæœ‰é»žå®³ç¾žå› ç‚ºæœ‰é»žåƒå“ˆå“ˆå“ˆå“ˆå“ˆå“ˆå“ˆæ¡èµ·ä¾†æ˜¯çœŸçš„æ»¿å¥½æ¡çš„ä¹ŸçœŸçš„æ²’æœ‰å¾ˆé‡å®ƒæœ‰ä¸‰ç¨®é¡è‰²æ¾æž—ç¶ è¿·éœ§é»‘çŠç‘šç²‰ä¸éŽå› ç‚ºæˆ‘å–œæ­¡æš—è‰²ç³»æ‰€ä»¥é–ƒå…‰æŒ‘äº†é€™æ”¯è¿·éœ§é»‘çµ¦æˆ‘ä»–è·Ÿæˆ‘èªªä¸€ç›´éƒ½çŸ¥é“æˆ‘å¾ˆæƒ³è¦ä¸€æ”¯æŒ‰æ‘©æ§æ‰€ä»¥è‡ªå·±å·å·æ‰¾äº†å¾ˆä¹…å¥½ä¸å®¹æ˜“æ‰æ‰¾åˆ°é©åˆæˆ‘çš„è¼•åž‹æŒ‰æ‘©æ§å°å°æ”¯çš„é‡é‡ä¹Ÿæ‰å…‹æƒ³èªªåŠ›æ°£å¾ˆå°çš„æˆ‘æ‹¿èµ·ä¾†æ‡‰è©²ä¹Ÿä¸æœƒå¾ˆæœ‰è² æ“”å……é›»æ˜¯ç”¨å¾ˆæ–¹ä¾¿ä¸å¾—ä¸èªªæˆ‘å®¶é–ƒå…‰é‚„æ˜¯ç®—æœ‰å¿ƒçš„å› ç‚ºå¸‚é¢ä¸Šå¾ˆå¤šå°åž‹æŒ‰æ‘©æ§éƒ½æ˜¯ç™½ç‰Œä»–çŸ¥é“æˆ‘ä¸æ•¢ç”¨ä¾†è·¯ä¸æ˜Žçš„ç‰Œå­æ‰€ä»¥è‡ªå·±å¾žå„å¤§æŒ‰æ‘©å™¨çš„ç‰Œå­ä¸€å€‹å€‹åŽ»ç¿»æœ‰æ²’æœ‰å‡ºå°æ”¯çš„æŒ‰æ‘©æ§é€™çœŸçš„å¾ˆæ„Ÿå‹•é›£å¾—çœ‹åˆ°æˆ‘å®¶é–ƒå…‰é–‹ç«…å±…ç„¶é–‹å§‹æ‡‚å¾—è§€å¯Ÿå¹³å¸¸æˆ‘æƒ³è¦ä»€éº¼äº†æƒ³åˆ°å‰›åœ¨ä¸€èµ·çš„ç¬¬ä¸€å¹´è–èª•ç¦®ç‰©ä»–é€æˆ‘ä¸€å¤§ç›’æš–æš–åŒ…å°±åªå› ç‚ºæˆ‘å¸¸å¸¸ç¶“ç—›çœŸçš„æ˜¯ä¸çŸ¥é“è©²é–‹å¿ƒé‚„æ˜¯ç„¡å¥ˆäº†ç¸½è€Œè¨€ä¹‹é€™æ¬¡çš„è–èª•ç¦®ç‰©æˆ‘çœŸçš„å¾ˆå–œæ­¡è¬è¬å¤§å®¶è€å¿ƒçœ‹åˆ°é€™é‚Šä¹Ÿç¥ç¦å¤§å®¶è–èª•å¿«æ¨‚å–”,"['ä¹‹å‰', 'ä¸€ç›´', 'å¾ˆ', 'æƒ³', 'è²·', 'æ”¯', 'æŒ‰æ‘©', 'æ§', 'ä¾†', 'ä½¿ç”¨', 'å¯æ˜¯', 'è‡ªå·±', 'æ˜¯', 'å±¬æ–¼', 'å–®è–„', 'ç˜¦å°', 'çš„', 'èº«å½¢', 'å¾ˆå¤š', 'çœ‹ä¸Š', 'çš„', 'æŒ‰æ‘©', 'æ§', 'å°', 'æˆ‘', 'ä¾†', 'èªª', 'éƒ½', 'å¤ª', 'å¤§', 'æ”¯', 'äº†', 'å¤ª', 'å¤§', 'å°±ç®—', 'äº†', 'é‚„', 'å¾ˆ', 'é‡', 'å¾ˆ', 'é›£', 'æ¡', 'è·Ÿ', 'é–ƒå…‰', 'æŠ±æ€¨', 'äº†', 'å¾ˆ', 'ä¹…', 'é–ƒå…‰', 'ä¹Ÿ', 'åªæ˜¯', 'å‹¸èªª', 'æˆ‘', 'æ”¾æ£„', 'ä»–', 'å¹«', 'æˆ‘', 'æŒ‰æ‘©', 'å°±', 'å¥½', 'è¶…æ¬ æ', 'æ²’æƒ³åˆ°', 'ç™»ç™»', 'æœ¨é ­', 'é–ƒå…‰', 'å±…ç„¶', 'é–‹ç«…', 'äº†', 'çœ‹', 'è‘—', 'ä»–', 'ä¸å¥½æ„æ€', 'åœ°', 'æŠ“è‘—', 'é ­', 'å®³ç¾ž', 'åœ°', 'æ‹¿å‡º', 'ç¦®ç‰©', 'çœŸçš„', 'å·®é»ž', 'æŠŠ', 'ä»–', 'æŠ“', 'éŽä¾†', 'è¦ª', 'å¹¾', 'å£', 'é€™', 'æ”¯', 'æ˜¯', 'è¼è‘‰', 'çš„', 'æŒ‰æ‘©', 'æ§', 'æŒ‰æ‘©', 'é ­', 'ç¸½å…±', 'æœ‰', 'å››', 'ç¨®', 'åœ¨', 'é€™', 'ä¹‹ä¸­', 'æˆ‘', 'æœ€', 'å–œæ­¡', 'çš„', 'æ˜¯', 'é€™', 'å€‹', 'éŒå½¢', 'é ­', 'å› ç‚º', 'è‡ªå·±', 'ç˜¦å°', 'æ‰€ä»¥', 'ä¸€èˆ¬', 'çš„', 'é ­', 'å°', 'æˆ‘', 'ä¾†', 'èªª', 'éƒ½', 'æ¯”è¼ƒ', 'å¤§', 'ä¸€é»ž', 'ä½†', 'é€™', 'å€‹', 'éŒå½¢', 'é ­', 'å°å°', 'çš„', 'å¯ä»¥', 'å¾ˆ', 'å‰›å¥½', 'çš„', 'æŒ‰åˆ°é»ž', 'ä¸éŽ', 'è‡ªå·±', 'åœ¨', 'ç”¨', 'é€™', 'å€‹é ­', 'çš„', 'æ™‚å€™', 'ä¹Ÿ', 'æœ‰é»ž', 'å®³ç¾ž', 'å› ç‚º', 'æœ‰é»ž', 'åƒ', 'å“ˆå“ˆ', 'å“ˆ', 'å“ˆå“ˆ', 'å“ˆå“ˆ', 'æ¡', 'èµ·ä¾†', 'æ˜¯', 'çœŸçš„', 'æ»¿', 'å¥½', 'æ¡', 'çš„', 'ä¹Ÿ', 'çœŸçš„', 'æ²’æœ‰', 'å¾ˆ', 'é‡', 'å®ƒ', 'æœ‰', 'ä¸‰', 'ç¨®', 'é¡è‰²', 'æ¾æž—', 'ç¶ ', 'è¿·éœ§', 'é»‘', 'çŠç‘šç²‰', 'ä¸éŽ', 'å› ç‚º', 'æˆ‘', 'å–œæ­¡', 'æš—è‰²', 'ç³»æ‰€', 'ä»¥', 'é–ƒå…‰', 'æŒ‘', 'äº†', 'é€™', 'æ”¯', 'è¿·éœ§', 'é»‘', 'çµ¦', 'æˆ‘', 'ä»–', 'è·Ÿ', 'æˆ‘', 'èªª', 'ä¸€ç›´', 'éƒ½', 'çŸ¥é“', 'æˆ‘', 'å¾ˆ', 'æƒ³è¦', 'ä¸€', 'æ”¯', 'æŒ‰æ‘©', 'æ§', 'æ‰€ä»¥', 'è‡ªå·±', 'å·å·', 'æ‰¾', 'äº†', 'å¾ˆ', 'ä¹…', 'å¥½ä¸å®¹æ˜“', 'æ‰', 'æ‰¾åˆ°', 'é©åˆ', 'æˆ‘', 'çš„', 'è¼•åž‹', 'æŒ‰æ‘©', 'æ§', 'å°å°', 'æ”¯', 'çš„', 'é‡é‡', 'ä¹Ÿ', 'æ‰', 'å…‹', 'æƒ³', 'èªª', 'åŠ›æ°£', 'å¾ˆ', 'å°', 'çš„', 'æˆ‘', 'æ‹¿èµ·ä¾†', 'æ‡‰è©²', 'ä¹Ÿ', 'ä¸æœƒ', 'å¾ˆ', 'æœ‰', 'è² æ“”', 'å……é›»', 'æ˜¯', 'ç”¨', 'å¾ˆ', 'æ–¹ä¾¿', 'ä¸å¾—ä¸', 'ä¸', 'æ•¢', 'ç”¨', 'ä¾†è·¯ä¸æ˜Ž', 'çš„', 'ç‰Œå­', 'æ‰€ä»¥', 'è‡ªå·±', 'å¾ž', 'å„', 'å¤§', 'æŒ‰æ‘©å™¨', 'çš„', 'ç‰Œå­', 'ä¸€å€‹å€‹', 'åŽ»', 'ç¿»', 'æœ‰æ²’æœ‰', 'å‡ºå°æ”¯', 'çš„', 'æŒ‰æ‘©', 'æ§', 'é€™', 'çœŸçš„', 'å¾ˆ', 'æ„Ÿå‹•', 'é›£å¾—', 'çœ‹åˆ°', 'æˆ‘', 'å®¶', 'é–ƒå…‰', 'é–‹ç«…', 'å±…ç„¶', 'é–‹å§‹', 'æ‡‚å¾—', 'è§€å¯Ÿ', 'å¹³å¸¸', 'æˆ‘', 'æƒ³è¦', 'ä»€éº¼', 'äº†', 'æƒ³åˆ°', 'å‰›', 'åœ¨ä¸€èµ·', 'çš„', 'ç¬¬ä¸€', 'å¹´', 'è–èª•', 'ç¦®ç‰©', 'ä»–', 'é€', 'æˆ‘', 'ä¸€', 'å¤§', 'ç›’', 'æš–æš–', 'åŒ…', 'å°±', 'åª', 'å› ç‚º', 'æˆ‘', 'å¸¸å¸¸', 'ç¶“ç—›', 'çœŸçš„', 'æ˜¯', 'ä¸', 'çŸ¥é“', 'è©²', 'é–‹å¿ƒ', 'é‚„æ˜¯', 'ç„¡å¥ˆ', 'äº†', 'ç¸½è€Œè¨€ä¹‹', 'é€™', 'æ¬¡', 'çš„', 'è–èª•', 'ç¦®ç‰©', 'æˆ‘', 'çœŸçš„', 'å¾ˆ', 'å–œæ­¡', 'è¬è¬', 'å¤§å®¶', 'è€å¿ƒ', 'çœ‹åˆ°', 'é€™é‚Š', 'ä¹Ÿ', 'ç¥ç¦', 'å¤§å®¶', 'è–èª•', 'å¿«æ¨‚', 'å–”']","['ä¹‹å‰', 'ä¸€ç›´', 'æƒ³', 'è²·', 'æ”¯', 'æŒ‰æ‘©', 'æ§', 'ä½¿ç”¨', 'å±¬æ–¼', 'å–®è–„', 'ç˜¦å°', 'èº«å½¢', 'çœ‹ä¸Š', 'æŒ‰æ‘©', 'æ§', 'èªª', 'å¤ª', 'æ”¯', 'å¤ª', 'é‡', 'é›£', 'æ¡', 'é–ƒå…‰', 'æŠ±æ€¨', 'ä¹…', 'é–ƒå…‰', 'å‹¸èªª', 'æ”¾æ£„', 'å¹«', 'æŒ‰æ‘©', 'å¥½', 'è¶…æ¬ æ', 'æ²’æƒ³åˆ°', 'ç™»ç™»', 'æœ¨é ­', 'é–ƒå…‰', 'é–‹ç«…', 'ä¸å¥½æ„æ€', 'æŠ“è‘—', 'é ­', 'å®³ç¾ž', 'æ‹¿å‡º', 'ç¦®ç‰©', 'çœŸçš„', 'å·®é»ž', 'æŠ“', 'éŽä¾†', 'è¦ª', 'å£', 'æ”¯', 'è¼è‘‰', 'æŒ‰æ‘©', 'æ§', 'æŒ‰æ‘©', 'é ­', 'ç¸½å…±', 'ç¨®', 'ä¹‹ä¸­', 'æœ€', 'å–œæ­¡', 'éŒå½¢', 'é ­', 'ç˜¦å°', 'é ­', 'èªª', 'æ¯”è¼ƒ', 'ä¸€é»ž', 'éŒå½¢', 'é ­', 'å°å°', 'æŒ‰åˆ°é»ž', 'å€‹é ­', 'æœ‰é»ž', 'å®³ç¾ž', 'æœ‰é»ž', 'æ¡', 'çœŸçš„', 'å¥½', 'æ¡', 'çœŸçš„', 'é‡', 'ç¨®', 'é¡è‰²', 'æ¾æž—', 'ç¶ ', 'è¿·éœ§', 'é»‘', 'çŠç‘šç²‰', 'å–œæ­¡', 'æš—è‰²', 'ç³»æ‰€', 'é–ƒå…‰', 'æŒ‘', 'æ”¯', 'è¿·éœ§', 'é»‘', 'èªª', 'ä¸€ç›´', 'çŸ¥é“', 'æƒ³è¦', 'æ”¯', 'æŒ‰æ‘©', 'æ§', 'å·å·', 'æ‰¾', 'ä¹…', 'å¥½ä¸å®¹æ˜“', 'æ‰¾åˆ°', 'é©åˆ', 'è¼•åž‹', 'æŒ‰æ‘©', 'æ§', 'å°å°', 'æ”¯', 'é‡é‡', 'å…‹', 'æƒ³', 'èªª', 'åŠ›æ°£', 'å°', 'æ‹¿èµ·ä¾†', 'æ‡‰è©²', 'è² æ“”', 'å……é›»', 'æ–¹ä¾¿', 'ä¾†è·¯ä¸æ˜Ž', 'ç‰Œå­', 'æŒ‰æ‘©å™¨', 'ç‰Œå­', 'ä¸€å€‹å€‹', 'ç¿»', 'æœ‰æ²’æœ‰', 'å‡ºå°æ”¯', 'æŒ‰æ‘©', 'æ§', 'çœŸçš„', 'æ„Ÿå‹•', 'çœ‹åˆ°', 'å®¶', 'é–ƒå…‰', 'é–‹ç«…', 'æ‡‚å¾—', 'è§€å¯Ÿ', 'å¹³å¸¸', 'æƒ³è¦', 'æƒ³åˆ°', 'åœ¨ä¸€èµ·', 'ç¬¬ä¸€', 'å¹´', 'è–èª•', 'ç¦®ç‰©', 'é€', 'ç›’', 'æš–æš–', 'åŒ…', 'åª', 'ç¶“ç—›', 'çœŸçš„', 'çŸ¥é“', 'é–‹å¿ƒ', 'ç„¡å¥ˆ', 'æ¬¡', 'è–èª•', 'ç¦®ç‰©', 'çœŸçš„', 'å–œæ­¡', 'è¬è¬', 'è€å¿ƒ', 'çœ‹åˆ°', 'ç¥ç¦', 'è–èª•', 'å¿«æ¨‚']","['æŒ‰æ‘©', 'æ”¯', 'æ§']",positive
16,235048543,"è–èª•ç¯€æ¬¸ï¼
ä¾†åˆ†äº«æˆ‘ç•«çš„æ˜Žä¿¡ç‰‡çµ¦å¤§å®¶
å¯ä»¥åŽ»ibonåˆ—å°ï½ž
ä¸€èµ·æŠŠç¥ç¦é€çµ¦å¤§å®¶å§
https://i.imgur.com/WrtaXIF.jpg
https://i.imgur.com/IhwVFwp.jpg

é€™è£¡æ˜¯åˆ—å°çš„QR codeå’Œåˆ—å°ç·¨è™Ÿ
https://i.imgur.com/gwXAJcX.jpg

é‚£å¾—åˆ°æ˜Žä¿¡ç‰‡çš„æ–¹å¼ï¼Œå°±æ˜¯ï¼šè‡ªè¡Œåˆ°ibonå°ðŸ‘Œ
ç¾åœ¨7-11çš„ibonéžå¸¸æ–¹ä¾¿ï¼Œåªè¦æŽƒæŒ‡å®šQR codeï¼Œå°±å¯ä»¥å°åœ–ç‰‡åœ¨æ˜Žä¿¡ç‰‡ä¸Šå–” â€¼ï¸

æ‡¶äººåŒ…æ•™å­¸ðŸ¤—
åˆ°7-11çš„ibonæ©Ÿå°âž¡ï¸åˆ—å°âž¡ï¸å–ä»¶ç·¨è™Ÿåˆ—å°âž¡ï¸æŽƒæQRcodeæˆ–æ˜¯è‡ªè¡Œè¼¸å…¥ç·¨ç¢¼âž¡ï¸é¸æ“‡ç´™å¼µï¼š6*4æ˜Žä¿¡ç‰‡âž¡ï¸æŽ’ç‰ˆä¸¦åˆ—å°âž¡ï¸æ‹¿å–®æ“šç¹³è²»ï¼ˆä¸€å¼µå…­å¡Šå–”ï¼‰
å¸Œæœ›å¤§å®¶å–œæ­¡ðŸ˜˜

æˆ‘æ˜¯éŽèƒ–ä¸»ç¾© å¤§å®¶è–èª•å¿«æ¨‚ðŸŽ…

https://instagram.com/fatism_cs1201?igshid=1oljnpbe58j6v",#è–èª•å¡ç‰‡ è–èª•æ˜Žä¿¡ç‰‡åˆ†äº«,2020-12-25T08:10:28.148Z,2020-12-25T08:10:28.148Z,5,17,F,merryxmas,https://www.dcard.tw/f/merryxmas/p/235048543,dcard,post,è–èª•ç¯€æ¬¸ä¾†åˆ†äº«æˆ‘ç•«çš„æ˜Žä¿¡ç‰‡çµ¦å¤§å®¶å¯ä»¥åŽ»åˆ—å°ä¸€èµ·æŠŠç¥ç¦é€çµ¦å¤§å®¶å§é€™è£¡æ˜¯åˆ—å°çš„å’Œåˆ—å°ç·¨è™Ÿé‚£å¾—åˆ°æ˜Žä¿¡ç‰‡çš„æ–¹å¼å°±æ˜¯è‡ªè¡Œåˆ°å°ç¾åœ¨çš„éžå¸¸æ–¹ä¾¿åªè¦æŽƒæŒ‡å®šå°±å¯ä»¥å°åœ–ç‰‡åœ¨æ˜Žä¿¡ç‰‡ä¸Šå–”æ‡¶äººåŒ…æ•™å­¸åˆ°çš„æ©Ÿå°åˆ—å°å–ä»¶ç·¨è™Ÿåˆ—å°æŽƒææˆ–æ˜¯è‡ªè¡Œè¼¸å…¥ç·¨ç¢¼é¸æ“‡ç´™å¼µæ˜Žä¿¡ç‰‡æŽ’ç‰ˆä¸¦åˆ—å°æ‹¿å–®æ“šç¹³è²»ä¸€å¼µå…­å¡Šå–”å¸Œæœ›å¤§å®¶å–œæ­¡æˆ‘æ˜¯éŽèƒ–ä¸»ç¾©å¤§å®¶è–èª•å¿«æ¨‚,"['è–èª•ç¯€', 'æ¬¸', 'ä¾†', 'åˆ†äº«', 'æˆ‘', 'ç•«', 'çš„', 'æ˜Žä¿¡ç‰‡', 'çµ¦', 'å¤§å®¶', 'å¯ä»¥', 'åŽ»', 'åˆ—å°', 'ä¸€èµ·', 'æŠŠ', 'ç¥ç¦', 'é€çµ¦', 'å¤§å®¶', 'å§', 'é€™è£¡', 'æ˜¯', 'åˆ—å°', 'çš„', 'å’Œ', 'åˆ—å°', 'ç·¨è™Ÿ', 'é‚£', 'å¾—åˆ°', 'æ˜Žä¿¡ç‰‡', 'çš„', 'æ–¹å¼', 'å°±æ˜¯', 'è‡ªè¡Œ', 'åˆ°', 'å°', 'ç¾åœ¨', 'çš„', 'éžå¸¸', 'æ–¹ä¾¿', 'åªè¦', 'æŽƒ', 'æŒ‡å®š', 'å°±', 'å¯ä»¥', 'å°', 'åœ–ç‰‡', 'åœ¨', 'æ˜Žä¿¡ç‰‡', 'ä¸Š', 'å–”', 'æ‡¶äºº', 'åŒ…', 'æ•™å­¸', 'åˆ°', 'çš„', 'æ©Ÿå°', 'åˆ—å°', 'å–ä»¶', 'ç·¨è™Ÿ', 'åˆ—å°', 'æŽƒæ', 'æˆ–æ˜¯', 'è‡ªè¡Œ', 'è¼¸å…¥', 'ç·¨ç¢¼', 'é¸æ“‡', 'ç´™å¼µ', 'æ˜Žä¿¡ç‰‡', 'æŽ’ç‰ˆ', 'ä¸¦', 'åˆ—å°', 'æ‹¿', 'å–®æ“š', 'ç¹³è²»', 'ä¸€', 'å¼µ', 'å…­', 'å¡Š', 'å–”', 'å¸Œæœ›', 'å¤§å®¶', 'å–œæ­¡', 'æˆ‘', 'æ˜¯', 'éŽ', 'èƒ–', 'ä¸»ç¾©', 'å¤§å®¶', 'è–èª•', 'å¿«æ¨‚']","['è–èª•ç¯€', 'æ¬¸', 'åˆ†äº«', 'ç•«', 'æ˜Žä¿¡ç‰‡', 'åˆ—å°', 'ä¸€èµ·', 'ç¥ç¦', 'é€çµ¦', 'é€™è£¡', 'åˆ—å°', 'åˆ—å°', 'ç·¨è™Ÿ', 'å¾—åˆ°', 'æ˜Žä¿¡ç‰‡', 'æ–¹å¼', 'è‡ªè¡Œ', 'å°', 'ç¾åœ¨', 'æ–¹ä¾¿', 'æŽƒ', 'æŒ‡å®š', 'å°', 'åœ–ç‰‡', 'æ˜Žä¿¡ç‰‡', 'æ‡¶äºº', 'åŒ…', 'æ•™å­¸', 'æ©Ÿå°', 'åˆ—å°', 'å–ä»¶', 'ç·¨è™Ÿ', 'åˆ—å°', 'æŽƒæ', 'è‡ªè¡Œ', 'è¼¸å…¥', 'ç·¨ç¢¼', 'é¸æ“‡', 'ç´™å¼µ', 'æ˜Žä¿¡ç‰‡', 'æŽ’ç‰ˆ', 'åˆ—å°', 'å–®æ“š', 'ç¹³è²»', 'å¼µ', 'å¡Š', 'å¸Œæœ›', 'å–œæ­¡', 'èƒ–', 'ä¸»ç¾©', 'è–èª•', 'å¿«æ¨‚']",[],positive
17,235048359,"ä»Šå¤©äº¤æ›ç¦®ç‰©:
æˆ‘çš„æ˜¯
æ“´é¦™ç“¶-é»‘æ«»æ¡ƒ
è»Šç”¨æ“´é¦™ç“¶-å››æœˆèŠ±é¦™
æˆ‘æŠ½åˆ°çš„:æœ‰æ¯æž¶çš„æ‡¶äººæ¡Œå’Œæ©˜è‰²é´¨é´¨åœ–æ¡ˆå¤§åž‹ä¼æ¥­è¢‹å­
æ‡‰è©²å¯ä»¥èªªæˆ‘è·Ÿé‚£ä½åŒäº‹(è€é—†å…’å­)äº’æŠ½
æ„Ÿè¦ºä»–çš„è¡¨æƒ…ä¸€è¨€é›£ç›¡
æˆ‘é€çš„æœ‰é‚£éº¼çˆ›å—Žï¼Ÿ
é€™æ˜¯ç…§ç‰‡
https://i.imgur.com/1jt3ytj.jpg
https://i.imgur.com/t8ksjP1.jpg





å…¶ä»–çš„ç¦®ç‰©æœ‰:è‚Œè‚‰æŒ‰æ‘©æ§ï¼Œå¹é¢¨æ©Ÿï¼Œé›»å‹•ç‰™åˆ·ï¼Œæœƒèªªè©±çš„é›ªå¯¶ï¼Œæ¨‚é«˜ç©æœ¨ï¼Œè¡Œå‹•é›»æºï¼Œé¦¬æ¡¶åˆ·å’Œå¸ç›¤ï¼Œé«”é‡è¨ˆï¼Œ",è–èª•ç¯€äº¤æ›ç¦®ç‰©,2020-12-25T07:37:35.333Z,2020-12-25T07:58:40.282Z,3,7,F,merryxmas,https://www.dcard.tw/f/merryxmas/p/235048359,dcard,post,ä»Šå¤©äº¤æ›ç¦®ç‰©æˆ‘çš„æ˜¯æ“´é¦™ç“¶é»‘æ«»æ¡ƒè»Šç”¨æ“´é¦™ç“¶å››æœˆèŠ±é¦™æˆ‘æŠ½åˆ°çš„æœ‰æ¯æž¶çš„æ‡¶äººæ¡Œå’Œæ©˜è‰²é´¨é´¨åœ–æ¡ˆå¤§åž‹ä¼æ¥­è¢‹å­æ‡‰è©²å¯ä»¥èªªæˆ‘è·Ÿé‚£ä½åŒäº‹è€é—†å…’å­äº’æŠ½æ„Ÿè¦ºä»–çš„è¡¨æƒ…ä¸€è¨€é›£ç›¡æˆ‘é€çš„æœ‰é‚£éº¼çˆ›å—Žé€™æ˜¯ç…§ç‰‡å…¶ä»–çš„ç¦®ç‰©æœ‰è‚Œè‚‰æŒ‰æ‘©æ§å¹é¢¨æ©Ÿé›»å‹•ç‰™åˆ·æœƒèªªè©±çš„é›ªå¯¶æ¨‚é«˜ç©æœ¨è¡Œå‹•é›»æºé¦¬æ¡¶åˆ·å’Œå¸ç›¤é«”é‡è¨ˆ,"['ä»Šå¤©', 'äº¤æ›', 'ç¦®ç‰©', 'æˆ‘', 'çš„', 'æ˜¯', 'æ“´é¦™ç“¶', 'é»‘', 'æ«»æ¡ƒ', 'è»Šç”¨', 'æ“´é¦™ç“¶', 'å››æœˆ', 'èŠ±é¦™', 'æˆ‘', 'æŠ½åˆ°', 'çš„', 'æœ‰', 'æ¯', 'æž¶', 'çš„', 'æ‡¶äººæ¡Œ', 'å’Œ', 'æ©˜è‰²', 'é´¨é´¨', 'åœ–æ¡ˆ', 'å¤§åž‹', 'ä¼æ¥­', 'è¢‹å­', 'æ‡‰è©²', 'å¯ä»¥', 'èªª', 'æˆ‘', 'è·Ÿ', 'é‚£', 'ä½', 'åŒäº‹', 'è€é—†', 'å…’å­', 'äº’æŠ½', 'æ„Ÿè¦º', 'ä»–', 'çš„', 'è¡¨æƒ…', 'ä¸€è¨€é›£ç›¡', 'æˆ‘', 'é€', 'çš„', 'æœ‰', 'é‚£éº¼', 'çˆ›', 'å—Ž', 'é€™', 'æ˜¯', 'ç…§ç‰‡', 'å…¶ä»–', 'çš„', 'ç¦®ç‰©', 'æœ‰', 'è‚Œè‚‰', 'æŒ‰æ‘©', 'æ§', 'å¹é¢¨æ©Ÿ', 'é›»å‹•', 'ç‰™åˆ·', 'æœƒ', 'èªªè©±', 'çš„', 'é›ªå¯¶æ¨‚é«˜', 'ç©æœ¨', 'è¡Œå‹•', 'é›»æº', 'é¦¬æ¡¶', 'åˆ·', 'å’Œ', 'å¸ç›¤', 'é«”é‡è¨ˆ']","['ä»Šå¤©', 'äº¤æ›', 'ç¦®ç‰©', 'æ“´é¦™ç“¶', 'é»‘', 'æ«»æ¡ƒ', 'è»Šç”¨', 'æ“´é¦™ç“¶', 'å››æœˆ', 'èŠ±é¦™', 'æŠ½åˆ°', 'æ¯', 'æž¶', 'æ‡¶äººæ¡Œ', 'æ©˜è‰²', 'é´¨é´¨', 'åœ–æ¡ˆ', 'å¤§åž‹', 'ä¼æ¥­', 'è¢‹å­', 'æ‡‰è©²', 'èªª', 'ä½', 'åŒäº‹', 'è€é—†', 'å…’å­', 'äº’æŠ½', 'æ„Ÿè¦º', 'è¡¨æƒ…', 'ä¸€è¨€é›£ç›¡', 'é€', 'çˆ›', 'ç…§ç‰‡', 'ç¦®ç‰©', 'è‚Œè‚‰', 'æŒ‰æ‘©', 'æ§', 'å¹é¢¨æ©Ÿ', 'é›»å‹•', 'ç‰™åˆ·', 'èªªè©±', 'é›ªå¯¶æ¨‚é«˜', 'ç©æœ¨', 'è¡Œå‹•', 'é›»æº', 'é¦¬æ¡¶', 'åˆ·', 'å¸ç›¤', 'é«”é‡è¨ˆ']",[],neutral
18,235047699,"ç¬¬ä¸€æ¬¡è¾¦ Dcard äº¤æ›ç¦®ç‰©çš„æ´»å‹•~
æœ‰æ‰€ç¼ºå¤±çš„éƒ¨åˆ†æ„Ÿè¬æ‰€æœ‰åƒèˆ‡è€…çš„åŒ…æ¶µðŸŽ„
å¸Œæœ›2020é€™å ´äº¤æ›ç¦®ç‰©ä½ å€‘çŽ©å¾—é–‹å¿ƒ
éƒ½æœ‰æ”¶åˆ°å–œæ­¡çš„ç¦®ç‰©~ðŸŽ

ç•¶ä¸»æªçœŸçš„æŒºè¾›è‹¦çš„
è¦ä¸€ç›´ä¾†å›žæºé€šç¢ºèªç‹€æ³
ä½†å¾ˆå¹¸é‹çš„æ˜¯æ²’æœ‰é‡åˆ°æ¶ˆå¤±çš„å°å¤©ä½¿
ç¥ç¦å¤§å®¶éƒ½æœ‰å€‹å¿«æ¨‚çš„è–èª•ç¯€
æ˜Žå¹´2021å¹´ä¸€åˆ‡é †é‚ å¥åº· å¿«æ¨‚â¤ï¸

ä»¥ä¸‹ç‚ºç¦®ç‰©æ»¿æ„åº¦æä¾›å…¶ä»–ä¸»æªåƒè€ƒðŸ’•

https://i.imgur.com/VDugHh2.png

https://i.imgur.com/wwPHYFX.png",è–èª•å¿«æ¨‚ðŸŽ…ðŸ»,2020-12-25T05:22:34.794Z,2020-12-25T05:22:34.794Z,2,14,F,merryxmas,https://www.dcard.tw/f/merryxmas/p/235047699,dcard,post,ç¬¬ä¸€æ¬¡è¾¦äº¤æ›ç¦®ç‰©çš„æ´»å‹•æœ‰æ‰€ç¼ºå¤±çš„éƒ¨åˆ†æ„Ÿè¬æ‰€æœ‰åƒèˆ‡è€…çš„åŒ…æ¶µå¸Œæœ›é€™å ´äº¤æ›ç¦®ç‰©ä½ å€‘çŽ©å¾—é–‹å¿ƒéƒ½æœ‰æ”¶åˆ°å–œæ­¡çš„ç¦®ç‰©ç•¶ä¸»æªçœŸçš„æŒºè¾›è‹¦çš„è¦ä¸€ç›´ä¾†å›žæºé€šç¢ºèªç‹€æ³ä½†å¾ˆå¹¸é‹çš„æ˜¯æ²’æœ‰é‡åˆ°æ¶ˆå¤±çš„å°å¤©ä½¿ç¥ç¦å¤§å®¶éƒ½æœ‰å€‹å¿«æ¨‚çš„è–èª•ç¯€æ˜Žå¹´å¹´ä¸€åˆ‡é †é‚å¥åº·å¿«æ¨‚ä»¥ä¸‹ç‚ºç¦®ç‰©æ»¿æ„åº¦æä¾›å…¶ä»–ä¸»æªåƒè€ƒ,"['ç¬¬ä¸€', 'æ¬¡', 'è¾¦', 'äº¤æ›', 'ç¦®ç‰©', 'çš„', 'æ´»å‹•', 'æœ‰æ‰€', 'ç¼ºå¤±', 'çš„', 'éƒ¨åˆ†', 'æ„Ÿè¬', 'æ‰€æœ‰', 'åƒèˆ‡', 'è€…', 'çš„', 'åŒ…æ¶µ', 'å¸Œæœ›', 'é€™', 'å ´', 'äº¤æ›', 'ç¦®ç‰©', 'ä½ å€‘', 'çŽ©', 'å¾—', 'é–‹å¿ƒ', 'éƒ½', 'æœ‰', 'æ”¶åˆ°', 'å–œæ­¡', 'çš„', 'ç¦®ç‰©', 'ç•¶', 'ä¸»æª', 'çœŸçš„', 'æŒº', 'è¾›è‹¦', 'çš„', 'è¦', 'ä¸€ç›´', 'ä¾†å›ž', 'æºé€š', 'ç¢ºèª', 'ç‹€æ³', 'ä½†', 'å¾ˆ', 'å¹¸é‹', 'çš„', 'æ˜¯', 'æ²’æœ‰', 'é‡åˆ°', 'æ¶ˆå¤±', 'çš„', 'å°', 'å¤©ä½¿', 'ç¥ç¦', 'å¤§å®¶', 'éƒ½', 'æœ‰', 'å€‹', 'å¿«æ¨‚', 'çš„', 'è–èª•ç¯€', 'æ˜Žå¹´å¹´', 'ä¸€åˆ‡', 'é †é‚', 'å¥åº·', 'å¿«æ¨‚', 'ä»¥ä¸‹', 'ç‚º', 'ç¦®ç‰©', 'æ»¿æ„åº¦', 'æä¾›', 'å…¶ä»–', 'ä¸»æª', 'åƒè€ƒ']","['ç¬¬ä¸€', 'æ¬¡', 'è¾¦', 'äº¤æ›', 'ç¦®ç‰©', 'æ´»å‹•', 'æœ‰æ‰€', 'ç¼ºå¤±', 'éƒ¨åˆ†', 'æ„Ÿè¬', 'æ‰€æœ‰', 'åƒèˆ‡', 'åŒ…æ¶µ', 'å¸Œæœ›', 'å ´', 'äº¤æ›', 'ç¦®ç‰©', 'çŽ©', 'é–‹å¿ƒ', 'æ”¶åˆ°', 'å–œæ­¡', 'ç¦®ç‰©', 'ä¸»æª', 'çœŸçš„', 'æŒº', 'è¾›è‹¦', 'ä¸€ç›´', 'ä¾†å›ž', 'æºé€š', 'ç¢ºèª', 'ç‹€æ³', 'å¹¸é‹', 'é‡åˆ°', 'æ¶ˆå¤±', 'å°', 'å¤©ä½¿', 'ç¥ç¦', 'å¿«æ¨‚', 'è–èª•ç¯€', 'æ˜Žå¹´å¹´', 'é †é‚', 'å¥åº·', 'å¿«æ¨‚', 'ä»¥ä¸‹', 'ç¦®ç‰©', 'æ»¿æ„åº¦', 'æä¾›', 'ä¸»æª', 'åƒè€ƒ']",[],positive
19,235047508,"ä»Šå¤©æ˜¯è–èª•ç¯€
åœ¨é€™ä¹‹å‰åœ¨ç¶²è·¯ä¸Šæ»‘åˆ°é€™å¼µåœ–
ä¹Ÿæƒ³èªªæœŸæœ«ä¹Ÿå¿«åˆ°
æ‰€ä»¥åšäº†ä¸€å€‹å…¨æ–°çš„åœ–
ç¥ç¦å¤§å®¶è–èª•ç¯€å¿«æ¨‚ï¼(å¥½å¯æ„›ï¼ï¼ï¼ï¼‰
ä¹Ÿç¥ç¦å¤§å®¶æœŸæœ«æ­è¶´(ï¼¾âˆ‡ï¼¾)
https://i.imgur.com/u45Z2KW.jpg",å¥½é‹ï¼,2020-12-25T04:46:17.001Z,2020-12-25T04:46:17.001Z,0,5,M,merryxmas,https://www.dcard.tw/f/merryxmas/p/235047508,dcard,post,ä»Šå¤©æ˜¯è–èª•ç¯€åœ¨é€™ä¹‹å‰åœ¨ç¶²è·¯ä¸Šæ»‘åˆ°é€™å¼µåœ–ä¹Ÿæƒ³èªªæœŸæœ«ä¹Ÿå¿«åˆ°æ‰€ä»¥åšäº†ä¸€å€‹å…¨æ–°çš„åœ–ç¥ç¦å¤§å®¶è–èª•ç¯€å¿«æ¨‚å¥½å¯æ„›ä¹Ÿç¥ç¦å¤§å®¶æœŸæœ«æ­è¶´,"['ä»Šå¤©', 'æ˜¯', 'è–èª•ç¯€', 'åœ¨', 'é€™', 'ä¹‹å‰', 'åœ¨', 'ç¶²è·¯', 'ä¸Š', 'æ»‘åˆ°', 'é€™', 'å¼µ', 'åœ–', 'ä¹Ÿ', 'æƒ³', 'èªª', 'æœŸæœ«', 'ä¹Ÿ', 'å¿«', 'åˆ°', 'æ‰€ä»¥', 'åš', 'äº†', 'ä¸€', 'å€‹', 'å…¨æ–°', 'çš„', 'åœ–', 'ç¥ç¦', 'å¤§å®¶', 'è–èª•ç¯€', 'å¿«æ¨‚', 'å¥½', 'å¯æ„›', 'ä¹Ÿ', 'ç¥ç¦', 'å¤§å®¶', 'æœŸæœ«', 'æ­', 'è¶´']","['ä»Šå¤©', 'è–èª•ç¯€', 'ä¹‹å‰', 'ç¶²è·¯', 'æ»‘åˆ°', 'å¼µ', 'åœ–', 'æƒ³', 'èªª', 'æœŸæœ«', 'åš', 'å…¨æ–°', 'åœ–', 'ç¥ç¦', 'è–èª•ç¯€', 'å¿«æ¨‚', 'å¥½', 'å¯æ„›', 'ç¥ç¦', 'æœŸæœ«', 'æ­', 'è¶´']",[],positive
20,235047211,"https://i.imgur.com/1VRzk9l.jpg
å¦‚åœ–ç‰‡ï¼ä½†æˆ‘æœ‹å‹çš„ä¸çŸ¥é“ç‚ºä»€éº¼æ²’è¾¦æ³•ç´¯ç©é›ªå †ï¼Œé€£é›ªèŠ±éƒ½æ²’æœ‰é£„ä¸‹ä¾†QQ æ‰‹æ©Ÿç‰ˆä¹Ÿæœ‰ï¼ä»–æ˜¯æ›ä¸€å€‹èŠå¤©å®¤å°±æœƒé‡æ–°ç´¯ç©ä¸€æ¬¡ï¼Œç´¯ç©åˆ°ä¸€å®šçš„é«˜åº¦å°±ä¸æœƒå†å †é«˜äº†ï½ž è¦ºå¾—å¾ˆé…·åˆ†äº«çµ¦é‚„æ²’ç™¼ç¾çš„äººï¼",#åœ– é›»è…¦ç‰ˆçš„lineèƒŒæ™¯æœ‰é›ªå †ï¼,2020-12-25T03:44:47.206Z,2020-12-25T04:31:55.119Z,3,7,F,merryxmas,https://www.dcard.tw/f/merryxmas/p/235047211,dcard,post,å¦‚åœ–ç‰‡ä½†æˆ‘æœ‹å‹çš„ä¸çŸ¥é“ç‚ºä»€éº¼æ²’è¾¦æ³•ç´¯ç©é›ªå †é€£é›ªèŠ±éƒ½æ²’æœ‰é£„ä¸‹ä¾†æ‰‹æ©Ÿç‰ˆä¹Ÿæœ‰ä»–æ˜¯æ›ä¸€å€‹èŠå¤©å®¤å°±æœƒé‡æ–°ç´¯ç©ä¸€æ¬¡ç´¯ç©åˆ°ä¸€å®šçš„é«˜åº¦å°±ä¸æœƒå†å †é«˜äº†è¦ºå¾—å¾ˆé…·åˆ†äº«çµ¦é‚„æ²’ç™¼ç¾çš„äºº,"['å¦‚', 'åœ–ç‰‡', 'ä½†', 'æˆ‘', 'æœ‹å‹', 'çš„', 'ä¸', 'çŸ¥é“', 'ç‚ºä»€éº¼', 'æ²’è¾¦æ³•', 'ç´¯ç©', 'é›ªå †', 'é€£', 'é›ªèŠ±', 'éƒ½', 'æ²’æœ‰', 'é£„ä¸‹', 'ä¾†', 'æ‰‹æ©Ÿç‰ˆ', 'ä¹Ÿ', 'æœ‰', 'ä»–', 'æ˜¯', 'æ›', 'ä¸€', 'å€‹', 'èŠå¤©å®¤', 'å°±', 'æœƒ', 'é‡æ–°', 'ç´¯ç©', 'ä¸€', 'æ¬¡', 'ç´¯ç©åˆ°', 'ä¸€å®š', 'çš„', 'é«˜åº¦', 'å°±', 'ä¸æœƒ', 'å†', 'å †', 'é«˜', 'äº†', 'è¦ºå¾—', 'å¾ˆ', 'é…·', 'åˆ†äº«', 'çµ¦', 'é‚„', 'æ²’', 'ç™¼ç¾', 'çš„', 'äºº']","['åœ–ç‰‡', 'æœ‹å‹', 'çŸ¥é“', 'æ²’è¾¦æ³•', 'ç´¯ç©', 'é›ªå †', 'é›ªèŠ±', 'é£„ä¸‹', 'æ‰‹æ©Ÿç‰ˆ', 'æ›', 'èŠå¤©å®¤', 'é‡æ–°', 'ç´¯ç©', 'æ¬¡', 'ç´¯ç©åˆ°', 'ä¸€å®š', 'é«˜åº¦', 'å†', 'å †', 'é«˜', 'è¦ºå¾—', 'é…·', 'åˆ†äº«', 'ç™¼ç¾', 'äºº']",[],negative
21,235046602,"https://i.imgur.com/TtQpG73.jpg
https://i.imgur.com/avoq4S1.jpg
https://i.imgur.com/4epGQYS.jpg
https://i.imgur.com/Ef504I8.jpg
SOSðŸ¤§ðŸ¤¢ðŸ¤¢ðŸ¤‘ðŸ˜£
æœ‰è°·æ­Œå£“å…‹åŠ›ç›’æˆ–æ‰¾é€™å€‹å“ç‰Œçš„é–‹ç®±å½±ç‰‡ï¼Œä½†å¤šæ•¸éƒ½æ˜¯åªæœ‰è£¡é¢çš„ç´™ç›’è€¶....
æ”¶åˆ°é€™å€‹ç›®å‰åªæœ‰çœ¼ç¦ðŸ¤§ðŸ¤§
å·²ç¢ºèªæ²’è–„è†œ
ä¹Ÿå„ç¨®è§’åº¦æŽ¨ç§»éŽ
å›§",æ‰“ä¸é–‹çš„å£“å…‹åŠ›ç›’,2020-12-25T01:05:42.429Z,2020-12-25T01:08:32.712Z,2,12,M,merryxmas,https://www.dcard.tw/f/merryxmas/p/235046602,dcard,post,æœ‰è°·æ­Œå£“å…‹åŠ›ç›’æˆ–æ‰¾é€™å€‹å“ç‰Œçš„é–‹ç®±å½±ç‰‡ä½†å¤šæ•¸éƒ½æ˜¯åªæœ‰è£¡é¢çš„ç´™ç›’è€¶æ”¶åˆ°é€™å€‹ç›®å‰åªæœ‰çœ¼ç¦å·²ç¢ºèªæ²’è–„è†œä¹Ÿå„ç¨®è§’åº¦æŽ¨ç§»éŽå›§,"['æœ‰', 'è°·æ­Œ', 'å£“å…‹åŠ›ç›’', 'æˆ–', 'æ‰¾', 'é€™', 'å€‹', 'å“ç‰Œ', 'çš„', 'é–‹ç®±', 'å½±ç‰‡', 'ä½†', 'å¤šæ•¸', 'éƒ½', 'æ˜¯', 'åªæœ‰', 'è£¡é¢', 'çš„', 'ç´™ç›’', 'è€¶', 'æ”¶åˆ°', 'é€™', 'å€‹', 'ç›®å‰', 'åªæœ‰', 'çœ¼ç¦', 'å·²', 'ç¢ºèª', 'æ²’', 'è–„è†œ', 'ä¹Ÿ', 'å„', 'ç¨®', 'è§’åº¦', 'æŽ¨ç§»', 'éŽ', 'å›§']","['è°·æ­Œ', 'å£“å…‹åŠ›ç›’', 'æ‰¾', 'å“ç‰Œ', 'é–‹ç®±', 'å½±ç‰‡', 'å¤šæ•¸', 'è£¡é¢', 'ç´™ç›’', 'è€¶', 'æ”¶åˆ°', 'ç›®å‰', 'çœ¼ç¦', 'å·²', 'ç¢ºèª', 'è–„è†œ', 'ç¨®', 'è§’åº¦', 'æŽ¨ç§»', 'å›§']",[],neutral
22,235046520,"https://i.imgur.com/dYyfUpv.jpg
ç¥å¤§å®¶è–èª•ç¯€å¿«æ¨‚ï¼Œä¸¦ä¸”é †ä¾¿ç¥å¤§å®¶æ–°å¹´å¿«æ¨‚ðŸŽ‰",è–èª•ç¯€å¿«æ¨‚å–”å„ä½åŒå­¸å€‘,2020-12-25T00:24:31.703Z,2020-12-25T00:24:31.703Z,0,10,M,merryxmas,https://www.dcard.tw/f/merryxmas/p/235046520,dcard,post,ç¥å¤§å®¶è–èª•ç¯€å¿«æ¨‚ä¸¦ä¸”é †ä¾¿ç¥å¤§å®¶æ–°å¹´å¿«æ¨‚,"['ç¥', 'å¤§å®¶', 'è–èª•ç¯€', 'å¿«æ¨‚', 'ä¸¦ä¸”', 'é †ä¾¿', 'ç¥', 'å¤§å®¶', 'æ–°å¹´', 'å¿«æ¨‚']","['ç¥', 'è–èª•ç¯€', 'å¿«æ¨‚', 'é †ä¾¿', 'ç¥', 'æ–°å¹´', 'å¿«æ¨‚']",[],positive
