0,235134884,"好想放寒假喔
不想考試啦 嗚嗚嗚

咩噗",教授我不想努力了😭,2021-01-08T04:34:00.854Z,2021-01-08T04:34:11.296Z,1,1,F,ncku,https://www.dcard.tw/f/ncku/p/235134884,dcard,post,好想放寒假喔不想考試啦嗚嗚嗚咩噗,"['好', '想', '放', '寒假', '喔', '不', '想', '考試', '啦', '嗚', '嗚嗚', '咩', '噗']","['好', '想', '放', '寒假', '想', '考試', '嗚嗚', '咩', '噗']",[],neutral
1,235134815,"又到了考完試後最興奮刺激的環節 煎熬的等待成績
去年暑假有在教怎麼樣看單科成績分布圖不用等所有成績出來也能看的到
但我找不到教學文了

所以你各位阿 都點進來了就教一下",ㄟ怎麼看成績分布啦,2021-01-08T04:22:38.348Z,2021-01-08T04:22:38.348Z,0,0,M,ncku,https://www.dcard.tw/f/ncku/p/235134815,dcard,post,又到了考完試後最興奮刺激的環節煎熬的等待成績去年暑假有在教怎麼樣看單科成績分布圖不用等所有成績出來也能看的到但我找不到教學文了所以你各位阿都點進來了就教一下,"['又', '到', '了', '考完', '試', '後', '最', '興奮', '刺激', '的', '環節', '煎熬', '的', '等待', '成績', '去年', '暑假', '有', '在', '教', '怎麼樣', '看', '單科', '成績', '分布圖', '不用', '等', '所有', '成績', '出來', '也', '能', '看', '的', '到', '但', '我', '找', '不', '到', '教學', '文了', '所以', '你', '各位', '阿', '都', '點', '進來', '了', '就教', '一下']","['考完', '試', '後', '最', '興奮', '刺激', '環節', '煎熬', '等待', '成績', '去年', '暑假', '教', '單科', '成績', '分布圖', '不用', '所有', '成績', '找', '教學', '文了', '點', '就教', '一下']",[],negative
2,235134377,如題,成大光電系是否承認外系的計概?,2021-01-08T02:29:59.808Z,2021-01-08T02:29:59.808Z,5,0,M,ncku,https://www.dcard.tw/f/ncku/p/235134377,dcard,post,如題,"['如', '題']",['題'],[],neutral
3,235134052,我還滿好奇的，到底是成大學生不愛讀書，還是學校覺得寒暑假學生都睡到下午，寒暑假圖書館、k館都只開下午晚上，是要叫學生睡飽一點嗎？,成大學生不愛讀書？,2021-01-08T00:18:08.982Z,2021-01-08T00:18:08.982Z,9,4,M,ncku,https://www.dcard.tw/f/ncku/p/235134052,dcard,post,我還滿好奇的到底是成大學生不愛讀書還是學校覺得寒暑假學生都睡到下午寒暑假圖書館館都只開下午晚上是要叫學生睡飽一點嗎,"['我', '還', '滿', '好奇', '的', '到底', '是', '成大', '學生', '不', '愛', '讀書', '還是', '學校', '覺得', '寒暑', '假', '學生', '都', '睡到', '下午', '寒暑', '假', '圖書館館', '都', '只', '開', '下午', '晚上', '是', '要', '叫', '學生', '睡飽', '一點', '嗎']","['好奇', '成大', '學生', '愛', '讀書', '學校', '覺得', '寒暑', '假', '學生', '睡到', '下午', '寒暑', '假', '圖書館館', '只', '開', '下午', '晚上', '學生', '睡飽', '一點']",[],positive
4,235133778,"你懂我意思嗎？
你懂我意思嗎？？
懂我懂我意思嗎？？？",現在大家都超fly,2021-01-07T19:29:54.567Z,2021-01-07T19:29:54.567Z,6,2,M,ncku,https://www.dcard.tw/f/ncku/p/235133778,dcard,post,你懂我意思嗎你懂我意思嗎懂我懂我意思嗎,"['你', '懂', '我', '意思', '嗎', '你', '懂', '我', '意思', '嗎', '懂', '我', '懂', '我', '意思', '嗎']","['懂', '意思', '懂', '意思', '懂', '懂', '意思']",[],neutral
5,235133653,"給壓力大的腿控同學們一點福利
寒假快樂，期末歐啪",腿控福利串,2021-01-07T18:32:33.151Z,2021-01-07T18:32:33.151Z,6,6,F,ncku,https://www.dcard.tw/f/ncku/p/235133653,dcard,post,給壓力大的腿控同學們一點福利寒假快樂期末歐啪,"['給', '壓力', '大', '的', '腿控', '同學們', '一點', '福利', '寒假', '快樂', '期末', '歐', '啪']","['壓力', '腿控', '同學們', '一點', '福利', '寒假', '快樂', '期末', '歐', '啪']",[],positive
6,235133446,"先說個抱歉
沒考慮到你們還在準備期末
我們邀太多人來宿舍了
真的好猴好抱歉R
我們下個學期會注意
希望你們明天都能歐趴( ´▽` )ﾉ
https://i.imgur.com/rghb5WI.jpg",光二9樓到底在吵尛,2021-01-07T17:43:00.313Z,2021-01-07T17:43:00.313Z,4,9,M,ncku,https://www.dcard.tw/f/ncku/p/235133446,dcard,post,先說個抱歉沒考慮到你們還在準備期末我們邀太多人來宿舍了真的好猴好抱歉我們下個學期會注意希望你們明天都能歐趴,"['先', '說', '個', '抱歉', '沒', '考慮到', '你們', '還', '在', '準備', '期末', '我們', '邀', '太多', '人', '來', '宿舍', '了', '真的', '好', '猴', '好', '抱歉', '我們', '下', '個', '學期', '會', '注意', '希望', '你們', '明天', '都', '能', '歐', '趴']","['先', '說', '抱歉', '考慮到', '準備', '期末', '邀', '太多', '人', '宿舍', '真的', '好', '猴', '好', '抱歉', '下', '學期', '注意', '希望', '明天', '歐', '趴']",[],positive
7,235133411,"剛剛問唐綺陽我為什麼還沒脫魯，
她說只要我2021年
心中對完美的理想對象標準不要太高
我就他媽的脫魯了
我他媽的盡量:)
脫魯還真他媽的難
這還真他媽是兩個人的事，
好想要但又好累沒有啦",寒假快樂,2021-01-07T17:36:44.390Z,2021-01-07T17:43:31.726Z,12,8,F,ncku,https://www.dcard.tw/f/ncku/p/235133411,dcard,post,剛剛問唐綺陽我為什麼還沒脫魯她說只要我年心中對完美的理想對象標準不要太高我就他媽的脫魯了我他媽的盡量脫魯還真他媽的難這還真他媽是兩個人的事好想要但又好累沒有啦,"['剛剛', '問', '唐綺陽', '我', '為什麼', '還', '沒', '脫魯', '她', '說', '只要', '我', '年', '心', '中', '對', '完美', '的', '理想', '對象', '標準', '不要', '太', '高', '我', '就', '他媽的', '脫魯', '了', '我', '他媽的', '盡量', '脫魯', '還', '真', '他媽的', '難', '這', '還', '真', '他媽', '是', '兩', '個', '人', '的', '事', '好', '想要', '但', '又', '好', '累', '沒有', '啦']","['剛剛', '問', '唐綺陽', '脫魯', '說', '年', '心', '中', '完美', '理想', '對象', '標準', '太', '高', '他媽的', '脫魯', '他媽的', '盡量', '脫魯', '真', '他媽的', '難', '真', '他媽', '兩', '人', '事', '好', '想要', '好', '累']",[],negative
8,235133406,"明天是學期最後一天了

做為一個母胎單身漢

上大學後總會有美好的幻想

明天期末考都結束了

還是只能對免洗老婆自嚕

白當一學期的工具人了嗚嗚

是說

明天過後就放假了

有香香的妹子要一起過寒假嗎？(◐‿◑)",夜晚好冷,2021-01-07T17:36:09.496Z,2021-01-07T17:45:39.932Z,3,6,M,ncku,https://www.dcard.tw/f/ncku/p/235133406,dcard,post,明天是學期最後一天了做為一個母胎單身漢上大學後總會有美好的幻想明天期末考都結束了還是只能對免洗老婆自嚕白當一學期的工具人了嗚嗚是說明天過後就放假了有香香的妹子要一起過寒假嗎,"['明天', '是', '學期', '最後', '一', '天', '了', '做為', '一', '個', '母胎', '單身漢', '上大學', '後', '總會', '有', '美好', '的', '幻想', '明天', '期末考', '都', '結束', '了', '還是', '只', '能', '對', '免洗', '老婆', '自', '嚕白', '當', '一', '學期', '的', '工具人', '了', '嗚嗚', '是', '說明', '天', '過後', '就', '放假', '了', '有', '香香', '的', '妹子', '要', '一起', '過', '寒假', '嗎']","['明天', '學期', '最後', '天', '做為', '母胎', '單身漢', '上大學', '後', '總會', '美好', '幻想', '明天', '期末考', '結束', '只', '免洗', '老婆', '嚕白', '學期', '工具人', '嗚嗚', '說明', '天', '過後', '放假', '香香', '妹子', '一起', '寒假']",[],positive
9,235132944,"有沒有人
想要
一起
月工
月工
一下
口尼",冷冷的天,2021-01-07T16:18:56.679Z,2021-01-07T16:18:56.679Z,6,3,M,ncku,https://www.dcard.tw/f/ncku/p/235132944,dcard,post,有沒有人想要一起月工月工一下口尼,"['有沒有', '人', '想要', '一起', '月', '工', '月', '工', '一', '下口', '尼']","['有沒有', '人', '想要', '一起', '月', '工', '月', '工', '下口', '尼']",[],neutral
10,235132553,"哈囉 
你衣服多到整個洗衣機發出整層樓都能聽到的噪音
洗完衣服也不趕快拿走 在這邊佔用
本來是想拿垃圾袋裝著 但又覺得浪費我的垃圾袋
連基本的放洗衣籃都不會 現在學妹？
https://i.imgur.com/zYUutzl.jpg",勝八二樓洗衣服的智障,2021-01-07T15:28:07.066Z,2021-01-07T15:29:30.927Z,8,5,F,ncku,https://www.dcard.tw/f/ncku/p/235132553,dcard,post,哈囉你衣服多到整個洗衣機發出整層樓都能聽到的噪音洗完衣服也不趕快拿走在這邊佔用本來是想拿垃圾袋裝著但又覺得浪費我的垃圾袋連基本的放洗衣籃都不會現在學妹,"['哈囉', '你', '衣服', '多', '到', '整個', '洗衣機', '發出', '整', '層', '樓', '都', '能', '聽到', '的', '噪音', '洗完', '衣服', '也', '不', '趕快', '拿走', '在', '這邊', '佔用', '本來', '是', '想', '拿', '垃圾', '袋裝', '著', '但', '又', '覺得', '浪費', '我', '的', '垃圾袋', '連', '基本', '的', '放', '洗衣', '籃', '都', '不會', '現在', '學妹']","['哈囉', '衣服', '整個', '洗衣機', '發出', '整', '層', '樓', '聽到', '噪音', '洗完', '衣服', '拿走', '佔用', '本來', '想', '垃圾', '袋裝', '覺得', '浪費', '垃圾袋', '放', '洗衣', '籃', '現在', '學妹']",[],negative
11,235132230,"https://i.imgur.com/o0yoTbH.jpg
好爽喔 免費十抽突然就出了
這張超漂亮的
而且還會動 
下面推文一人100p",我抽到新年限定神奇籃子耶,2021-01-07T14:46:35.422Z,2021-01-07T14:46:35.422Z,5,1,M,ncku,https://www.dcard.tw/f/ncku/p/235132230,dcard,post,好爽喔免費十抽突然就出了這張超漂亮的而且還會動下面推文一人,"['好', '爽', '喔', '免費', '十', '抽', '突然', '就', '出', '了', '這', '張', '超', '漂亮', '的', '而且', '還', '會', '動', '下面', '推文', '一', '人']","['好', '爽', '免費', '十', '抽', '突然', '張', '超', '漂亮', '動', '下面', '推文', '人']",[],positive
12,235132182,"不是每個人都考完期末考了
不是每個人都考完期末考了
不是每個人都考完期末考了
所以不要這麼嗨
還有人一直在敲地板的聲音
當自己太鼓達人喔
我知道期末很辛苦 考完了很想狂歡一下
但對不起 還有人很不幸的還沒考完
所以請你們有同理心
謝謝",勝八居民們拜託安靜,2021-01-07T14:40:49.912Z,2021-01-07T14:40:49.912Z,8,26,F,ncku,https://www.dcard.tw/f/ncku/p/235132182,dcard,post,不是每個人都考完期末考了不是每個人都考完期末考了不是每個人都考完期末考了所以不要這麼嗨還有人一直在敲地板的聲音當自己太鼓達人喔我知道期末很辛苦考完了很想狂歡一下但對不起還有人很不幸的還沒考完所以請你們有同理心謝謝,"['不', '是', '每', '個', '人', '都', '考完', '期末考', '了', '不', '是', '每', '個', '人', '都', '考完', '期末考', '了', '不', '是', '每', '個', '人', '都', '考完', '期末考', '了', '所以', '不要', '這麼', '嗨', '還', '有', '人', '一直', '在', '敲', '地板', '的', '聲音', '當', '自己', '太', '鼓', '達', '人', '喔', '我', '知道', '期末', '很', '辛苦', '考完', '了', '很', '想', '狂歡', '一下', '但', '對不起', '還', '有', '人', '很', '不幸', '的', '還', '沒', '考完', '所以', '請', '你們', '有', '同理心', '謝謝']","['人', '考完', '期末考', '人', '考完', '期末考', '人', '考完', '期末考', '嗨', '人', '一直', '敲', '地板', '聲音', '太', '鼓', '達', '人', '知道', '期末', '辛苦', '考完', '想', '狂歡', '一下', '對不起', '人', '不幸', '考完', '請', '同理心', '謝謝']",[],negative
13,235132018,"小妹我載貨證券只看懂主客觀說和接受責任文義責任，後面不誇張全部放棄沒看，結果考了50%欸
我是不是可以在成大橫著走ㄚ",海商法,2021-01-07T14:20:15.498Z,2021-01-07T14:20:15.498Z,7,3,F,ncku,https://www.dcard.tw/f/ncku/p/235132018,dcard,post,小妹我載貨證券只看懂主客觀說和接受責任文義責任後面不誇張全部放棄沒看結果考了欸我是不是可以在成大橫著走,"['小妹', '我', '載貨', '證券', '只', '看懂', '主客觀', '說和', '接受', '責任', '文義', '責任', '後面', '不', '誇張', '全部', '放棄', '沒', '看', '結果', '考', '了', '欸', '我', '是', '不', '是', '可以', '在', '成大', '橫', '著', '走']","['小妹', '載貨', '證券', '只', '看懂', '主客觀', '說和', '接受', '責任', '文義', '責任', '後面', '誇張', '全部', '放棄', '考', '欸', '成大', '橫', '走']",[],negative
14,235131778,"如題
下禮拜想去申請休學一下
怕教授不在
還要多跑幾趟",休學 教授不在 要找誰簽名,2021-01-07T13:47:42.950Z,2021-01-07T13:47:42.950Z,6,4,M,ncku,https://www.dcard.tw/f/ncku/p/235131778,dcard,post,如題下禮拜想去申請休學一下怕教授不在還要多跑幾趟,"['如', '題', '下', '禮拜', '想', '去', '申請', '休學', '一下', '怕', '教授', '不', '在', '還要', '多', '跑', '幾', '趟']","['題', '下', '禮拜', '想', '申請', '休學', '一下', '教授', '還要', '跑', '趟']",[],neutral
15,235131637,"小妹我最討厭不洗🐔🐔的臭男生了 🤮

請問成大的大家平常會乖乖洗🐔🐔嗎😄",洗ㄐㄐ,2021-01-07T13:27:39.290Z,2021-01-07T13:27:39.290Z,4,2,M,ncku,https://www.dcard.tw/f/ncku/p/235131637,dcard,post,小妹我最討厭不洗的臭男生了請問成大的大家平常會乖乖洗嗎,"['小妹', '我', '最', '討厭', '不', '洗', '的', '臭', '男生', '了', '請問', '成大', '的', '大家', '平常', '會', '乖乖', '洗', '嗎']","['小妹', '最', '討厭', '洗', '男生', '請問', '成大', '平常', '乖乖', '洗']",[],negative
16,235131241,"雖然可能蠻多人那個時候已經放寒假回家了，不過還是要說

台鐵西部幹線：等下凌晨12.開搶
高鐵：2/11（一）凌晨


https://i.imgur.com/d9XCMaD.png
↑↑東部幹線...凌晨...就...開搶...晚了...一步...太晚...看到...了QQ",農曆春節返鄉車票訂票,2021-01-07T12:23:30.060Z,2021-01-07T12:24:31.303Z,4,6,F,ncku,https://www.dcard.tw/f/ncku/p/235131241,dcard,post,雖然可能蠻多人那個時候已經放寒假回家了不過還是要說台鐵西部幹線等下凌晨開搶高鐵一凌晨東部幹線凌晨就開搶晚了一步太晚看到了,"['雖然', '可能', '蠻', '多', '人', '那', '個', '時候', '已經', '放', '寒假', '回家', '了', '不過', '還是', '要', '說', '台鐵', '西部', '幹線', '等下', '凌晨', '開搶', '高鐵', '一', '凌晨', '東部', '幹線', '凌晨', '就', '開搶', '晚', '了', '一', '步', '太晚', '看到', '了']","['人', '已經', '放', '寒假', '回家', '說', '台鐵', '西部', '幹線', '等下', '凌晨', '開搶', '高鐵', '凌晨', '東部', '幹線', '凌晨', '開搶', '晚', '步', '太晚', '看到']",[],neutral
17,235131191,看回文似乎是性關係很開放，可是聽說之前有門禁耶？所以到底是怎樣？超怕寒假完疫情大爆發的😰😰,成大外籍生關係真的很亂嗎？,2021-01-07T12:14:58.482Z,2021-01-07T12:14:58.482Z,6,9,F,ncku,https://www.dcard.tw/f/ncku/p/235131191,dcard,post,看回文似乎是性關係很開放可是聽說之前有門禁耶所以到底是怎樣超怕寒假完疫情大爆發的,"['看', '回文', '似乎', '是', '性', '關係', '很', '開放', '可是', '聽說', '之前', '有', '門禁', '耶', '所以', '到底', '是', '怎樣', '超', '怕', '寒假', '完', '疫情', '大', '爆發', '的']","['回文', '似乎', '性', '關係', '開放', '聽說', '之前', '門禁', '耶', '超', '寒假', '完', '疫情', '爆發']",[],negative
18,235131173,"星期四啦
再過一天
考完就可以放一個多月的寒假喔！
大家撐住啊！







One more day
One more dawn
One
Day
More!!!!!!",再一天就要放寒假啦！！,2021-01-07T12:11:16.168Z,2021-01-07T12:11:16.168Z,7,7,M,ncku,https://www.dcard.tw/f/ncku/p/235131173,dcard,post,星期四啦再過一天考完就可以放一個多月的寒假喔大家撐住啊,"['星期四', '啦', '再', '過', '一', '天', '考完', '就', '可以', '放', '一', '個', '多', '月', '的', '寒假', '喔', '大家', '撐住', '啊']","['星期四', '再', '天', '考完', '放', '月', '寒假', '撐住']",[],neutral
19,235131157,"闆娘說成大生來剪油頭就送燙頭髮
限量20位
各位潮潮可以把握一下
https://i.imgur.com/2qeugs7.jpg",東和路剪頭髮,2021-01-07T12:09:33.330Z,2021-01-07T12:09:33.330Z,2,1,M,ncku,https://www.dcard.tw/f/ncku/p/235131157,dcard,post,闆娘說成大生來剪油頭就送燙頭髮限量位各位潮潮可以把握一下,"['闆娘', '說成', '大', '生來', '剪', '油', '頭', '就', '送', '燙', '頭髮', '限量', '位', '各位', '潮潮', '可以', '把握', '一下']","['闆娘', '說成', '生來', '剪', '油', '頭', '送', '燙', '頭髮', '限量', '位', '潮潮', '把握', '一下']",[],positive
20,235130965,最近想做牙齒矯正 想問有沒有人有推薦的診所或醫師（近學校比較好）費用啊大概會是多少？,牙齒矯正,2021-01-07T11:39:07.744Z,2021-01-07T11:39:07.744Z,3,0,F,ncku,https://www.dcard.tw/f/ncku/p/235130965,dcard,post,最近想做牙齒矯正想問有沒有人有推薦的診所或醫師近學校比較好費用啊大概會是多少,"['最近', '想', '做', '牙齒', '矯正', '想', '問', '有沒有', '人', '有', '推薦', '的', '診所', '或', '醫師', '近', '學校', '比較', '好', '費用', '啊', '大概', '會', '是', '多少']","['最近', '想', '做', '牙齒', '矯正', '想', '問', '有沒有', '人', '推薦', '診所', '醫師', '學校', '比較', '好', '費用']",[],positive
21,235130406,"這次沒錯版了吧
https://youtu.be/tah8PaJemqs

勾起來 你們心中的惡
影片中有講錯的部分 歡迎下方留言
狠狠打臉",勾起成大人心中的惡,2021-01-07T09:59:39.442Z,2021-01-07T09:59:39.442Z,13,7,M,ncku,https://www.dcard.tw/f/ncku/p/235130406,dcard,post,這次沒錯版了吧勾起來你們心中的惡影片中有講錯的部分歡迎下方留言狠狠打臉,"['這', '次', '沒', '錯', '版', '了', '吧', '勾起', '來', '你們', '心', '中', '的', '惡', '影片', '中', '有', '講錯', '的', '部分', '歡迎', '下方', '留言', '狠狠', '打', '臉']","['次', '錯', '版', '勾起', '心', '中', '惡', '影片', '中', '講錯', '部分', '歡迎', '下方', '留言', '狠狠', '臉']",[],negative
22,235130192,"靠北喔
兩次期中期末平均都沒過60
我都剛好考60左右
雖然是低空飛過但成績也太難看了吧",電機系工數最後總平均會是多少啊,2021-01-07T09:21:29.715Z,2021-01-07T09:21:29.715Z,10,5,M,ncku,https://www.dcard.tw/f/ncku/p/235130192,dcard,post,靠北喔兩次期中期末平均都沒過我都剛好考左右雖然是低空飛過但成績也太難看了吧,"['靠', '北', '喔', '兩', '次', '期中', '期末', '平均', '都', '沒', '過', '我', '都', '剛好', '考', '左右', '雖然', '是', '低空', '飛過', '但', '成績', '也', '太', '難看', '了', '吧']","['北', '兩', '次', '期中', '期末', '平均', '考', '左右', '低空', '飛過', '成績', '太', '難看']",[],negative
23,235130120,"海商考完，他的考點跟主流國考命題也差太多
感覺好抖喔
他會不會當大四的啊.....
我不要大五再修海商法啦！！！",海商法,2021-01-07T09:07:44.019Z,2021-01-07T09:07:44.019Z,14,9,M,ncku,https://www.dcard.tw/f/ncku/p/235130120,dcard,post,海商考完他的考點跟主流國考命題也差太多感覺好抖喔他會不會當大四的啊我不要大五再修海商法啦,"['海商', '考完', '他', '的', '考點', '跟', '主流', '國考', '命題', '也', '差', '太多', '感覺', '好', '抖', '喔', '他', '會不會', '當', '大四', '的', '啊', '我', '不要', '大五', '再', '修', '海商法', '啦']","['海商', '考完', '考點', '主流', '國考', '命題', '差', '太多', '感覺', '好', '抖', '會不會', '大四', '大五', '再', '修', '海商法']",[],negative
24,235130100,"想求問宿網的網站是用手機網路都打不開嗎⋯⋯？
還是那個網站都會這樣呢⋯⋯",宿網,2021-01-07T09:04:40.653Z,2021-01-07T09:04:40.653Z,2,0,F,ncku,https://www.dcard.tw/f/ncku/p/235130100,dcard,post,想求問宿網的網站是用手機網路都打不開嗎還是那個網站都會這樣呢,"['想', '求問', '宿網', '的', '網站', '是', '用', '手機', '網路', '都', '打', '不', '開', '嗎', '還是', '那', '個', '網站', '都', '會', '這樣', '呢']","['想', '求問', '宿網', '網站', '手機', '網路', '開', '網站']",[],neutral
25,235130083,"乳題 同學要畢業了還沒脫魯
一直該找不到男友 
明明條件普通 眼睛卻長在頭頂
自認為可以當系花 
還常常嫌成大男生不好
從來不檢討自己個性難相處
每天聽他一直叫很煩
誰要收他拜託趕快= =",很愛抱怨找不到男友,2021-01-07T09:01:45.078Z,2021-01-07T09:01:45.078Z,19,16,F,ncku,https://www.dcard.tw/f/ncku/p/235130083,dcard,post,乳題同學要畢業了還沒脫魯一直該找不到男友明明條件普通眼睛卻長在頭頂自認為可以當系花還常常嫌成大男生不好從來不檢討自己個性難相處每天聽他一直叫很煩誰要收他拜託趕快,"['乳題', '同學', '要', '畢業', '了', '還', '沒', '脫魯', '一直', '該', '找', '不', '到', '男友', '明明', '條件', '普通', '眼睛', '卻', '長', '在', '頭頂', '自認為', '可以', '當', '系花', '還', '常常', '嫌', '成大', '男生', '不', '好', '從來', '不', '檢討', '自己', '個性', '難', '相處', '每', '天', '聽', '他', '一直', '叫', '很', '煩', '誰', '要', '收', '他', '拜託', '趕快']","['乳題', '同學', '畢業', '脫魯', '一直', '找', '男友', '明明', '條件', '普通', '眼睛', '卻', '長', '頭頂', '自認為', '系花', '嫌', '成大', '男生', '好', '檢討', '個性', '難', '相處', '天', '聽', '一直', '煩', '收', '拜託']",[],negative
26,235129828,"我要詛咒那些好手好腳只要上一兩樓還坐電梯的，哪天出車禍撞到截肢或撞成智障，然後要搭電梯發現被好手好腳的從地下室開始區間電梯。
還有整天在別人文章底下留哈哈哈是我啦然後不敢貼學生證出來讓人打的，哪天看到別人辦喪禮發現自己的照片掛在上面才發現哈哈哈是你啦。
https://megapx-assets.dcard.tw/images/70645bfa-5905-4b0e-963a-3c029c4e9a7c/640.jpeg",在此獻上詛咒,2021-01-07T08:14:35.755Z,2021-01-07T08:20:02.552Z,19,4,M,ncku,https://www.dcard.tw/f/ncku/p/235129828,dcard,post,我要詛咒那些好手好腳只要上一兩樓還坐電梯的哪天出車禍撞到截肢或撞成智障然後要搭電梯發現被好手好腳的從地下室開始區間電梯還有整天在別人文章底下留哈哈哈是我啦然後不敢貼學生證出來讓人打的哪天看到別人辦喪禮發現自己的照片掛在上面才發現哈哈哈是你啦,"['我', '要', '詛咒', '那些', '好手', '好', '腳', '只要', '上', '一兩樓', '還', '坐', '電梯', '的', '哪', '天', '出', '車禍', '撞到', '截肢', '或', '撞成', '智障', '然後', '要', '搭', '電梯', '發現', '被', '好手', '好', '腳', '的', '從', '地下室', '開始', '區間', '電梯', '還', '有', '整', '天', '在', '別人', '文章', '底下', '留', '哈', '哈哈', '是', '我', '啦', '然後', '不', '敢', '貼', '學生證', '出來', '讓', '人', '打', '的', '哪', '天', '看到', '別人', '辦', '喪禮', '發現', '自己', '的', '照片', '掛', '在', '上面', '才', '發現', '哈', '哈哈', '是', '你', '啦']","['詛咒', '好手', '好', '腳', '一兩樓', '坐', '電梯', '天', '車禍', '撞到', '截肢', '撞成', '智障', '搭', '電梯', '發現', '好手', '好', '腳', '地下室', '區間', '電梯', '整', '天', '文章', '底下', '留', '貼', '學生證', '人', '天', '看到', '辦', '喪禮', '發現', '照片', '掛', '上面', '發現']",[],negative
27,235129589,"有人知道今天有一位穿短褲的女生是誰嗎
好正好正",喪葬史的女生,2021-01-07T07:32:32.020Z,2021-01-07T07:32:32.020Z,15,3,M,ncku,https://www.dcard.tw/f/ncku/p/235129589,dcard,post,有人知道今天有一位穿短褲的女生是誰嗎好正好正,"['有', '人', '知道', '今天', '有', '一', '位', '穿', '短褲', '的', '女生', '是', '誰', '嗎', '好', '正好', '正']","['人', '知道', '今天', '位', '穿', '短褲', '女生', '好', '正好', '正']",[],positive
28,235129421,"發現系上肥宅不知道是不是太想要女友
開始跟同樣是肥宅的好基友在網路上搞曖昧
明明是喜歡肥宅女神三個月換老婆的標準肥宅
幾年前還信誓旦旦ㄉ說要交女友
原來現實交不到女友真的換彎掉ㄇ







你們直男真會玩",肥宅當太久是不是會默默的彎掉,2021-01-07T07:03:37.762Z,2021-01-07T07:05:11.494Z,4,10,M,ncku,https://www.dcard.tw/f/ncku/p/235129421,dcard,post,發現系上肥宅不知道是不是太想要女友開始跟同樣是肥宅的好基友在網路上搞曖昧明明是喜歡肥宅女神三個月換老婆的標準肥宅幾年前還信誓旦旦說要交女友原來現實交不到女友真的換彎掉你們直男真會玩,"['發現', '系', '上', '肥宅', '不', '知道', '是', '不', '是', '太', '想要', '女友', '開始', '跟', '同樣', '是', '肥宅', '的', '好基友', '在', '網路', '上', '搞', '曖昧', '明明', '是', '喜歡', '肥宅', '女神', '三', '個', '月', '換', '老婆', '的', '標準', '肥宅', '幾', '年前', '還', '信誓旦旦', '說', '要', '交', '女友', '原來', '現實', '交', '不', '到', '女友', '真的', '換', '彎掉', '你們', '直男', '真', '會', '玩']","['發現', '系', '肥宅', '知道', '太', '想要', '女友', '同樣', '肥宅', '好基友', '網路', '搞', '曖昧', '明明', '喜歡', '肥宅', '女神', '月', '換', '老婆', '標準', '肥宅', '年前', '信誓旦旦', '說', '交', '女友', '原來', '現實', '交', '女友', '真的', '換', '彎掉', '直男', '真', '玩']",[],negative
29,235129301,"很迷茫是正常的嗎？
我覺得我自己到現在為止真的沒學到什麼東西…
請求各位大神指點🙏",統計系的請進來,2021-01-07T06:38:50.934Z,2021-01-07T07:12:10.232Z,10,17,M,ncku,https://www.dcard.tw/f/ncku/p/235129301,dcard,post,很迷茫是正常的嗎我覺得我自己到現在為止真的沒學到什麼東西請求各位大神指點,"['很', '迷茫', '是', '正常', '的', '嗎', '我', '覺得', '我', '自己', '到', '現在', '為止', '真的', '沒', '學到', '什麼', '東西', '請求', '各位', '大', '神', '指點']","['迷茫', '正常', '覺得', '現在', '為止', '真的', '學到', '東西', '請求', '神', '指點']",[],positive
30,235129159,上了大二之後，不知道為什麼沒有動力維持好成績，覺得整學期好像都在浪費時間，好迷茫、好累😥,不想努力了,2021-01-07T06:12:22.907Z,2021-01-07T06:18:30.848Z,5,8,M,ncku,https://www.dcard.tw/f/ncku/p/235129159,dcard,post,上了大二之後不知道為什麼沒有動力維持好成績覺得整學期好像都在浪費時間好迷茫好累,"['上', '了', '大二', '之後', '不', '知道', '為什麼', '沒有', '動力', '維持', '好', '成績', '覺得', '整', '學期', '好像', '都', '在', '浪費', '時間', '好', '迷茫', '好', '累']","['大二', '之後', '知道', '動力', '維持', '好', '成績', '覺得', '整', '學期', '好像', '浪費', '時間', '好', '迷茫', '好', '累']",[],negative
31,235128736,計概考卷沒有看到第11題就沒寫到了幹（15分不見了😭）剛才聽同學在討論感覺我的答案和他們都不一樣，我計概會不會被當啊😖😖😖,計概感覺要被當了嗚嗚嗚,2021-01-07T04:46:17.891Z,2021-01-07T04:46:17.891Z,9,2,M,ncku,https://www.dcard.tw/f/ncku/p/235128736,dcard,post,計概考卷沒有看到第題就沒寫到了幹分不見了剛才聽同學在討論感覺我的答案和他們都不一樣我計概會不會被當啊,"['計概', '考卷', '沒有', '看到', '第題', '就', '沒', '寫到', '了', '幹分', '不見了', '剛才', '聽', '同學', '在', '討論', '感覺', '我', '的', '答案', '和', '他們', '都', '不', '一樣', '我', '計概', '會不會', '被', '當', '啊']","['計概', '考卷', '看到', '第題', '寫到', '幹分', '不見了', '聽', '同學', '討論', '感覺', '答案', '計概', '會不會']",[],negative
32,235128517,明明也沒有很混，但是期中期末考出來分數都低到哭，人森怎麼這麼難==？,感覺要被二一ㄌಥ_ಥ,2021-01-07T04:08:34.703Z,2021-01-07T04:08:34.703Z,18,12,M,ncku,https://www.dcard.tw/f/ncku/p/235128517,dcard,post,明明也沒有很混但是期中期末考出來分數都低到哭人森怎麼這麼難,"['明明', '也', '沒有', '很', '混', '但是', '期中', '期末考', '出來', '分數', '都', '低到', '哭人森', '怎麼', '這麼', '難']","['明明', '混', '期中', '期末考', '分數', '低到', '哭人森', '難']",[],negative
33,235128445,"圖書館四樓靠討論室那區的同學
你的手機一直震動一直震動
事業做這麼大可以不用唸書了啦(⁎⁍̴̛ᴗ⁍̴̛⁎)
在震下去 期末也一起下去

啊我不知道到底是誰的手機
所以也沒辦法直接講

祝大家期末歐趴
不要著涼。
https://i.imgur.com/ZJdr4A9.jpg",誰的手機一直震動啦！,2021-01-07T03:51:38.871Z,2021-01-07T03:51:38.871Z,10,3,F,ncku,https://www.dcard.tw/f/ncku/p/235128445,dcard,post,圖書館四樓靠討論室那區的同學你的手機一直震動一直震動事業做這麼大可以不用唸書了啦在震下去期末也一起下去啊我不知道到底是誰的手機所以也沒辦法直接講祝大家期末歐趴不要著涼,"['圖書館', '四樓', '靠', '討論室', '那', '區', '的', '同學', '你', '的', '手機', '一直', '震動', '一直', '震動', '事業', '做', '這麼', '大', '可以', '不用', '唸書', '了', '啦', '在', '震', '下去', '期末', '也', '一起', '下去', '啊', '我', '不', '知道', '到底', '是', '誰', '的', '手機', '所以', '也', '沒辦法', '直接', '講', '祝', '大家', '期末', '歐', '趴', '不要', '著涼']","['圖書館', '四樓', '討論室', '區', '同學', '手機', '一直', '震動', '一直', '震動', '事業', '做', '不用', '唸書', '震', '下去', '期末', '一起', '下去', '知道', '手機', '沒辦法', '直接', '講', '祝', '期末', '歐', '趴', '著涼']",[],negative
34,235127751,"熬夜讀期末
10點期末想說睡到9點
結果宿舍外面不知道在幹嘛
一直施工一直吵
慧貞拜託放過我可以嗎
求你🙏
-
慧做事 貞放心🥰",工程大學店,2021-01-07T00:46:26.802Z,2021-01-07T00:46:26.802Z,9,13,F,ncku,https://www.dcard.tw/f/ncku/p/235127751,dcard,post,熬夜讀期末點期末想說睡到點結果宿舍外面不知道在幹嘛一直施工一直吵慧貞拜託放過我可以嗎求你慧做事貞放心,"['熬夜', '讀', '期末', '點', '期末', '想', '說', '睡到點', '結果', '宿舍', '外面', '不', '知道', '在', '幹嘛', '一直', '施工', '一直', '吵慧貞', '拜託', '放過', '我', '可以', '嗎', '求', '你', '慧', '做', '事', '貞', '放心']","['熬夜', '讀', '期末', '點', '期末', '想', '說', '睡到點', '宿舍', '外面', '知道', '幹嘛', '一直', '施工', '一直', '吵慧貞', '拜託', '放過', '求', '慧', '做', '事', '貞', '放心']",[],positive
35,235127704,"2021/01/07 07:31
〔記者鮑建信／高雄報導〕國立中山大學右手身障的莊姓教授在麵攤吃飯，被林姓學生用手機拍照後，PO在有48人的物理系群組，結果另名劉姓學生卻留言「斷臂殘猿」辱罵，涉嫌妨害名譽罪，劉被高雄地檢署提起公訴。

起訴書指出，劉生前為中山大學物理系學生，右手肢體障礙的莊姓教授任教物理系，2人為師生關係。2018年2月14日下午5點多，該校物理系林姓學生在住處樓下麵攤偶遇莊，於是用手機拍攝他用餐照片後，立即PO在有48位成員「中山大學109級物理系」群組，並留言：「猜我他媽遇見了誰」、「力學教授」等語。

不久，當時還是學生的劉姓被告，看到該照片和留言，回應：「斷臂殘猿」等語，涉嫌辱罵、嘲笑、譏諷莊身障。

2020年6月5日，莊在臉書「中山物理板」社團內，發現該系另名許姓學生所張貼的文章，內有上開群組截圖，憤而前往鼓山分局，控告林姓、劉姓2人涉嫌公然侮辱罪嫌，並被移送高雄地檢署偵辦。

據了解，林姓學生指稱，莊姓教授側面對著他，當時又是寒假期間，才會說看了他右手才確認，只是做事實陳述，而義肢可做為辨認一個人的特徵，絕對沒有歧視身障人士的意思。

劉姓被告則說，只是單純開玩笑，否認有貶抑的意見。

承辦檢察官調查，林張貼莊側面用餐照，並指說是教授，客觀上尚屬中性，沒有嘲諷、譏笑的意思。至於「猜我他媽遇見了誰」，用語雖然不雅，應該是發語詞、語助詞，沒有辱罵的犯意，因此認定罪證不足。

檢方並說，莊姓教授於2020年6月5日獲悉始知遭辱，並在同月15日提出告訴，尚未罹於告訴期間。",LINE「斷臂殘猿」譏笑身障教授 中山大學生吃官司,2021-01-07T00:24:40.105Z,2021-01-07T00:24:40.105Z,13,2,M,ncku,https://www.dcard.tw/f/ncku/p/235127704,dcard,post,記者鮑建信高雄報導國立中山大學右手身障的莊姓教授在麵攤吃飯被林姓學生用手機拍照後在有人的物理系群組結果另名劉姓學生卻留言斷臂殘猿辱罵涉嫌妨害名譽罪劉被高雄地檢署提起公訴起訴書指出劉生前為中山大學物理系學生右手肢體障礙的莊姓教授任教物理系人為師生關係年月日下午點多該校物理系林姓學生在住處樓下麵攤偶遇莊於是用手機拍攝他用餐照片後立即在有位成員中山大學級物理系群組並留言猜我他媽遇見了誰力學教授等語不久當時還是學生的劉姓被告看到該照片和留言回應斷臂殘猿等語涉嫌辱罵嘲笑譏諷莊身障年月日莊在臉書中山物理板社團內發現該系另名許姓學生所張貼的文章內有上開群組截圖憤而前往鼓山分局控告林姓劉姓人涉嫌公然侮辱罪嫌並被移送高雄地檢署偵辦據了解林姓學生指稱莊姓教授側面對著他當時又是寒假期間才會說看了他右手才確認只是做事實陳述而義肢可做為辨認一個人的特徵絕對沒有歧視身障人士的意思劉姓被告則說只是單純開玩笑否認有貶抑的意見承辦檢察官調查林張貼莊側面用餐照並指說是教授客觀上尚屬中性沒有嘲諷譏笑的意思至於猜我他媽遇見了誰用語雖然不雅應該是發語詞語助詞沒有辱罵的犯意因此認定罪證不足檢方並說莊姓教授於年月日獲悉始知遭辱並在同月日提出告訴尚未罹於告訴期間,"['記者', '鮑建信', '高雄', '報導', '國立', '中山', '大學', '右手', '身障', '的', '莊姓', '教授', '在', '麵攤', '吃飯', '被', '林姓', '學生', '用', '手機', '拍照', '後', '在', '有', '人', '的', '物理系', '群組', '結果', '另', '名', '劉姓', '學生', '卻', '留言', '斷臂殘猿', '辱罵', '涉嫌', '妨害', '名譽', '罪', '劉', '被', '高雄', '地檢署', '提起公訴', '起訴書', '指出', '劉', '生前', '為', '中山', '大學', '物理系', '學生', '右手', '肢體', '障礙', '的', '莊姓', '教授', '任教', '物理系人', '為', '師生', '關係', '年月日', '下午', '點多', '該', '校', '物理系', '林姓', '學生', '在', '住處', '樓下', '麵攤', '偶遇', '莊', '於是', '用', '手機', '拍攝', '他', '用餐', '照片', '後', '立即', '在', '有', '位', '成員', '中山', '大', '學級', '物理系', '群組', '並', '留言', '猜', '我', '他媽', '遇見', '了', '誰', '力學', '教授', '等', '語', '不久', '當時', '還是', '學生', '的', '劉姓', '被告', '看到', '該', '照片', '和', '留言', '回應', '斷臂殘猿', '等', '語', '涉嫌', '辱罵', '嘲笑', '譏諷', '莊', '身障', '年月日', '莊', '在', '臉', '書', '中山', '物理板', '社團', '內', '發現', '該', '系', '另', '名', '許姓', '學生', '所', '張貼', '的', '文章', '內', '有', '上開', '群組', '截圖憤', '而', '前往', '鼓山', '分局', '控告', '林姓', '劉姓', '人', '涉嫌', '公然侮辱', '罪嫌', '並', '被', '移送', '高雄', '地檢署', '偵辦', '據了解', '林姓', '學生', '指稱', '莊姓', '教授', '側面', '對', '著', '他', '當時', '又', '是', '寒假', '期間', '才', '會', '說', '看', '了', '他', '右手', '才', '確認', '只是', '做', '事實', '陳述', '而', '義肢', '可', '做為', '辨認', '一', '個', '人', '的', '特徵', '絕對', '沒有', '歧視', '身障', '人士', '的', '意思', '劉姓', '被告', '則', '說', '只是', '單純', '開玩笑', '否認', '有', '貶', '抑', '的', '意見', '承辦', '檢察官', '調查', '林', '張貼', '莊', '側面', '用餐', '照', '並', '指說', '是', '教授', '客觀', '上尚', '屬', '中性', '沒有', '嘲諷', '譏笑', '的', '意思', '至於', '猜', '我', '他媽', '遇見', '了', '誰', '用語', '雖然', '不雅', '應該', '是', '發', '語詞', '語助詞', '沒有', '辱罵', '的', '犯意', '因此', '認定', '罪證', '不足', '檢方', '並', '說', '莊姓', '教授', '於', '年月日', '獲悉', '始', '知', '遭', '辱', '並', '在', '同月日', '提出', '告訴', '尚未', '罹於', '告訴', '期間']","['記者', '鮑建信', '高雄', '報導', '國立', '中山', '大學', '右手', '身障', '莊姓', '教授', '麵攤', '吃飯', '林姓', '學生', '手機', '拍照', '後', '人', '物理系', '群組', '名', '劉姓', '學生', '卻', '留言', '斷臂殘猿', '辱罵', '涉嫌', '妨害', '名譽', '罪', '劉', '高雄', '地檢署', '提起公訴', '起訴書', '指出', '劉', '生前', '中山', '大學', '物理系', '學生', '右手', '肢體', '障礙', '莊姓', '教授', '任教', '物理系人', '師生', '關係', '年月日', '下午', '點多', '校', '物理系', '林姓', '學生', '住處', '樓下', '麵攤', '偶遇', '莊', '手機', '拍攝', '用餐', '照片', '後', '立即', '位', '成員', '中山', '學級', '物理系', '群組', '留言', '猜', '他媽', '遇見', '力學', '教授', '語', '不久', '當時', '學生', '劉姓', '被告', '看到', '照片', '留言', '回應', '斷臂殘猿', '語', '涉嫌', '辱罵', '嘲笑', '譏諷', '莊', '身障', '年月日', '莊', '臉', '書', '中山', '物理板', '社團', '發現', '系', '名', '許姓', '學生', '張貼', '文章', '上開', '群組', '截圖憤', '前往', '鼓山', '分局', '控告', '林姓', '劉姓', '人', '涉嫌', '公然侮辱', '罪嫌', '移送', '高雄', '地檢署', '偵辦', '據了解', '林姓', '學生', '指稱', '莊姓', '教授', '側面', '當時', '寒假', '期間', '說', '右手', '確認', '做', '事實', '陳述', '義肢', '做為', '辨認', '人', '特徵', '歧視', '身障', '人士', '意思', '劉姓', '被告', '說', '開玩笑', '否認', '貶', '抑', '意見', '承辦', '檢察官', '調查', '林', '張貼', '莊', '側面', '用餐', '指說', '教授', '客觀', '上尚', '屬', '中性', '嘲諷', '譏笑', '意思', '猜', '他媽', '遇見', '用語', '不雅', '應該', '發', '語詞', '語助詞', '辱罵', '犯意', '認定', '罪證', '不足', '檢方', '說', '莊姓', '教授', '年月日', '獲悉', '始', '知', '遭', '辱', '同月日', '提出', '告訴', '尚未', '罹於', '告訴', '期間']","['學生', '教授', '中山']",negative
