0,235134818,不知道有沒有同學撿到或是看到社會學系女學生的學生證⋯ 有的話請留言 非常感謝🙏🏻😢,學生證遺失,2021-01-08T04:22:52.102Z,2021-01-08T04:22:52.102Z,0,0,F,fju,https://www.dcard.tw/f/fju/p/235134818,dcard,post,不知道有沒有同學撿到或是看到社會學系女學生的學生證有的話請留言非常感謝,"['不', '知道', '有沒有', '同學', '撿到', '或是', '看到', '社會學系', '女', '學生', '的', '學生證', '有的', '話', '請', '留言', '非常', '感謝']","['知道', '有沒有', '同學', '撿到', '看到', '社會學系', '女', '學生', '學生證', '話', '請', '留言', '感謝']",[],positive
1,235134707,"想請問有修這門課的同學
老師今天上課的內容是不是講義第六章
然後下禮拜的的期末考是否是考456章
本身是系外加簽今天早上又因為趕報告睡過頭
所以沒上到課也沒認識的人可以問😢
還請有修這門課的同學回答了",靳宗立刑法總則,2021-01-08T03:53:51.886Z,2021-01-08T03:53:51.886Z,0,0,M,fju,https://www.dcard.tw/f/fju/p/235134707,dcard,post,想請問有修這門課的同學老師今天上課的內容是不是講義第六章然後下禮拜的的期末考是否是考章本身是系外加簽今天早上又因為趕報告睡過頭所以沒上到課也沒認識的人可以問還請有修這門課的同學回答了,"['想', '請問', '有', '修', '這', '門', '課', '的', '同學', '老師', '今天', '上課', '的', '內容', '是', '不', '是', '講義', '第六', '章', '然後', '下', '禮拜', '的', '的', '期末考', '是否', '是', '考', '章', '本身', '是', '系', '外加', '簽', '今天', '早上', '又', '因為', '趕', '報告', '睡', '過頭', '所以', '沒', '上到', '課', '也', '沒', '認識', '的', '人', '可以', '問', '還', '請', '有', '修', '這', '門', '課', '的', '同學', '回答', '了']","['想', '請問', '修', '門', '課', '同學', '老師', '今天', '上課', '內容', '講義', '第六', '章', '下', '禮拜', '期末考', '是否', '考', '章', '系', '外加', '簽', '今天', '早上', '報告', '睡', '過頭', '上到', '課', '認識', '人', '問', '請', '修', '門', '課', '同學', '回答']",[],neutral
2,235134599,"請問老師有說下週考試的相關內容嗎？
還有作業等等
拜託好心人回覆🥲🥺",劉慧玲中級英文聽力（五）34節,2021-01-08T03:26:51.695Z,2021-01-08T03:27:24.127Z,0,1,F,fju,https://www.dcard.tw/f/fju/p/235134599,dcard,post,請問老師有說下週考試的相關內容嗎還有作業等等拜託好心人回覆,"['請問', '老師', '有', '說', '下', '週', '考試', '的', '相關', '內容', '嗎', '還', '有', '作業', '等等', '拜託', '好心人', '回覆']","['請問', '老師', '說', '下', '週', '考試', '相關', '內容', '作業', '拜託', '好心人', '回覆']",[],negative
3,235134525,此篇文章為轉貼文章，請更新至最新版本觀看完整內容。,轉：期末集氣,2021-01-08T03:07:11.332Z,2021-01-08T03:07:11.332Z,0,3,M,fju,https://www.dcard.tw/f/fju/p/235134525,dcard,post,此篇文章為轉貼文章請更新至最新版本觀看完整內容,"['此', '篇', '文章', '為轉貼', '文章', '請', '更新', '至', '最', '新', '版本', '觀看', '完整', '內容']","['篇', '文章', '為轉貼', '文章', '請', '更新', '最', '新', '版本', '觀看', '完整', '內容']",[],positive
4,235134476,"有人知道韓聚食除了現金以外
還有其他付款的方式嗎？
上網爬文都沒有看到QQ
順便問一下有人推薦吃什麼ㄇ",韓聚食消費,2021-01-08T02:54:04.860Z,2021-01-08T02:54:04.860Z,2,1,F,fju,https://www.dcard.tw/f/fju/p/235134476,dcard,post,有人知道韓聚食除了現金以外還有其他付款的方式嗎上網爬文都沒有看到順便問一下有人推薦吃什麼,"['有', '人', '知道', '韓聚食', '除了', '現金', '以外', '還', '有', '其他', '付款', '的', '方式', '嗎', '上網', '爬文', '都', '沒有', '看到', '順便', '問', '一下', '有', '人', '推薦', '吃', '什麼']","['人', '知道', '韓聚食', '現金', '以外', '付款', '方式', '上網', '爬文', '看到', '順便', '問', '一下', '人', '推薦', '吃']",[],positive
5,235134423,"https://i.imgur.com/ZqYVn3L.jpg
今天我在全聯附近的木棧道撿到了妳的學生證
我已經拿去野聲樓了
請記得去領取喔謝謝",食品科學大二的美麗女孩的學生證,2021-01-08T02:41:44.956Z,2021-01-08T02:41:44.956Z,4,3,M,fju,https://www.dcard.tw/f/fju/p/235134423,dcard,post,今天我在全聯附近的木棧道撿到了妳的學生證我已經拿去野聲樓了請記得去領取喔謝謝,"['今天', '我', '在', '全', '聯', '附近', '的', '木', '棧道', '撿到', '了', '妳', '的', '學生證', '我', '已經', '拿去', '野聲樓', '了', '請', '記得', '去', '領取', '喔', '謝謝']","['今天', '全', '聯', '附近', '木', '棧道', '撿到', '妳', '學生證', '已經', '拿去', '野聲樓', '請', '記得', '領取', '謝謝']",[],positive
6,235134316,"在松江南京撿到你的學生證
幫你送到站務台了
看到文的話記得去拿喔
不然你會永遠困在捷運站
https://i.imgur.com/HMMwPdm.jpg
https://i.imgur.com/hyBnQM7.jpg
掉落的位置大概在紅色圈圈那
https://i.imgur.com/iJGKFux.jpg
去尋找你的yoyo卡吧！",你肯定在想該如何出站,2021-01-08T02:12:38.012Z,2021-01-08T02:12:38.012Z,1,7,M,fju,https://www.dcard.tw/f/fju/p/235134316,dcard,post,在松江南京撿到你的學生證幫你送到站務台了看到文的話記得去拿喔不然你會永遠困在捷運站掉落的位置大概在紅色圈圈那去尋找你的卡吧,"['在', '松江', '南京', '撿到', '你', '的', '學生證', '幫', '你', '送', '到', '站務台', '了', '看到', '文', '的', '話', '記得', '去', '拿', '喔', '不然', '你', '會', '永遠', '困在', '捷運站', '掉落', '的', '位置', '大概', '在', '紅色', '圈圈', '那', '去', '尋找', '你', '的', '卡', '吧']","['松江', '南京', '撿到', '學生證', '幫', '送', '站務台', '看到', '文', '話', '記得', '永遠', '困在', '捷運站', '掉落', '位置', '紅色', '圈圈', '尋找', '卡']",[],negative
7,235134307,不好意思因為今天最後一堂沒辦法到學校，想問一下期末的考試範圍🥺🥺,基礎日文覃顯勇老師（星期五D1D2）,2021-01-08T02:09:58.226Z,2021-01-08T02:09:58.226Z,0,2,F,fju,https://www.dcard.tw/f/fju/p/235134307,dcard,post,不好意思因為今天最後一堂沒辦法到學校想問一下期末的考試範圍,"['不好意思', '因為', '今天', '最後', '一', '堂', '沒辦法', '到', '學校', '想', '問', '一下', '期末', '的', '考試', '範圍']","['不好意思', '今天', '最後', '堂', '沒辦法', '學校', '想', '問', '一下', '期末', '考試', '範圍']",[],negative
8,235134157,"ES408有一盒眼影放在這裡兩天了ㄛ
在後門走進去倒數第三排的桌上 我把它放到抽屜裡了
https://i.imgur.com/X9WpLs7.jpg",innisfree 眼影,2021-01-08T01:14:19.977Z,2021-01-08T01:14:19.977Z,1,0,F,fju,https://www.dcard.tw/f/fju/p/235134157,dcard,post,有一盒眼影放在這裡兩天了在後門走進去倒數第三排的桌上我把它放到抽屜裡了,"['有', '一', '盒', '眼影', '放', '在', '這裡', '兩', '天', '了', '在', '後門', '走進去', '倒數', '第三', '排', '的', '桌', '上', '我', '把', '它', '放到', '抽屜', '裡', '了']","['盒', '眼影', '放', '這裡', '兩', '天', '後門', '走進去', '倒數', '第三', '排', '桌', '放到', '抽屜', '裡']",[],neutral
9,235134114,"張毅民老師講話好像繞口令 一直重複一樣的話⋯⋯
好累 早八🥲",張毅民老師😓,2021-01-08T00:52:23.099Z,2021-01-08T00:52:23.099Z,0,1,F,fju,https://www.dcard.tw/f/fju/p/235134114,dcard,post,張毅民老師講話好像繞口令一直重複一樣的話好累早八,"['張毅民', '老師', '講話', '好像', '繞口令', '一直', '重複', '一樣', '的', '話', '好', '累', '早', '八']","['張毅民', '老師', '講話', '好像', '繞口令', '一直', '重複', '話', '好', '累', '早']",[],neutral
10,235133998,"上學期結束了
下學期快到了 又到了畢業的時候
誰還是母胎單身 誰還沒打砲的
可憐肥宅
出來取暖
Ps:我不是上述所說的男生",打過炮沒,2021-01-07T23:39:59.334Z,2021-01-07T23:39:59.334Z,5,0,M,fju,https://www.dcard.tw/f/fju/p/235133998,dcard,post,上學期結束了下學期快到了又到了畢業的時候誰還是母胎單身誰還沒打砲的可憐肥宅出來取暖我不是上述所說的男生,"['上', '學期', '結束', '了', '下', '學期', '快', '到', '了', '又', '到', '了', '畢業', '的', '時候', '誰', '還是', '母胎', '單身', '誰', '還', '沒', '打', '砲', '的', '可憐', '肥宅', '出來', '取暖', '我', '不', '是', '上述', '所', '說', '的', '男生']","['學期', '結束', '下', '學期', '畢業', '母胎', '單身', '砲', '可憐', '肥宅', '取暖', '上述', '說', '男生']",[],negative
11,235133652,"住信和的
可以不要一直把別人還沒乾的衣服擠成一疊嗎
就你的衣服要曬別人的發霉都沒關係膩
有點公德心好嗎
你要空間也先去弄那種衣服乾了還一直掛那邊
把曬衣場當衣櫃的那些好嗎
氣死欸",可以不要那麼自私嗎,2021-01-07T18:32:10.841Z,2021-01-07T18:32:10.841Z,2,4,M,fju,https://www.dcard.tw/f/fju/p/235133652,dcard,post,住信和的可以不要一直把別人還沒乾的衣服擠成一疊嗎就你的衣服要曬別人的發霉都沒關係膩有點公德心好嗎你要空間也先去弄那種衣服乾了還一直掛那邊把曬衣場當衣櫃的那些好嗎氣死欸,"['住信', '和', '的', '可以', '不要', '一直', '把', '別人', '還', '沒', '乾', '的', '衣服', '擠成', '一', '疊', '嗎', '就', '你', '的', '衣服', '要', '曬', '別人', '的', '發霉', '都', '沒關係', '膩', '有點', '公德心', '好', '嗎', '你', '要', '空間', '也', '先', '去', '弄', '那', '種', '衣服', '乾', '了', '還', '一直', '掛', '那邊', '把', '曬衣場', '當', '衣櫃', '的', '那些', '好', '嗎', '氣死', '欸']","['住信', '一直', '乾', '衣服', '擠成', '疊', '衣服', '曬', '發霉', '沒關係', '膩', '有點', '公德心', '好', '空間', '先', '弄', '種', '衣服', '乾', '一直', '掛', '曬衣場', '衣櫃', '好', '氣死', '欸']",[],negative
12,235133616,你各位有沒有人明天跟我一樣早八晚五的課中午就想回家吹暖氣啦 這天氣冷到哭啊 整學期都還沒翹過課 想試試 以下報數 我先+1🤣🥶🥶,天氣冷到爆,2021-01-07T18:20:03.412Z,2021-01-07T18:20:37.840Z,6,8,M,fju,https://www.dcard.tw/f/fju/p/235133616,dcard,post,你各位有沒有人明天跟我一樣早八晚五的課中午就想回家吹暖氣啦這天氣冷到哭啊整學期都還沒翹過課想試試以下報數我先,"['你', '各位', '有沒有', '人', '明天', '跟', '我', '一樣', '早', '八', '晚', '五', '的', '課', '中午', '就', '想', '回家', '吹', '暖氣', '啦', '這', '天氣', '冷', '到哭', '啊', '整', '學期', '都', '還', '沒', '翹', '過', '課', '想', '試試', '以下', '報數', '我', '先']","['有沒有', '人', '明天', '早', '晚', '課', '中午', '想', '回家', '吹', '暖氣', '天氣', '冷', '到哭', '整', '學期', '翹', '課', '想', '試試', '以下', '報數', '先']",[],neutral
13,235133434,"各位大大好
我這學期爬了800萬次這門課的相關滴卡文⋯
衝著大家的評價都說老師佛到爆炸選了這堂
由於我期中只有20幾分⋯⋯⋯
上課也都沒聽沒有懂，認真想聽也覺得像外星文
然後剛剛認真準備老師的期末考題
我居然在快400頁的簡報中還找不到答案(༎ຶ⌑༎ຶ)
所以在大半夜的想來問問修過這堂的同學們
這個通識真的有那好過嗎⋯⋯⋯？？？
（給個心安也好啦⋯⋯⋯）
（祝大家歐趴）",吳剛鳳 科技管理 期末,2021-01-07T17:40:19.379Z,2021-01-07T17:40:19.379Z,3,1,F,fju,https://www.dcard.tw/f/fju/p/235133434,dcard,post,各位大大好我這學期爬了萬次這門課的相關滴卡文衝著大家的評價都說老師佛到爆炸選了這堂由於我期中只有幾分上課也都沒聽沒有懂認真想聽也覺得像外星文然後剛剛認真準備老師的期末考題我居然在快頁的簡報中還找不到答案所以在大半夜的想來問問修過這堂的同學們這個通識真的有那好過嗎給個心安也好啦祝大家歐趴,"['各位', '大', '大好', '我', '這', '學期', '爬', '了', '萬', '次', '這', '門', '課', '的', '相關', '滴卡文', '衝', '著', '大家', '的', '評價', '都', '說', '老師', '佛到', '爆炸', '選', '了', '這', '堂', '由於', '我', '期中', '只有', '幾', '分', '上課', '也', '都', '沒', '聽', '沒有', '懂', '認真', '想', '聽', '也', '覺得', '像', '外星文', '然後', '剛剛', '認真', '準備', '老師', '的', '期末', '考題', '我', '居然', '在', '快頁', '的', '簡報', '中', '還', '找', '不', '到', '答案', '所以', '在', '大', '半夜', '的', '想來', '問問', '修', '過', '這', '堂', '的', '同學們', '這', '個', '通識', '真的', '有', '那', '好過', '嗎', '給', '個', '心安', '也好', '啦', '祝', '大家', '歐', '趴']","['大好', '學期', '爬', '萬', '次', '門', '課', '相關', '滴卡文', '衝', '評價', '說', '老師', '佛到', '爆炸', '選', '堂', '期中', '分', '上課', '聽', '懂', '認真', '想', '聽', '覺得', '外星文', '剛剛', '認真', '準備', '老師', '期末', '考題', '快頁', '簡報', '中', '找', '答案', '半夜', '想來', '問問', '修', '堂', '同學們', '通識', '真的', '好過', '心安', '祝', '歐', '趴']",[],negative
14,235133014,冷到發抖的天氣，還讓學生洗冷水....真的很誇張....,宿舍沒熱水,2021-01-07T16:29:32.614Z,2021-01-07T16:29:32.614Z,0,7,F,fju,https://www.dcard.tw/f/fju/p/235133014,dcard,post,冷到發抖的天氣還讓學生洗冷水真的很誇張,"['冷到', '發抖', '的', '天氣', '還', '讓', '學生', '洗', '冷水', '真的', '很', '誇張']","['冷到', '發抖', '天氣', '學生', '洗', '冷水', '真的', '誇張']",[],negative
15,235132840,"我是宜真宿舍的住民，想請問以前住過宜真的人宿舍電費大概多少？🥺，看公告是1度三塊但本人對電費沒什麼概念，平常宿舍開冷氣是夏天的話下午7點到隔天的7點 假日的話超過12小時 大概從開學到10月底都是這樣的使用頻率，有時候太潮濕會開除濕，因為最近沒什麼錢怕13號電費出來會開天窗：）所以想先有個底看電費最多可以多到多少 
謝謝🙏",#詢問 宿舍電費,2021-01-07T16:05:44.438Z,2021-01-07T16:05:44.438Z,3,4,F,fju,https://www.dcard.tw/f/fju/p/235132840,dcard,post,我是宜真宿舍的住民想請問以前住過宜真的人宿舍電費大概多少看公告是度三塊但本人對電費沒什麼概念平常宿舍開冷氣是夏天的話下午點到隔天的點假日的話超過小時大概從開學到月底都是這樣的使用頻率有時候太潮濕會開除濕因為最近沒什麼錢怕號電費出來會開天窗所以想先有個底看電費最多可以多到多少謝謝,"['我', '是', '宜真', '宿舍', '的', '住民', '想', '請問', '以前', '住', '過', '宜真', '的', '人', '宿舍', '電費', '大概', '多少', '看', '公告', '是', '度', '三', '塊', '但', '本人', '對', '電費', '沒', '什麼', '概念', '平常', '宿舍', '開', '冷氣', '是', '夏天', '的', '話', '下午', '點到', '隔天', '的', '點', '假日', '的', '話', '超過', '小時', '大概', '從', '開學', '到', '月底', '都', '是', '這樣', '的', '使用', '頻率', '有時候', '太', '潮濕', '會', '開', '除濕', '因為', '最近', '沒', '什麼', '錢', '怕', '號', '電費', '出來', '會', '開天窗', '所以', '想', '先', '有', '個', '底', '看', '電費', '最多', '可以', '多', '到', '多少', '謝謝']","['宜真', '宿舍', '住民', '想', '請問', '以前', '住', '宜真', '人', '宿舍', '電費', '公告', '度', '塊', '電費', '概念', '平常', '宿舍', '開', '冷氣', '夏天', '話', '下午', '點到', '隔天', '點', '假日', '話', '超過', '小時', '開學', '月底', '使用', '頻率', '有時候', '太', '潮濕', '開', '除濕', '最近', '錢', '號', '電費', '開天窗', '想', '先', '底', '電費', '最多', '謝謝']",[],negative
16,235132743,今天借行充的同學，我今天睡著了，你是不是沒找到我～下次看到我在拿給我～我充飽下次才能在借你,尋找圖書館借行充同學,2021-01-07T15:51:47.457Z,2021-01-07T15:51:47.457Z,3,2,M,fju,https://www.dcard.tw/f/fju/p/235132743,dcard,post,今天借行充的同學我今天睡著了你是不是沒找到我下次看到我在拿給我我充飽下次才能在借你,"['今天', '借行充', '的', '同學', '我', '今天', '睡著', '了', '你', '是', '不', '是', '沒', '找到', '我', '下', '次', '看到', '我', '在', '拿給', '我', '我', '充飽', '下', '次', '才能', '在', '借', '你']","['今天', '借行充', '同學', '今天', '睡著', '找到', '下', '次', '看到', '拿給', '充飽', '下', '次']",[],positive
17,235132675,"https://i.imgur.com/Y5QWXF3.jpg
幫你送到進修部小七囉
補字補字補字",撿到學生證,2021-01-07T15:43:58.668Z,2021-01-07T15:43:58.668Z,2,8,M,fju,https://www.dcard.tw/f/fju/p/235132675,dcard,post,幫你送到進修部小七囉補字補字補字,"['幫', '你', '送', '到', '進修', '部', '小', '七', '囉', '補字', '補字', '補字']","['幫', '送', '進修', '部', '小', '囉', '補字', '補字', '補字']",[],neutral
18,235132561,"想問一下文研一樓的影印店彩色影印一張多少！
或是明天8點左右有那間影印店已經開了嗎
拜託救救我༎ຶ‿༎ຶ",求救ಥ_ಥ 要趕著彩色影印,2021-01-07T15:29:12.327Z,2021-01-07T15:29:12.327Z,8,0,F,fju,https://www.dcard.tw/f/fju/p/235132561,dcard,post,想問一下文研一樓的影印店彩色影印一張多少或是明天點左右有那間影印店已經開了嗎拜託救救我,"['想', '問', '一', '下文', '研', '一樓', '的', '影印店', '彩色', '影印', '一', '張', '多少', '或是', '明天點', '左右', '有', '那', '間', '影印店', '已經', '開', '了', '嗎', '拜託', '救救', '我']","['想', '問', '下文', '研', '一樓', '影印店', '彩色', '影印', '張', '明天點', '左右', '間', '影印店', '已經', '開', '拜託', '救救']",[],negative
19,235132560,兩個禮拜前老師只聽到老師下課前說，考試時間是這禮拜六，考完上點課，所以老師的意思是考試時間是D1D2？有人知道嗎？,#問 林俊益老師 刑訴考試時間D1D2？,2021-01-07T15:29:12.306Z,2021-01-07T15:29:12.306Z,2,0,M,fju,https://www.dcard.tw/f/fju/p/235132560,dcard,post,兩個禮拜前老師只聽到老師下課前說考試時間是這禮拜六考完上點課所以老師的意思是考試時間是有人知道嗎,"['兩', '個', '禮拜', '前', '老師', '只', '聽到', '老師', '下課', '前', '說', '考試', '時間', '是', '這', '禮拜', '六', '考完', '上', '點', '課', '所以', '老師', '的', '意思', '是', '考試', '時間', '是', '有', '人', '知道', '嗎']","['兩', '禮拜', '前', '老師', '只', '聽到', '老師', '下課', '前', '說', '考試', '時間', '禮拜', '考完', '點', '課', '老師', '意思', '考試', '時間', '人', '知道']",[],positive
20,235132540,"https://i.imgur.com/fR03dl1.jpg
先澄清這一點我只是要去賺錢而已 但是看到人家感情不順，其實我也沒有什麼好的感受，不要幸災樂禍",這是一個爽缺,2021-01-07T15:26:28.426Z,2021-01-07T15:26:28.426Z,6,5,M,fju,https://www.dcard.tw/f/fju/p/235132540,dcard,post,先澄清這一點我只是要去賺錢而已但是看到人家感情不順其實我也沒有什麼好的感受不要幸災樂禍,"['先', '澄清', '這', '一點', '我', '只是', '要', '去', '賺錢', '而已', '但是', '看到', '人家', '感情', '不', '順', '其實', '我', '也', '沒有', '什麼', '好', '的', '感受', '不要', '幸災樂禍']","['先', '澄清', '一點', '賺錢', '看到', '感情', '好', '感受', '幸災樂禍']",[],negative
21,235132407,"這週一因為得腸胃炎所以無法到校上課
想請問有修課的同學
除了老師給的ppt外
還有其他注意事項嗎？
像是老師有說要考什麼嗎？
謝謝謝謝🙏🏼祝大家期末順利",洪啓峰的化妝品科學與應用,2021-01-07T15:09:03.148Z,2021-01-07T15:09:03.148Z,2,1,F,fju,https://www.dcard.tw/f/fju/p/235132407,dcard,post,這週一因為得腸胃炎所以無法到校上課想請問有修課的同學除了老師給的外還有其他注意事項嗎像是老師有說要考什麼嗎謝謝謝謝祝大家期末順利,"['這', '週一', '因為', '得', '腸胃炎', '所以', '無法', '到校', '上課', '想', '請問', '有', '修課', '的', '同學', '除了', '老師', '給', '的', '外', '還', '有', '其他', '注意', '事項', '嗎', '像是', '老師', '有', '說', '要', '考', '什麼', '嗎', '謝謝', '謝謝', '祝', '大家', '期末', '順利']","['週一', '腸胃炎', '無法', '到校', '上課', '想', '請問', '修課', '同學', '老師', '外', '注意', '事項', '像是', '老師', '說', '考', '謝謝', '謝謝', '祝', '期末', '順利']",[],positive
22,235132280,"這週三因為系上活動，趕不及去上課
老師當天有公告期末題目或相關事宜嗎？
謝謝各位🙏🙏",中西外交史期末,2021-01-07T14:54:18.808Z,2021-01-07T14:54:18.808Z,0,0,M,fju,https://www.dcard.tw/f/fju/p/235132280,dcard,post,這週三因為系上活動趕不及去上課老師當天有公告期末題目或相關事宜嗎謝謝各位,"['這', '週三', '因為', '系', '上', '活動', '趕不及', '去', '上課', '老師', '當天', '有', '公告', '期末', '題目', '或', '相關', '事宜', '嗎', '謝謝', '各位']","['週三', '系', '活動', '趕不及', '上課', '老師', '當天', '公告', '期末', '題目', '相關', '事宜', '謝謝']",[],positive
23,235132201,"請問有人知道他中間沒什麼講的地方是指哪嗎😭
這次真的好硬祝大家逃過大屠殺🤍",劉春堂 債總,2021-01-07T14:43:21.394Z,2021-01-07T14:43:21.394Z,0,2,F,fju,https://www.dcard.tw/f/fju/p/235132201,dcard,post,請問有人知道他中間沒什麼講的地方是指哪嗎這次真的好硬祝大家逃過大屠殺,"['請問', '有', '人', '知道', '他', '中間', '沒', '什麼', '講', '的', '地方', '是', '指', '哪', '嗎', '這', '次', '真的', '好', '硬', '祝', '大家', '逃過', '大屠殺']","['請問', '人', '知道', '中間', '講', '地方', '指', '次', '真的', '好', '硬', '祝', '逃過', '大屠殺']",[],negative
24,235132066,今天上游泳課的時候我朋友錢被偷，想問一下更衣室有監視器可以提供調閱嗎？,泳池有監視器嗎,2021-01-07T14:27:33.229Z,2021-01-07T14:27:33.229Z,3,2,F,fju,https://www.dcard.tw/f/fju/p/235132066,dcard,post,今天上游泳課的時候我朋友錢被偷想問一下更衣室有監視器可以提供調閱嗎,"['今天', '上', '游泳課', '的', '時候', '我', '朋友', '錢', '被', '偷', '想', '問', '一下', '更衣室', '有', '監視器', '可以', '提供', '調閱', '嗎']","['今天', '游泳課', '朋友', '錢', '偷', '想', '問', '一下', '更衣室', '監視器', '提供', '調閱']",[],neutral
25,235131977,"洗澡就洗澡唱什麼歌 
音那麼抖 魔音傳腦",洗澡閉嘴趕快洗啦,2021-01-07T14:13:55.865Z,2021-01-07T14:13:55.865Z,3,2,F,fju,https://www.dcard.tw/f/fju/p/235131977,dcard,post,洗澡就洗澡唱什麼歌音那麼抖魔音傳腦,"['洗澡', '就', '洗澡', '唱', '什麼', '歌', '音', '那麼', '抖', '魔音', '傳', '腦']","['洗澡', '洗澡', '唱', '歌', '音', '抖', '魔音', '腦']",[],neutral
26,235131959,"我以為圖書館是讀書的地方
一定要坐成這樣嗎🙂
https://i.imgur.com/ZDHBsrE.jpg",圖書館情侶,2021-01-07T14:11:40.855Z,2021-01-07T14:11:40.855Z,22,37,F,fju,https://www.dcard.tw/f/fju/p/235131959,dcard,post,我以為圖書館是讀書的地方一定要坐成這樣嗎,"['我', '以為', '圖書館', '是', '讀書', '的', '地方', '一定', '要', '坐成', '這樣', '嗎']","['以為', '圖書館', '讀書', '地方', '一定', '坐成']",[],neutral
27,235130664,"https://i.imgur.com/ey52gz3.jpg
https://i.imgur.com/BplejWj.jpg
召喚IOFI馬麻來監督你們這些不乖乖讀書的人，快去讀書喔",要期末了各位,2021-01-07T10:47:07.597Z,2021-01-07T10:47:32.236Z,4,3,M,fju,https://www.dcard.tw/f/fju/p/235130664,dcard,post,召喚馬麻來監督你們這些不乖乖讀書的人快去讀書喔,"['召喚', '馬麻', '來', '監督', '你們', '這些', '不', '乖乖', '讀書', '的', '人', '快', '去', '讀書', '喔']","['召喚', '馬麻', '監督', '乖乖', '讀書', '人', '讀書']",[],neutral
28,235130622,"這禮拜沒去上課
請問老師有特別提到哪些會考的重點嗎🥺
好想過這堂課
祝同班的大家一起過",動物行為概論（陳錫智）,2021-01-07T10:38:44.314Z,2021-01-07T10:38:44.314Z,1,2,F,fju,https://www.dcard.tw/f/fju/p/235130622,dcard,post,這禮拜沒去上課請問老師有特別提到哪些會考的重點嗎好想過這堂課祝同班的大家一起過,"['這', '禮拜', '沒', '去', '上課', '請問', '老師', '有', '特別', '提到', '哪些', '會考', '的', '重點', '嗎', '好', '想', '過', '這', '堂', '課', '祝', '同班', '的', '大家', '一起', '過']","['禮拜', '上課', '請問', '老師', '特別', '提到', '會考', '重點', '好', '想', '堂', '課', '祝', '同班', '一起']",[],positive
29,235130611,"請問有修週五早上的大數據資料管理與商業分析的同學，可以請問一下期末考是這週還是下週嗎！
連放了兩個禮拜 有點放到腦袋空空了～
謝謝你！",問 週五大數據資料,2021-01-07T10:37:39.462Z,2021-01-07T10:37:39.462Z,0,2,F,fju,https://www.dcard.tw/f/fju/p/235130611,dcard,post,請問有修週五早上的大數據資料管理與商業分析的同學可以請問一下期末考是這週還是下週嗎連放了兩個禮拜有點放到腦袋空空了謝謝你,"['請問', '有', '修', '週五', '早上', '的', '大', '數據', '資料', '管理', '與', '商業', '分析', '的', '同學', '可以', '請問', '一下', '期末考', '是', '這', '週', '還是', '下', '週', '嗎', '連', '放', '了', '兩', '個', '禮拜', '有點', '放到', '腦袋', '空空', '了', '謝謝', '你']","['請問', '修', '週五', '早上', '數據', '資料', '管理', '商業', '分析', '同學', '請問', '一下', '期末考', '週', '下', '週', '放', '兩', '禮拜', '有點', '放到', '腦袋', '空空', '謝謝']",[],positive
30,235130370,這裡有玩新楓之谷的大大嗎？爭個好友吧,爭好友,2021-01-07T09:53:03.261Z,2021-01-07T09:53:03.261Z,6,1,M,fju,https://www.dcard.tw/f/fju/p/235130370,dcard,post,這裡有玩新楓之谷的大大嗎爭個好友吧,"['這裡', '有', '玩新楓', '之', '谷', '的', '大大', '嗎', '爭', '個', '好友', '吧']","['這裡', '玩新楓', '谷', '爭', '好友']",[],neutral
31,235130095,好吃嗎？值得買嗎？看起來很好吃~可是不知道會不會雷到,心園百貨裡的餅乾,2021-01-07T09:03:43.070Z,2021-01-07T09:03:43.070Z,13,1,M,fju,https://www.dcard.tw/f/fju/p/235130095,dcard,post,好吃嗎值得買嗎看起來很好吃可是不知道會不會雷到,"['好吃', '嗎', '值得', '買', '嗎', '看起來', '很', '好吃', '可是', '不', '知道', '會不會', '雷', '到']","['好吃', '值得', '買', '好吃', '知道', '會不會', '雷']",[],positive
32,235129956,"想請問期末考有提前考嗎？
還是期末考週才考？
印象中沒聽過要提前考 想確認一下
拜託幫幫我 謝謝",禮拜五D5-6基礎日文 張令宜,2021-01-07T08:40:20.621Z,2021-01-07T08:40:20.621Z,3,0,M,fju,https://www.dcard.tw/f/fju/p/235129956,dcard,post,想請問期末考有提前考嗎還是期末考週才考印象中沒聽過要提前考想確認一下拜託幫幫我謝謝,"['想', '請問', '期末考', '有', '提前', '考', '嗎', '還是', '期末考週', '才', '考', '印象', '中', '沒', '聽', '過', '要', '提前', '考想', '確認', '一下', '拜託', '幫幫', '我', '謝謝']","['想', '請問', '期末考', '提前', '考', '期末考週', '考', '印象', '中', '聽', '提前', '考想', '確認', '一下', '拜託', '幫幫', '謝謝']",[],negative
33,235129879,"上次上課有公假沒出席🥺
想請問同學是這週上課就要帶箱子作品了嗎？還是下週期末才要帶呢？
希望有同學能解答 謝謝🙏🏻",#問 織品系創意基礎 林怡慈 高元龍,2021-01-07T08:24:53.403Z,2021-01-07T08:24:53.403Z,1,0,F,fju,https://www.dcard.tw/f/fju/p/235129879,dcard,post,上次上課有公假沒出席想請問同學是這週上課就要帶箱子作品了嗎還是下週期末才要帶呢希望有同學能解答謝謝,"['上', '次', '上課', '有', '公假', '沒', '出席', '想', '請問', '同學', '是', '這', '週', '上課', '就', '要', '帶', '箱子', '作品', '了', '嗎', '還是', '下', '週期', '末', '才', '要', '帶', '呢', '希望', '有', '同學', '能', '解答', '謝謝']","['次', '上課', '公假', '出席', '想', '請問', '同學', '週', '上課', '箱子', '作品', '下', '週期', '末', '希望', '同學', '解答', '謝謝']",[],positive
34,235129869,"原本被鬆餅味香到想吃一個
前面排了兩個人站滿久的以為已經點過餐在等了
我看店員很忙也等了一陣子
結果前面排隊的的人居然問可以點餐了嗎？
店員說可能不行耶因為已經要收了
然後他們就先離開了
我還在櫃檯看菜單也沒有要點了
店員又問我要點餐嗎？
我很驚訝說不是要收了嗎？
店員說還可以再做一個吧
前面剛走的人也震驚回頭滿臉？？？？
我問說可以做鬆餅嗎
他又很不情願的說可能要等比較久哦
結果一個男的走過來跟店員聊天
聊到好像另一個人先跑了所以才人手不足
重點是店員最後生氣跟那個男的說
「那你叫客人都走開啊！！！！」
我真的是滿臉問號被氣走
反覆無常又不能做好決定？？
還在客人面前叫客人都走開
真的每次都等爆久不是沒有原因的耶",討拍態度很差,2021-01-07T08:23:17.364Z,2021-01-07T08:23:17.364Z,9,21,F,fju,https://www.dcard.tw/f/fju/p/235129869,dcard,post,原本被鬆餅味香到想吃一個前面排了兩個人站滿久的以為已經點過餐在等了我看店員很忙也等了一陣子結果前面排隊的的人居然問可以點餐了嗎店員說可能不行耶因為已經要收了然後他們就先離開了我還在櫃檯看菜單也沒有要點了店員又問我要點餐嗎我很驚訝說不是要收了嗎店員說還可以再做一個吧前面剛走的人也震驚回頭滿臉我問說可以做鬆餅嗎他又很不情願的說可能要等比較久哦結果一個男的走過來跟店員聊天聊到好像另一個人先跑了所以才人手不足重點是店員最後生氣跟那個男的說那你叫客人都走開啊我真的是滿臉問號被氣走反覆無常又不能做好決定還在客人面前叫客人都走開真的每次都等爆久不是沒有原因的耶,"['原本', '被', '鬆餅', '味香到', '想', '吃', '一', '個', '前面', '排', '了', '兩', '個', '人', '站', '滿', '久', '的', '以為', '已經', '點', '過', '餐', '在', '等', '了', '我', '看', '店員', '很', '忙', '也', '等', '了', '一陣子', '結果', '前面', '排隊', '的', '的', '人', '居然', '問', '可以', '點餐', '了', '嗎', '店員', '說', '可能', '不行', '耶', '因為', '已經', '要', '收', '了', '然後', '他們', '就', '先', '離開', '了', '我', '還', '在', '櫃檯', '看', '菜單', '也', '沒有', '要點', '了', '店員', '又', '問', '我', '要點餐', '嗎', '我', '很', '驚訝', '說', '不', '是', '要', '收', '了', '嗎', '店員', '說', '還可以', '再', '做', '一', '個', '吧', '前面', '剛', '走', '的', '人', '也', '震驚', '回頭', '滿', '臉', '我', '問', '說', '可以', '做', '鬆餅', '嗎', '他', '又', '很', '不', '情願', '的', '說', '可能', '要', '等', '比較', '久', '哦', '結果', '一', '個', '男', '的', '走過來', '跟', '店員', '聊天', '聊到', '好像', '另', '一', '個', '人', '先', '跑', '了', '所以', '才', '人手', '不足', '重點', '是', '店員', '最後', '生氣', '跟', '那', '個', '男', '的', '說', '那', '你', '叫', '客人', '都', '走開', '啊', '我', '真的', '是', '滿', '臉', '問號', '被', '氣走', '反覆無常', '又', '不能', '做好', '決定', '還', '在', '客人', '面前', '叫', '客人', '都', '走開', '真的', '每', '次', '都', '等', '爆', '久', '不', '是', '沒有', '原因', '的', '耶']","['原本', '鬆餅', '味香到', '想', '吃', '前面', '排', '兩', '人', '站', '久', '以為', '已經', '點', '餐', '店員', '忙', '一陣子', '前面', '排隊', '人', '問', '點餐', '店員', '說', '不行', '耶', '已經', '收', '先', '離開', '櫃檯', '菜單', '要點', '店員', '問', '要點餐', '驚訝', '說', '收', '店員', '說', '還可以', '再', '做', '前面', '走', '人', '震驚', '回頭', '臉', '問', '說', '做', '鬆餅', '情願', '說', '比較', '久', '男', '走過來', '店員', '聊天', '聊到', '好像', '人', '先', '跑', '人手', '不足', '重點', '店員', '最後', '生氣', '男', '說', '客人', '走開', '真的', '臉', '問號', '氣走', '反覆無常', '做好', '決定', '客人', '面前', '客人', '走開', '真的', '次', '爆', '久', '原因', '耶']",[],negative
35,235129814,"想請教學長姐
大部分課程四次曠課會被扣考，那如果有請假的話包含在四次裡面嗎？",請假問題,2021-01-07T08:12:08.927Z,2021-01-07T08:12:08.927Z,5,0,F,fju,https://www.dcard.tw/f/fju/p/235129814,dcard,post,想請教學長姐大部分課程四次曠課會被扣考那如果有請假的話包含在四次裡面嗎,"['想', '請教', '學長', '姐', '大部分', '課程', '四', '次', '曠課', '會', '被', '扣', '考', '那', '如果', '有', '請假', '的', '話', '包含', '在', '四', '次', '裡面', '嗎']","['想', '請教', '學長', '姐', '大部分', '課程', '次', '曠課', '扣', '考', '請假', '話', '包含', '次', '裡面']",[],negative
36,235129806,"請問有修星期二34節 李匡郎老師近代歐洲哲學思想的同學
下星期二要考期末考嗎？還是去交報告就可以了？謝謝！",近代歐洲哲學思想,2021-01-07T08:10:02.497Z,2021-01-07T08:10:02.497Z,2,0,F,fju,https://www.dcard.tw/f/fju/p/235129806,dcard,post,請問有修星期二節李匡郎老師近代歐洲哲學思想的同學下星期二要考期末考嗎還是去交報告就可以了謝謝,"['請問', '有', '修', '星期二', '節', '李匡郎', '老師', '近代', '歐洲', '哲學', '思想', '的', '同學', '下', '星期二', '要', '考', '期末考', '嗎', '還是', '去', '交', '報告', '就', '可以', '了', '謝謝']","['請問', '修', '星期二', '節', '李匡郎', '老師', '近代', '歐洲', '哲學', '思想', '同學', '下', '星期二', '考', '期末考', '交', '報告', '謝謝']",[],positive
37,235129703,"今天去初胖沒位置站外面等
原本以為四人桌的快要吃完了
才讓我們位置

看他們在外面吃才發現...
他們的餐根本剛到吧!!!
謝謝你們😭😭😭
當下直接說好像有點尬
希望你們有看到

祝你們期末all pass～

（撫平一下我們早上被爛老師亂噴的怒火",初胖遇到好人,2021-01-07T07:51:40.153Z,2021-01-07T08:00:04.526Z,0,15,F,fju,https://www.dcard.tw/f/fju/p/235129703,dcard,post,今天去初胖沒位置站外面等原本以為四人桌的快要吃完了才讓我們位置看他們在外面吃才發現他們的餐根本剛到吧謝謝你們當下直接說好像有點尬希望你們有看到祝你們期末撫平一下我們早上被爛老師亂噴的怒火,"['今天', '去', '初', '胖', '沒', '位置站', '外面', '等', '原本', '以為', '四', '人', '桌', '的', '快要', '吃完', '了', '才', '讓', '我們', '位置', '看', '他們', '在', '外面', '吃', '才', '發現', '他們', '的', '餐', '根本', '剛', '到', '吧', '謝謝', '你們', '當下', '直接', '說好', '像', '有點', '尬', '希望', '你們', '有', '看到', '祝', '你們', '期末', '撫平', '一下', '我們', '早上', '被', '爛', '老師', '亂噴', '的', '怒火']","['今天', '胖', '位置站', '外面', '原本', '以為', '人', '桌', '吃完', '位置', '外面', '吃', '發現', '餐', '根本', '謝謝', '直接', '說好', '有點', '尬', '希望', '看到', '祝', '期末', '撫平', '一下', '早上', '爛', '老師', '亂噴', '怒火']",[],positive
38,235129666,"每次中午上完課走到514吃飯，在7-11前面就會有一個胖胖的男生舉著牌子 
今天是舉著盧廣仲的照片....
有人有卦嗎~",514舉著牌子的人,2021-01-07T07:45:39.442Z,2021-01-07T07:45:39.442Z,5,4,M,fju,https://www.dcard.tw/f/fju/p/235129666,dcard,post,每次中午上完課走到吃飯在前面就會有一個胖胖的男生舉著牌子今天是舉著盧廣仲的照片有人有卦嗎,"['每', '次', '中午', '上完', '課', '走到', '吃飯', '在', '前面', '就', '會', '有', '一', '個', '胖胖', '的', '男生', '舉', '著', '牌子', '今天', '是', '舉', '著', '盧廣仲', '的', '照片', '有', '人', '有', '卦', '嗎']","['次', '中午', '上完', '課', '走到', '吃飯', '前面', '胖胖', '男生', '舉', '牌子', '今天', '舉', '盧廣仲', '照片', '人', '卦']",[],neutral
39,235129643,昨天才剛罵完菸蟲，今天BA猴直接在利瑪竇走廊哈電子煙，你他媽要抽就去輔導區啦，媽的不哈菸是會死是不是？,用電子煙的菸蟲乖乖去戒菸輔導區行不？,2021-01-07T07:42:47.115Z,2021-01-07T07:42:47.115Z,1,9,M,fju,https://www.dcard.tw/f/fju/p/235129643,dcard,post,昨天才剛罵完菸蟲今天猴直接在利瑪竇走廊哈電子煙你他媽要抽就去輔導區啦媽的不哈菸是會死是不是,"['昨天', '才', '剛', '罵完', '菸蟲', '今天', '猴', '直接', '在', '利瑪竇', '走廊', '哈', '電子', '煙', '你', '他媽', '要', '抽', '就', '去', '輔導區', '啦', '媽的', '不', '哈菸', '是', '會', '死', '是', '不', '是']","['昨天', '罵完', '菸蟲', '今天', '猴', '直接', '利瑪竇', '走廊', '電子', '煙', '他媽', '抽', '輔導區', '媽的', '哈菸', '死']",[],negative
40,235129548,"https://i.imgur.com/56AJug9.jpg

拿錯傘！濟時樓totes雨傘，請主人來認領，放在電話上面喔～",拿錯傘！濟時樓totes雨傘，請主人來認領，放在電話上面喔～,2021-01-07T07:25:50.392Z,2021-01-07T07:25:50.392Z,0,1,M,fju,https://www.dcard.tw/f/fju/p/235129548,dcard,post,拿錯傘濟時樓雨傘請主人來認領放在電話上面喔,"['拿', '錯傘濟', '時', '樓', '雨傘', '請', '主人', '來', '認領', '放', '在', '電話', '上面', '喔']","['錯傘濟', '時', '樓', '雨傘', '請', '主人', '認領', '放', '電話', '上面']",[],neutral
41,235129521,"躺在中美堂後面貴子門的附近 怕他被碾爆 就放到旁邊草地上了 他淋雨淋很久了
https://i.imgur.com/wfuJknd.jpg
https://i.imgur.com/AnLwLZI.jpg",誰的三眼怪？,2021-01-07T07:21:21.256Z,2021-01-07T07:21:21.256Z,4,5,F,fju,https://www.dcard.tw/f/fju/p/235129521,dcard,post,躺在中美堂後面貴子門的附近怕他被碾爆就放到旁邊草地上了他淋雨淋很久了,"['躺', '在', '中美堂', '後面', '貴子門', '的', '附近', '怕', '他', '被', '碾爆', '就', '放到', '旁邊', '草地', '上', '了', '他', '淋雨', '淋', '很', '久', '了']","['躺', '中美堂', '後面', '貴子門', '附近', '碾爆', '放到', '旁邊', '草地', '淋雨', '淋', '久']",[],neutral
42,235129305,"想請問今天的課程有沒有作業 今天感冒請假
謝謝",問 圖書資源應用,2021-01-07T06:41:06.360Z,2021-01-07T06:41:06.360Z,1,0,F,fju,https://www.dcard.tw/f/fju/p/235129305,dcard,post,想請問今天的課程有沒有作業今天感冒請假謝謝,"['想', '請問', '今天', '的', '課程', '有沒有', '作業', '今天', '感冒', '請假', '謝謝']","['想', '請問', '今天', '課程', '有沒有', '作業', '今天', '感冒', '請假', '謝謝']",[],negative
43,235128979,"各位以後想躺著睡可以來濟時樓借團體討論室喔
https://i.imgur.com/nUk04jl.jpg
真舒服🐒",濟時樓室內休息區,2021-01-07T05:37:44.089Z,2021-01-07T05:37:44.089Z,15,24,M,fju,https://www.dcard.tw/f/fju/p/235128979,dcard,post,各位以後想躺著睡可以來濟時樓借團體討論室喔真舒服,"['各位', '以後', '想', '躺', '著', '睡', '可以', '來', '濟', '時', '樓借', '團體', '討論室', '喔', '真', '舒服']","['以後', '想', '躺', '睡', '濟', '時', '樓借', '團體', '討論室', '真', '舒服']",[],positive
44,235128973,"大家好，這裡是國際經濟商管學生會 輔仁分會
2021寒假，我們將於花蓮舉辦為期七天的花蓮出走活動

⛰這次的活動是以「出走」作為主題：
邀請大家來一起和我們深入了解花蓮
從不同的角度來觀察花蓮的美❤️
透過走進部落、生態環境、社區來更了解花蓮

關於部落，我想說⋯⋯
說到花蓮，你會想到哪些景點呢？太魯閣？六十石山？但其實花蓮除了豐富美景以外，更珍貴的人文特色，是來自原住民部落。
2021的寒假，跟東日出走計畫一起愛上部落這美麗的文化吧！

如果你對於這個活動有興趣的話
不要忘了持續關注活動頁
之後也會陸續發出活動詳細介紹窩

有任何問題的話，也歡迎直接聯絡我們！
今年寒假，等你一起加入我們的行列開啟在花蓮的流浪之旅吧！☁️
報名點我｜https://reurl.cc/4m0zv2
————————————————
活動時間｜1/18(一) - 1/24(日)
活動地點｜花蓮
參與對象｜大專院校學生
報名時間｜12/12(六) - 1/10(日)
報名費用｜
> 一般價格：4,200元
> 二人優惠：8,000元
主辦單位｜國際經濟商管學生會 輔仁分會
聯絡資訊｜蘇佳伶 0920-498-481 / 葉玉婕 0975285870
聯絡信箱｜aiesecfju.igv@aiesec.net
https://i.imgur.com/OxdoMjo.jpg",2021 冬｜東日出走計畫 - 關於部落，我想說⋯,2021-01-07T05:36:00.092Z,2021-01-07T05:36:00.092Z,4,10,F,fju,https://www.dcard.tw/f/fju/p/235128973,dcard,post,大家好這裡是國際經濟商管學生會輔仁分會寒假我們將於花蓮舉辦為期七天的花蓮出走活動這次的活動是以出走作為主題邀請大家來一起和我們深入了解花蓮從不同的角度來觀察花蓮的美透過走進部落生態環境社區來更了解花蓮關於部落我想說說到花蓮你會想到哪些景點呢太魯閣六十石山但其實花蓮除了豐富美景以外更珍貴的人文特色是來自原住民部落的寒假跟東日出走計畫一起愛上部落這美麗的文化吧如果你對於這個活動有興趣的話不要忘了持續關注活動頁之後也會陸續發出活動詳細介紹窩有任何問題的話也歡迎直接聯絡我們今年寒假等你一起加入我們的行列開啟在花蓮的流浪之旅吧報名點我活動時間一日活動地點花蓮參與對象大專院校學生報名時間六日報名費用一般價格元二人優惠元主辦單位國際經濟商管學生會輔仁分會聯絡資訊蘇佳伶葉玉婕聯絡信箱,"['大家', '好', '這裡', '是', '國際', '經濟', '商管', '學生會', '輔仁', '分會', '寒假', '我們', '將', '於', '花蓮', '舉辦', '為期', '七', '天', '的', '花蓮', '出走', '活動', '這', '次', '的', '活動', '是以', '出走', '作為', '主題', '邀請', '大家', '來', '一起', '和', '我們', '深入', '了解', '花蓮', '從', '不同', '的', '角度', '來', '觀察', '花蓮', '的', '美', '透過', '走進', '部落', '生態環境', '社區', '來', '更', '了解', '花蓮', '關於', '部落', '我', '想', '說說', '到', '花蓮', '你', '會', '想到', '哪些', '景點', '呢', '太魯閣', '六十', '石山', '但', '其實', '花蓮', '除了', '豐富', '美景', '以外', '更', '珍貴', '的', '人文', '特色', '是', '來自', '原住民', '部落', '的', '寒假', '跟', '東日', '出走', '計畫', '一起', '愛上', '部落', '這', '美麗', '的', '文化', '吧', '如果', '你', '對於', '這', '個', '活動', '有', '興趣', '的', '話', '不要', '忘', '了', '持續', '關注', '活動', '頁', '之後', '也', '會', '陸續', '發出', '活動', '詳細', '介紹', '窩', '有', '任何', '問題', '的', '話', '也', '歡迎', '直接', '聯絡', '我們', '今年', '寒假', '等', '你', '一起', '加入', '我們', '的', '行列', '開啟', '在', '花蓮', '的', '流浪', '之', '旅', '吧', '報名', '點', '我', '活動', '時間', '一日', '活動', '地點', '花蓮', '參與', '對象', '大專院校', '學生', '報名', '時間', '六日', '報名', '費用', '一般', '價格', '元', '二', '人', '優惠', '元', '主辦', '單位', '國際', '經濟', '商管', '學生會', '輔仁', '分會', '聯絡', '資訊', '蘇佳伶葉玉婕', '聯絡', '信箱']","['好', '這裡', '國際', '經濟', '商管', '學生會', '輔仁', '分會', '寒假', '花蓮', '舉辦', '為期', '天', '花蓮', '出走', '活動', '次', '活動', '是以', '出走', '主題', '邀請', '一起', '深入', '了解', '花蓮', '角度', '觀察', '花蓮', '美', '透過', '走進', '部落', '生態環境', '社區', '了解', '花蓮', '部落', '想', '說說', '花蓮', '想到', '景點', '太魯閣', '六十', '石山', '花蓮', '豐富', '美景', '以外', '珍貴', '人文', '特色', '來自', '原住民', '部落', '寒假', '東日', '出走', '計畫', '一起', '愛上', '部落', '美麗', '文化', '活動', '興趣', '話', '忘', '持續', '關注', '活動', '頁', '之後', '陸續', '發出', '活動', '詳細', '介紹', '窩', '問題', '話', '歡迎', '直接', '聯絡', '今年', '寒假', '一起', '加入', '行列', '開啟', '花蓮', '流浪', '旅', '報名', '點', '活動', '時間', '一日', '活動', '地點', '花蓮', '參與', '對象', '大專院校', '學生', '報名', '時間', '六日', '報名', '費用', '價格', '元', '人', '優惠', '元', '主辦', '單位', '國際', '經濟', '商管', '學生會', '輔仁', '分會', '聯絡', '資訊', '蘇佳伶葉玉婕', '聯絡', '信箱']","['花蓮', '活動', '部落']",positive
45,235128970,"今天中午在玖零年代外面
幹走我藍色雨傘的人
最好明天自己拿到 md214 門外
不然要報警了
請自重",幹你娘偷雨傘的垃圾都去死,2021-01-07T05:35:22.931Z,2021-01-07T05:35:22.931Z,13,19,M,fju,https://www.dcard.tw/f/fju/p/235128970,dcard,post,今天中午在玖零年代外面幹走我藍色雨傘的人最好明天自己拿到門外不然要報警了請自重,"['今天', '中午', '在', '玖零年代', '外面', '幹走', '我', '藍色', '雨傘', '的', '人', '最好', '明天', '自己', '拿到', '門', '外', '不然', '要', '報警', '了', '請', '自重']","['今天', '中午', '玖零年代', '外面', '幹走', '藍色', '雨傘', '人', '最好', '明天', '拿到', '門', '外', '報警', '請', '自重']",[],positive
46,235128966,"在文德文舍外面的空地
孤單寂寞覺得冷的縮成一團球

https://www.dcard.tw/v2/vivid/videos/68a0ade2-5ead-45e5-8984-11155ca64180?r=1.7777777777777777",誰的奇異貓頭鷹,2021-01-07T05:34:26.370Z,2021-01-07T05:34:26.370Z,1,5,F,fju,https://www.dcard.tw/f/fju/p/235128966,dcard,post,在文德文舍外面的空地孤單寂寞覺得冷的縮成一團球,"['在', '文德', '文舍', '外面', '的', '空地', '孤單', '寂寞', '覺得', '冷', '的', '縮成', '一', '團', '球']","['文德', '文舍', '外面', '空地', '孤單', '寂寞', '覺得', '冷', '縮成', '團', '球']",[],negative
47,235128661,"看到這個
突然想到腳皮滷味的許願池傳說
https://i.imgur.com/tg7Ws0a.jpg",腳皮滷味,2021-01-07T04:33:43.798Z,2021-01-07T04:33:43.798Z,8,14,M,fju,https://www.dcard.tw/f/fju/p/235128661,dcard,post,看到這個突然想到腳皮滷味的許願池傳說,"['看到', '這', '個', '突然', '想到', '腳皮', '滷味', '的', '許願池', '傳說']","['看到', '突然', '想到', '腳皮', '滷味', '許願池']",[],negative
48,235128597,"有人在心園樓梯口的路上掉了附圖的悠遊卡，由於無人留言認領，已送至進修部辦公室。
https://i.imgur.com/BoxcqCh.jpg

https://i.imgur.com/WEUP5wt.jpg",失物招領 普通悠遊卡,2021-01-07T04:24:44.381Z,2021-01-07T05:17:00.997Z,1,2,F,fju,https://www.dcard.tw/f/fju/p/235128597,dcard,post,有人在心園樓梯口的路上掉了附圖的悠遊卡由於無人留言認領已送至進修部辦公室,"['有', '人', '在', '心', '園', '樓梯口', '的', '路', '上', '掉', '了', '附圖', '的', '悠遊卡', '由於', '無', '人', '留言', '認領', '已', '送至', '進修', '部', '辦公室']","['人', '心', '園', '樓梯口', '路', '掉', '附圖', '悠遊卡', '無', '人', '留言', '認領', '已', '送至', '進修', '部', '辦公室']",[],neutral
49,235128504,"不好意思 因為我臨時有重要事情沒辦法去😢
老師有說考到哪裡嗎😢😢我知道他侵權行為快教完了 今天有教完嗎？
希望好心人解答 真的不好意思 麻煩各位",求求好心人 劉春堂 民法債編總論,2021-01-07T04:05:56.565Z,2021-01-07T04:05:56.565Z,4,2,F,fju,https://www.dcard.tw/f/fju/p/235128504,dcard,post,不好意思因為我臨時有重要事情沒辦法去老師有說考到哪裡嗎我知道他侵權行為快教完了今天有教完嗎希望好心人解答真的不好意思麻煩各位,"['不好意思', '因為', '我', '臨時', '有', '重要', '事情', '沒辦法', '去', '老師', '有', '說', '考到', '哪裡', '嗎', '我', '知道', '他', '侵權', '行為', '快', '教完', '了', '今天', '有', '教完', '嗎', '希望', '好心人', '解答', '真的', '不好意思', '麻煩', '各位']","['不好意思', '臨時', '重要', '事情', '沒辦法', '老師', '說', '考到', '哪裡', '知道', '侵權', '行為', '教完', '今天', '教完', '希望', '好心人', '解答', '真的', '不好意思', '麻煩']",[],negative
50,235128491,"今天感冒沒有去上到期末考⋯⋯想請問老師有沒有講到期末考會怎麼考、有沒有講準備方向呢？
沒上到課超苦惱先謝謝大家了QQ",吳剛鳳 科技管理 期末考,2021-01-07T04:02:56.792Z,2021-01-07T04:03:24.773Z,4,2,F,fju,https://www.dcard.tw/f/fju/p/235128491,dcard,post,今天感冒沒有去上到期末考想請問老師有沒有講到期末考會怎麼考有沒有講準備方向呢沒上到課超苦惱先謝謝大家了,"['今天', '感冒', '沒有', '去', '上到', '期末考', '想', '請問', '老師', '有沒有', '講到', '期末考', '會', '怎麼', '考', '有沒有', '講', '準備', '方向', '呢', '沒', '上到', '課', '超', '苦惱', '先', '謝謝', '大家', '了']","['今天', '感冒', '上到', '期末考', '想', '請問', '老師', '有沒有', '講到', '期末考', '考', '有沒有', '講', '準備', '方向', '上到', '課', '超', '苦惱', '先', '謝謝']",[],negative
51,235128469,"想請問老師的考試範圍是從
最高限額抵押權到動產質權嗎
用益物權的部分沒有要考？
上次比較晚到課
所以不太確定",鄭冠宇物權,2021-01-07T03:57:27.907Z,2021-01-07T03:57:27.907Z,3,1,F,fju,https://www.dcard.tw/f/fju/p/235128469,dcard,post,想請問老師的考試範圍是從最高限額抵押權到動產質權嗎用益物權的部分沒有要考上次比較晚到課所以不太確定,"['想', '請問', '老師', '的', '考試', '範圍', '是', '從', '最', '高', '限額', '抵押權', '到', '動產', '質權', '嗎', '用益物權', '的', '部分', '沒有', '要', '考上', '次', '比較', '晚', '到課', '所以', '不', '太', '確定']","['想', '請問', '老師', '考試', '範圍', '最', '高', '限額', '抵押權', '動產', '質權', '用益物權', '部分', '考上', '次', '比較', '晚', '到課', '太', '確定']",[],negative
52,235127720,不好意思我想問一下他這次期末考試範圍，我最後一堂身體不適沒去上😭而且他之前上課的時候重點也很難抓O_o 拜託了🙏🙏🙏,基礎法文—劉炳宏（星期一D3D4),2021-01-07T00:31:47.537Z,2021-01-07T00:31:47.537Z,2,1,M,fju,https://www.dcard.tw/f/fju/p/235127720,dcard,post,不好意思我想問一下他這次期末考試範圍我最後一堂身體不適沒去上而且他之前上課的時候重點也很難抓拜託了,"['不好意思', '我', '想', '問', '一下', '他', '這', '次', '期末', '考試', '範圍', '我', '最後', '一', '堂', '身體', '不適', '沒', '去', '上', '而且', '他', '之前', '上課', '的', '時候', '重點', '也', '很', '難', '抓', '拜託', '了']","['不好意思', '想', '問', '一下', '次', '期末', '考試', '範圍', '最後', '堂', '身體', '不適', '之前', '上課', '重點', '難', '抓', '拜託']",[],negative
