0,e1018f7a-4031-4e58-a93b-51577a2ca493,235134749,2021-01-08T04:09:34.374Z,2021-01-08T04:09:34.374Z,1,幫你加油,0.0,F,fcu,https://www.dcard.tw/f/fcu/p/235134749,dcard,comment,幫你加油,"['幫', '你', '加油']","['幫', '加油']",[],neutral
1,d9682c72-2766-46b6-87ec-75922d577c6a,235134656,2021-01-08T03:47:45.996Z,2021-01-08T03:47:45.996Z,1,兄弟這笑話有梗,1.0,M,fcu,https://www.dcard.tw/f/fcu/p/235134656,dcard,comment,兄弟這笑話有梗,"['兄弟', '這', '笑話', '有', '梗']","['兄弟', '笑話', '梗']",[],neutral
2,3c96d0e4-031c-4df8-8002-123a03022ca3,235134622,2021-01-08T03:44:25.229Z,2021-01-08T03:44:25.229Z,1,甲昏,0.0,M,fcu,https://www.dcard.tw/f/fcu/p/235134622,dcard,comment,甲昏,"['甲', '昏']","['甲', '昏']",[],neutral
3,0fe35bee-1a32-4c2d-89a3-611a16fa376b,235134268,2021-01-08T02:05:08.062Z,2021-01-08T02:05:08.062Z,1,不意外啊，他都說一套做一套的。之前有一次期中考大家考不好，然後他就給大家補考，說原本成績跟補考成績取高的算。那時候還覺得覺得他人挺好，結果怎麼知道最後算總成績的時候他變卦了，說期中考還是一樣用原本的成績去算，補考的分數變成平時成績的加分...,1.0,M,fcu,https://www.dcard.tw/f/fcu/p/235134268,dcard,comment,不意外啊他都說一套做一套的之前有一次期中考大家考不好然後他就給大家補考說原本成績跟補考成績取高的算那時候還覺得覺得他人挺好結果怎麼知道最後算總成績的時候他變卦了說期中考還是一樣用原本的成績去算補考的分數變成平時成績的加分,"['不', '意外', '啊', '他', '都', '說', '一', '套', '做', '一', '套', '的', '之前', '有', '一', '次', '期中考', '大家', '考', '不', '好', '然後', '他', '就', '給', '大家', '補考', '說', '原本', '成績', '跟', '補考', '成績', '取', '高', '的', '算', '那', '時候', '還', '覺得', '覺得', '他人', '挺', '好', '結果', '怎麼', '知道', '最後', '算', '總成績', '的', '時候', '他', '變卦', '了', '說', '期中考', '還是', '一樣', '用', '原本', '的', '成績', '去', '算', '補考', '的', '分數', '變成', '平時', '成績', '的', '加分']","['意外', '說', '套', '做', '套', '之前', '次', '期中考', '考', '好', '補考', '說', '原本', '成績', '補考', '成績', '取', '高', '算', '覺得', '覺得', '挺', '好', '知道', '最後', '算', '總成績', '變卦', '說', '期中考', '原本', '成績', '算', '補考', '分數', '變成', '平時', '成績', '加分']",[],negative
4,c4ebdc00-b418-4726-9ba8-f4347628b09f,235134268,2021-01-08T02:32:21.497Z,2021-01-08T02:32:43.874Z,2,,,,fcu,https://www.dcard.tw/f/fcu/p/235134268,dcard,comment,,,[],[],neutral
5,0a2a6b3a-aed2-4818-88a0-00f0e9f84600,235134268,2021-01-08T02:33:38.785Z,2021-01-08T02:33:38.785Z,3,那你要加油啊 多一個選擇機會,0.0,M,fcu,https://www.dcard.tw/f/fcu/p/235134268,dcard,comment,那你要加油啊多一個選擇機會,"['那', '你', '要', '加油', '啊', '多', '一', '個', '選擇', '機會']","['加油', '選擇', '機會']",[],positive
6,bfd9a60d-5fc1-4000-b8bf-9cd35f274899,235134268,2021-01-08T03:36:10.195Z,2021-01-08T03:36:10.195Z,4,pathetic,0.0,M,fcu,https://www.dcard.tw/f/fcu/p/235134268,dcard,comment,,,[],[],neutral
7,b003f320-2058-4e95-b389-d296866e04d6,235134268,2021-01-08T04:15:28.195Z,2021-01-08T04:18:15.941Z,5,"你自己爛怪誰
兩章就讀成這樣了
學弟加油好嗎？

你抱怨的時間都可以讓你讀更多書了
可撥

你要不要體驗看看以前大老王牌的電子學？
你會哭吧？

草莓🍓產季到了
很香很好吃",2.0,M,fcu,https://www.dcard.tw/f/fcu/p/235134268,dcard,comment,你自己爛怪誰兩章就讀成這樣了學弟加油好嗎你抱怨的時間都可以讓你讀更多書了可撥你要不要體驗看看以前大老王牌的電子學你會哭吧草莓產季到了很香很好吃,"['你', '自己', '爛', '怪', '誰', '兩', '章', '就讀', '成', '這樣', '了', '學弟', '加油', '好', '嗎', '你', '抱怨', '的', '時間', '都', '可以', '讓', '你', '讀', '更多', '書', '了', '可', '撥', '你', '要不要', '體驗', '看看', '以前', '大老', '王牌', '的', '電子學', '你', '會', '哭', '吧', '草莓', '產季', '到', '了', '很', '香', '很', '好吃']","['爛', '兩', '章', '就讀', '成', '學弟', '加油', '好', '抱怨', '時間', '讀', '更多', '書', '撥', '要不要', '體驗', '看看', '以前', '大老', '王牌', '電子學', '哭', '草莓', '產季', '香', '好吃']",[],negative
8,da50896e-e2f5-4085-994c-2c4e45542d0e,235134248,2021-01-08T01:58:08.129Z,2021-01-08T01:58:08.129Z,1,天氣很冷 妳好暖❤️,2.0,M,fcu,https://www.dcard.tw/f/fcu/p/235134248,dcard,comment,天氣很冷妳好暖,"['天氣', '很', '冷', '妳', '好', '暖']","['天氣', '冷', '妳', '好', '暖']",[],neutral
9,997b944a-0cd2-4429-98fe-9890b5547674,235134248,2021-01-08T02:00:19.043Z,2021-01-08T02:00:19.043Z,2,是我的，謝謝你，待會會去教官室拿的，感謝,1.0,M,fcu,https://www.dcard.tw/f/fcu/p/235134248,dcard,comment,是我的謝謝你待會會去教官室拿的感謝,"['是', '我', '的', '謝謝', '你', '待會', '會', '去', '教官室', '拿', '的', '感謝']","['謝謝', '待會', '教官室', '感謝']",[],positive
10,d682fea1-0a58-44b2-936c-c652be22ce32,235134248,2021-01-08T02:03:38.525Z,2021-01-08T02:03:38.525Z,3,"B1 暖女稱號不是叫假的🥺
B2 剛拿過去而已 記得去領！",0.0,F,fcu,https://www.dcard.tw/f/fcu/p/235134248,dcard,comment,暖女稱號不是叫假的剛拿過去而已記得去領,"['暖女', '稱號', '不', '是', '叫', '假', '的', '剛拿', '過去', '而已', '記得', '去', '領']","['暖女', '稱號', '假', '剛拿', '過去', '記得', '領']",[],neutral
11,e0c4ab4e-7ad5-4df8-9150-a5bf3c70455c,235134248,2021-01-08T02:15:00.304Z,2021-01-08T02:15:00.304Z,4,好的謝謝你,1.0,M,fcu,https://www.dcard.tw/f/fcu/p/235134248,dcard,comment,好的謝謝你,"['好', '的', '謝謝', '你']","['好', '謝謝']",[],positive
12,d46566de-f7d5-4076-a98a-1b9c4b721042,235134218,2021-01-08T01:47:26.487Z,2021-01-08T01:47:26.487Z,1,"被我撿走了！！！

求失主儘早領回
https://i.imgur.com/1G599Fb.jpg",0.0,F,fcu,https://www.dcard.tw/f/fcu/p/235134218,dcard,comment,被我撿走了求失主儘早領回,"['被', '我', '撿走', '了', '求', '失主', '儘早', '領回']","['撿走', '求', '失主', '領回']",[],neutral
13,d2924cd9-1142-48e2-9e18-9abb32e8f5c1,235134218,2021-01-08T01:49:31.224Z,2021-01-08T01:49:31.224Z,2,"通報 📢
好像有人對這篇文章有新想法唷，快來去看看！
  https://www.dcard.tw/f/fcu/p/235134248",0.0,D,fcu,https://www.dcard.tw/f/fcu/p/235134218,dcard,comment,通報好像有人對這篇文章有新想法唷快來去看看,"['通報', '好像', '有', '人', '對', '這', '篇', '文章', '有', '新', '想法', '唷', '快', '來去', '看看']","['通報', '好像', '人', '篇', '文章', '新', '想法', '唷', '來去', '看看']",[],neutral
14,63ad0633-575c-4c3b-b367-d7fa9da2c952,235134218,2021-01-08T02:00:33.594Z,2021-01-08T02:00:33.594Z,3,B1 同學妳好人一生平安🙏,1.0,M,fcu,https://www.dcard.tw/f/fcu/p/235134218,dcard,comment,同學妳好人一生平安,"['同學', '妳', '好人', '一生', '平安']","['同學', '妳', '好人', '一生', '平安']",[],positive
15,42c626cb-ab72-45a7-88d2-5976bf255a9e,235134218,2021-01-08T02:01:11.563Z,2021-01-08T02:01:11.563Z,4,是我室友，笑死,0.0,M,fcu,https://www.dcard.tw/f/fcu/p/235134218,dcard,comment,是我室友笑死,"['是', '我', '室友', '笑死']","['室友', '笑死']",[],positive
16,b8700dbb-d280-4c54-970b-6cf0fb39b3c8,235134218,2021-01-08T02:03:00.411Z,2021-01-08T02:03:11.996Z,5,"B4 我剛轉交給行政二館一樓的教官室喔！
記得提醒你室友去拿",0.0,F,fcu,https://www.dcard.tw/f/fcu/p/235134218,dcard,comment,我剛轉交給行政二館一樓的教官室喔記得提醒你室友去拿,"['我', '剛', '轉交給', '行政', '二館', '一樓', '的', '教官室', '喔', '記得', '提醒', '你', '室友', '去', '拿']","['轉交給', '行政', '二館', '一樓', '教官室', '記得', '提醒', '室友']",[],neutral
17,50d711b2-f79a-44cc-81d3-9be7b702c298,235134218,2021-01-08T02:03:38.963Z,2021-01-08T02:03:38.963Z,6,B5 好的，謝謝你😂😂,1.0,M,fcu,https://www.dcard.tw/f/fcu/p/235134218,dcard,comment,好的謝謝你,"['好', '的', '謝謝', '你']","['好', '謝謝']",[],positive
18,c7198d2f-6f22-4a8b-9d48-3c9b7ceb0a8d,235133464,2021-01-07T18:02:11.618Z,2021-01-07T18:02:11.618Z,1,去跟他說啊,0.0,F,fcu,https://www.dcard.tw/f/fcu/p/235133464,dcard,comment,去跟他說啊,"['去', '跟', '他', '說', '啊']",['說'],[],neutral
19,ee9e2d79-f547-4eaa-ac49-7ddcd02af3a4,235133464,2021-01-07T18:03:21.315Z,2021-01-07T18:03:21.315Z,2,手機按110不比上DCARD發文快得多？,0.0,M,fcu,https://www.dcard.tw/f/fcu/p/235133464,dcard,comment,手機按不比上發文快得多,"['手機', '按', '不比', '上', '發文', '快', '得多']","['手機', '發文', '得多']",[],neutral
20,fa7d4bf6-8db1-4d98-8531-348e5c03b6e6,235133464,2021-01-08T00:06:13.283Z,2021-01-08T00:06:13.283Z,3,小北百貨有賣球棒,0.0,M,fcu,https://www.dcard.tw/f/fcu/p/235133464,dcard,comment,小北百貨有賣球棒,"['小', '北', '百貨', '有', '賣', '球棒']","['小', '北', '百貨', '賣', '球棒']",[],neutral
21,cb26c0ed-e87f-4d88-8505-b680cd4846c7,235133464,2021-01-08T03:39:51.621Z,2021-01-08T03:39:51.621Z,4,台逢超多這種的 寫紙條 敲門 敲牆壁 打lol 還是超他媽超吵,1.0,M,fcu,https://www.dcard.tw/f/fcu/p/235133464,dcard,comment,台逢超多這種的寫紙條敲門敲牆壁打還是超他媽超吵,"['台逢', '超', '多', '這', '種', '的', '寫', '紙條', '敲門', '敲', '牆壁', '打', '還是', '超', '他媽', '超', '吵']","['台逢', '超', '種', '寫', '紙條', '敲門', '敲', '牆壁', '超', '他媽', '超', '吵']",[],negative
22,6cad439b-868f-4770-a011-2274f1741b5a,235133464,2021-01-08T03:45:53.969Z,2021-01-08T03:45:53.969Z,5,我朋友的解決方法是吵回去,1.0,M,fcu,https://www.dcard.tw/f/fcu/p/235133464,dcard,comment,我朋友的解決方法是吵回去,"['我', '朋友', '的', '解決', '方法', '是', '吵', '回去']","['朋友', '解決', '方法', '吵', '回去']",[],positive
23,3cbbf1fb-d70d-46d3-b0e8-d096cea4d946,235133464,2021-01-08T03:58:35.576Z,2021-01-08T03:58:35.576Z,6,我的方法是穿著tiger的吊嘎 練的超壯 去叫他們安靜 滿有效的你可以試試看,0.0,M,fcu,https://www.dcard.tw/f/fcu/p/235133464,dcard,comment,我的方法是穿著的吊嘎練的超壯去叫他們安靜滿有效的你可以試試看,"['我', '的', '方法', '是', '穿著', '的', '吊嘎', '練', '的', '超', '壯', '去', '叫', '他們', '安靜', '滿', '有效', '的', '你', '可以', '試試看']","['方法', '穿著', '吊嘎', '練', '超', '壯', '安靜', '有效', '試試看']",[],positive
24,d0a80d2e-0809-41e8-83df-9724ad748589,235133330,2021-01-08T01:03:31.947Z,2021-01-08T01:03:31.947Z,1,對,0.0,F,fcu,https://www.dcard.tw/f/fcu/p/235133330,dcard,comment,對,對,[],[],neutral
25,faf5e101-d64a-46ee-9452-ee3d4972f941,235132993,2021-01-07T16:27:05.274Z,2021-01-07T16:27:05.274Z,1,生日快樂🎊,2.0,F,fcu,https://www.dcard.tw/f/fcu/p/235132993,dcard,comment,生日快樂,['生日快樂'],['生日快樂'],[],positive
26,55e33149-75ba-478f-80a6-0f10b5deaa7a,235132993,2021-01-07T16:29:57.355Z,2021-01-07T16:29:57.355Z,2,生日快樂,1.0,M,fcu,https://www.dcard.tw/f/fcu/p/235132993,dcard,comment,生日快樂,['生日快樂'],['生日快樂'],[],positive
27,95682d0d-ee2d-4d56-bd1f-cd2d68e2765d,235132993,2021-01-07T16:31:40.268Z,2021-01-07T16:31:40.268Z,3,生日快樂,2.0,F,fcu,https://www.dcard.tw/f/fcu/p/235132993,dcard,comment,生日快樂,['生日快樂'],['生日快樂'],[],positive
28,052f6c88-dcc5-4c6b-b3aa-24e355d67eb4,235132993,2021-01-07T16:33:06.337Z,2021-01-07T16:33:06.337Z,4,生日快樂！,1.0,F,fcu,https://www.dcard.tw/f/fcu/p/235132993,dcard,comment,生日快樂,['生日快樂'],['生日快樂'],[],positive
29,22009f5b-7785-47a2-a655-24e9852570e6,235132993,2021-01-07T16:56:01.464Z,2021-01-07T16:56:01.464Z,5,昇䒤筷勒,1.0,M,fcu,https://www.dcard.tw/f/fcu/p/235132993,dcard,comment,昇筷勒,"['昇筷', '勒']","['昇筷', '勒']",[],neutral
30,e46c7420-5400-468d-b209-e6e0440df1b0,235132993,2021-01-07T17:00:49.904Z,2021-01-07T17:00:49.904Z,6,可以認識嗎？,1.0,M,fcu,https://www.dcard.tw/f/fcu/p/235132993,dcard,comment,可以認識嗎,"['可以', '認識', '嗎']",['認識'],[],neutral
31,1f7f88ae-a6c9-43bb-8796-3a8f9d5048af,235132993,2021-01-07T17:03:44.986Z,2021-01-07T17:03:44.986Z,7,生日快樂 恭喜妳 妳一定是正妹,1.0,M,fcu,https://www.dcard.tw/f/fcu/p/235132993,dcard,comment,生日快樂恭喜妳妳一定是正妹,"['生日快樂', '恭喜', '妳', '妳', '一定', '是', '正', '妹']","['生日快樂', '恭喜', '妳', '妳', '一定', '正', '妹']",[],positive
32,1144839f-91ea-4741-8998-ec1b276cf99f,235132993,2021-01-07T17:05:32.937Z,2021-01-07T17:05:32.937Z,8,生快,0.0,M,fcu,https://www.dcard.tw/f/fcu/p/235132993,dcard,comment,生快,"['生', '快']",['生'],[],neutral
33,3da7bb32-79da-4c03-b766-1930c5703759,235132993,2021-01-07T17:09:53.053Z,2021-01-07T17:09:53.053Z,9,生日快樂,0.0,F,fcu,https://www.dcard.tw/f/fcu/p/235132993,dcard,comment,生日快樂,['生日快樂'],['生日快樂'],[],positive
34,6513e3b3-2c9b-4dc1-a936-237a590d6b86,235132993,2021-01-07T17:11:11.154Z,2021-01-07T17:11:11.154Z,10,生日快樂！,0.0,F,fcu,https://www.dcard.tw/f/fcu/p/235132993,dcard,comment,生日快樂,['生日快樂'],['生日快樂'],[],positive
35,13d8d4e4-277c-4f93-b261-3b3e8dc70145,235132993,2021-01-07T17:16:16.763Z,2021-01-07T17:16:16.763Z,11,生日快樂,0.0,M,fcu,https://www.dcard.tw/f/fcu/p/235132993,dcard,comment,生日快樂,['生日快樂'],['生日快樂'],[],positive
36,ca5ab4cb-1f2a-4a27-993f-9fc4ee3fa564,235132993,2021-01-07T17:20:43.007Z,2021-01-07T17:20:43.007Z,12,生日快樂！！,0.0,M,fcu,https://www.dcard.tw/f/fcu/p/235132993,dcard,comment,生日快樂,['生日快樂'],['生日快樂'],[],positive
37,6ef5bbeb-7bd8-4e59-b441-ac3f7e99ad5b,235132993,2021-01-07T17:24:06.486Z,2021-01-07T17:24:06.486Z,13,早生貴子,1.0,M,fcu,https://www.dcard.tw/f/fcu/p/235132993,dcard,comment,早生貴子,"['早', '生', '貴子']","['早', '生', '貴子']",[],neutral
38,a13372bf-20ff-460e-b660-fba26b33ef24,235132993,2021-01-07T17:42:36.967Z,2021-01-07T17:42:36.967Z,14,忌日快樂,0.0,M,fcu,https://www.dcard.tw/f/fcu/p/235132993,dcard,comment,忌日快樂,"['忌日', '快樂']","['忌日', '快樂']",[],positive
39,77e85808-73a3-4536-afa7-ea6c1fcb7644,235132993,2021-01-07T18:40:24.776Z,2021-01-07T18:40:24.776Z,15,生日快樂🎉,0.0,F,fcu,https://www.dcard.tw/f/fcu/p/235132993,dcard,comment,生日快樂,['生日快樂'],['生日快樂'],[],positive
40,b7ffb2cd-4176-4d55-ba1d-671ae2343a5e,235132993,2021-01-07T19:07:45.835Z,2021-01-07T19:07:45.835Z,16,希望他在20歲的這年能長出眉毛,1.0,M,fcu,https://www.dcard.tw/f/fcu/p/235132993,dcard,comment,希望他在歲的這年能長出眉毛,"['希望', '他', '在', '歲', '的', '這', '年', '能', '長出', '眉毛']","['希望', '歲', '年', '長出', '眉毛']",[],positive
41,24b2fd78-a165-469f-9266-6e62562fe696,235132993,2021-01-07T19:50:07.641Z,2021-01-07T19:50:07.641Z,17,深入快了,0.0,M,fcu,https://www.dcard.tw/f/fcu/p/235132993,dcard,comment,深入快了,"['深入', '快', '了']",['深入'],[],neutral
42,3ca06c42-869d-47b0-8e55-16087937e2df,235132993,2021-01-07T21:05:15.520Z,2021-01-07T21:05:15.520Z,18,生日快樂,0.0,M,fcu,https://www.dcard.tw/f/fcu/p/235132993,dcard,comment,生日快樂,['生日快樂'],['生日快樂'],[],positive
43,9f7d61ff-4dc2-403e-abb4-cdcf9b118ce1,235132993,2021-01-08T00:43:38.893Z,2021-01-08T00:43:38.893Z,19,生日快樂🎂,0.0,M,fcu,https://www.dcard.tw/f/fcu/p/235132993,dcard,comment,生日快樂,['生日快樂'],['生日快樂'],[],positive
44,6aa89fa7-d915-425b-add3-1fa716ab2713,235132993,2021-01-08T03:41:55.890Z,2021-01-08T03:41:55.890Z,20,生日快樂🎈,0.0,F,fcu,https://www.dcard.tw/f/fcu/p/235132993,dcard,comment,生日快樂,['生日快樂'],['生日快樂'],[],positive
45,bfb8dfea-a943-446e-b8f5-b67b66b8d279,235132993,2021-01-08T03:46:12.560Z,2021-01-08T03:46:12.560Z,21,生日快樂,0.0,M,fcu,https://www.dcard.tw/f/fcu/p/235132993,dcard,comment,生日快樂,['生日快樂'],['生日快樂'],[],positive
46,4e235c50-e3d9-469d-87b2-5e486327dd6e,235132993,2021-01-08T03:55:19.993Z,2021-01-08T03:55:19.993Z,22,https://i.imgur.com/1oKPy77.jpg,0.0,M,fcu,https://www.dcard.tw/f/fcu/p/235132993,dcard,comment,,,[],[],neutral
47,d56975df-a30a-4e58-8c3b-df33e263e049,235132993,2021-01-08T04:28:58.816Z,2021-01-08T05:00:10.546Z,23,,,,fcu,https://www.dcard.tw/f/fcu/p/235132993,dcard,comment,,,[],[],neutral
48,49a11071-b5eb-4604-902b-21d26bcf09be,235132614,2021-01-07T15:50:53.165Z,2021-01-07T15:50:53.165Z,1,讀啊哪次不讀,0.0,M,fcu,https://www.dcard.tw/f/fcu/p/235132614,dcard,comment,讀啊哪次不讀,"['讀', '啊', '哪', '次', '不', '讀']","['讀', '次', '讀']",[],neutral
49,579ea61f-3ffd-4ff3-9fb5-352b5230d679,235132614,2021-01-07T16:20:21.550Z,2021-01-07T16:20:38.560Z,2,我 也是要轉學考的,0.0,M,fcu,https://www.dcard.tw/f/fcu/p/235132614,dcard,comment,我也是要轉學考的,"['我', '也', '是', '要', '轉學', '考', '的']","['轉學', '考']",[],neutral
50,3b495c0c-5b02-4281-9fb4-5657787ed2f1,235132614,2021-01-07T17:21:16.925Z,2021-01-07T17:21:16.925Z,3,我我我，有考慮也要轉系,0.0,M,fcu,https://www.dcard.tw/f/fcu/p/235132614,dcard,comment,我我我有考慮也要轉系,"['我', '我', '我', '有', '考慮', '也', '要', '轉系']","['考慮', '轉系']",[],positive
51,050e3374-ca3f-4c5b-943c-42065584242b,235132614,2021-01-07T18:13:03.722Z,2021-01-07T18:19:30.987Z,4,,,,fcu,https://www.dcard.tw/f/fcu/p/235132614,dcard,comment,,,[],[],neutral
52,98e183bd-85c1-49eb-97ac-914b851b0562,235132614,2021-01-07T18:24:38.514Z,2021-01-07T18:32:27.999Z,5,哪一個系R小妹我寒假要大戰多益也許可以一起努力(・∀・)b,0.0,M,fcu,https://www.dcard.tw/f/fcu/p/235132614,dcard,comment,哪一個系小妹我寒假要大戰多益也許可以一起努力,"['哪', '一', '個', '系', '小妹', '我', '寒假', '要', '大戰', '多益', '也許', '可以', '一起', '努力']","['系', '小妹', '寒假', '大戰', '多益', '也許', '一起', '努力']",[],positive
53,f44b6dea-65cc-4e7f-b29b-d99b6fd104ee,235132614,2021-01-07T19:09:10.954Z,2021-01-07T19:09:10.954Z,6,轉學考++,0.0,M,fcu,https://www.dcard.tw/f/fcu/p/235132614,dcard,comment,轉學考,"['轉學', '考']","['轉學', '考']",[],neutral
54,f7ba8a24-8030-48d4-a0db-22ecb709d7df,235132614,2021-01-07T23:22:11.541Z,2021-01-07T23:22:11.541Z,7,B2B6怎麼聯繫你們？,0.0,F,fcu,https://www.dcard.tw/f/fcu/p/235132614,dcard,comment,怎麼聯繫你們,"['怎麼', '聯繫', '你們']",['聯繫'],[],neutral
55,895ae624-82a1-4e6e-8aea-f0a92c13df39,235132614,2021-01-08T01:46:35.135Z,2021-01-08T01:46:35.135Z,8,我看我們約一個時間和地點交換聯絡方式,0.0,M,fcu,https://www.dcard.tw/f/fcu/p/235132614,dcard,comment,我看我們約一個時間和地點交換聯絡方式,"['我', '看', '我們', '約', '一', '個', '時間', '和', '地點', '交換', '聯絡', '方式']","['約', '時間', '地點', '交換', '聯絡', '方式']",[],neutral
56,afe53679-c2f8-4ffe-b008-9f99b7a59853,235132614,2021-01-08T02:09:11.837Z,2021-01-08T02:09:11.837Z,9,B7 加line 或是其他的方式,0.0,M,fcu,https://www.dcard.tw/f/fcu/p/235132614,dcard,comment,加或是其他的方式,"['加', '或是', '其他', '的', '方式']","['加', '方式']",[],neutral
57,858ca9da-8314-45c1-8660-3d80d4f98a52,235132043,2021-01-07T15:40:19.317Z,2021-01-07T15:42:03.353Z,1,"北6真的超級吵！！
還有人在走廊上跑步 大笑的
當宿舍是體育場嗎：）",2.0,F,fcu,https://www.dcard.tw/f/fcu/p/235132043,dcard,comment,北真的超級吵還有人在走廊上跑步大笑的當宿舍是體育場嗎,"['北', '真的', '超級', '吵', '還', '有', '人', '在', '走廊', '上', '跑步', '大笑', '的', '當', '宿舍', '是', '體育場', '嗎']","['北', '真的', '超級', '吵', '人', '走廊', '跑步', '大笑', '宿舍', '體育場']",[],positive
58,b6786433-c9db-482e-9d3b-3b20a9fa9896,235132043,2021-01-08T02:57:26.179Z,2021-01-08T02:57:26.179Z,2,南棟吧,0.0,M,fcu,https://www.dcard.tw/f/fcu/p/235132043,dcard,comment,南棟吧,"['南棟', '吧']",['南棟'],[],neutral
59,2b1de0a0-de72-45ae-b977-1aaaad819b7c,235132043,2021-01-08T02:59:37.921Z,2021-01-08T02:59:37.921Z,3,B2 已改 謝謝,0.0,F,fcu,https://www.dcard.tw/f/fcu/p/235132043,dcard,comment,已改謝謝,"['已', '改', '謝謝']","['已', '改', '謝謝']",[],positive
60,f7f7f76d-d5a5-4feb-ad42-0ffac3c1bede,235131066,2021-01-07T12:01:52.357Z,2021-01-07T12:01:52.357Z,1,"沒辦到就沒辦到 吱吱叫什麼

圖書館也沒很遠 就你一個嘰嘰歪歪在抱怨",30.0,F,fcu,https://www.dcard.tw/f/fcu/p/235131066,dcard,comment,沒辦到就沒辦到吱吱叫什麼圖書館也沒很遠就你一個嘰嘰歪歪在抱怨,"['沒', '辦到', '就', '沒', '辦到', '吱吱叫', '什麼', '圖書館', '也', '沒', '很', '遠', '就', '你', '一', '個', '嘰嘰', '歪歪', '在', '抱怨']","['辦到', '辦到', '吱吱叫', '圖書館', '遠', '嘰嘰', '歪歪', '抱怨']",[],negative
61,21bbb57a-e218-44ab-b577-3606738388df,235131066,2021-01-07T12:01:55.958Z,2021-01-07T12:01:55.958Z,2,其實去市公所或圖書館真的不困難餒,3.0,M,fcu,https://www.dcard.tw/f/fcu/p/235131066,dcard,comment,其實去市公所或圖書館真的不困難餒,"['其實', '去', '市公所', '或', '圖書館', '真的', '不', '困難', '餒']","['市公所', '圖書館', '真的', '困難', '餒']",[],negative
62,3db77f81-c412-4213-946c-2bea3cbab507,235131066,2021-01-07T12:08:30.942Z,2021-01-07T12:08:30.942Z,3,有夠智障大學生 是想要整天睡覺 中午想要吃飯 整天睡覺耍廢是不是啦 真的有夠智障,2.0,M,fcu,https://www.dcard.tw/f/fcu/p/235131066,dcard,comment,有夠智障大學生是想要整天睡覺中午想要吃飯整天睡覺耍廢是不是啦真的有夠智障,"['有夠', '智障', '大學生', '是', '想要', '整', '天', '睡覺', '中午', '想要', '吃飯', '整', '天', '睡覺', '耍廢', '是', '不', '是', '啦', '真的', '有夠', '智障']","['有夠', '智障', '大學生', '想要', '整', '天', '睡覺', '中午', '想要', '吃飯', '整', '天', '睡覺', '耍廢', '真的', '有夠', '智障']",[],negative
63,6f22bcfd-74b7-4f75-a44a-739354cd74d5,235131066,2021-01-07T12:14:29.266Z,2021-01-07T12:14:29.266Z,4,"已經提前給你一個月去綁卡了
是你的問題吧2ㄏ2ㄏ",6.0,M,fcu,https://www.dcard.tw/f/fcu/p/235131066,dcard,comment,已經提前給你一個月去綁卡了是你的問題吧,"['已經', '提前', '給', '你', '一', '個', '月', '去', '綁', '卡', '了', '是', '你', '的', '問題', '吧']","['已經', '提前', '月', '綁', '卡', '問題']",[],negative
64,76f9bc4b-c783-43ba-95fa-6cbf669a0a56,235131066,2021-01-07T12:33:10.230Z,2021-01-07T12:33:10.230Z,5,什麼人講什麼話,0.0,M,fcu,https://www.dcard.tw/f/fcu/p/235131066,dcard,comment,什麼人講什麼話,"['什麼', '人', '講', '什麼', '話']","['人', '講', '話']",[],neutral
65,2056c4b4-53a4-44a9-8e43-45b67f8efdeb,235131066,2021-01-07T12:50:57.252Z,2021-01-07T12:50:57.252Z,6,活該❤️,3.0,M,fcu,https://www.dcard.tw/f/fcu/p/235131066,dcard,comment,活該,['活該'],['活該'],[],negative
66,7ffd65c8-4692-4e47-8968-6e36fa485d73,235131066,2021-01-07T12:55:11.475Z,2021-01-07T12:55:11.475Z,7,所以結論是....智障？,1.0,M,fcu,https://www.dcard.tw/f/fcu/p/235131066,dcard,comment,所以結論是智障,"['所以', '結論', '是', '智障']","['結論', '智障']",[],negative
67,4179bd25-7a3e-463e-a9fa-dd5141bd3a45,235131066,2021-01-07T13:33:41.520Z,2021-01-07T13:33:41.520Z,8,這什麼智障文QQ,1.0,M,fcu,https://www.dcard.tw/f/fcu/p/235131066,dcard,comment,這什麼智障文,"['這', '什麼', '智障', '文']","['智障', '文']",[],negative
68,ab4c3c56-fb0d-47f0-b25c-b5bf7fbee174,235131066,2021-01-07T14:06:37.727Z,2021-01-07T14:06:37.727Z,9,可以自己去綁卡啊 站點那麼多,0.0,F,fcu,https://www.dcard.tw/f/fcu/p/235131066,dcard,comment,可以自己去綁卡啊站點那麼多,"['可以', '自己', '去', '綁', '卡', '啊', '站點', '那麼多']","['綁', '卡', '站點', '那麼多']",[],neutral
69,87b9fa50-511c-4c55-9901-a1936aa59dd3,235131066,2021-01-07T14:13:31.757Z,2021-01-07T14:13:31.757Z,10,保守估計等等刪文,1.0,M,fcu,https://www.dcard.tw/f/fcu/p/235131066,dcard,comment,保守估計等等刪文,"['保守', '估計', '等等', '刪', '文']","['保守', '估計', '刪', '文']",[],negative
70,a67ed94e-1e6e-4237-9514-d24c990303b4,235131066,2021-01-07T14:58:21.557Z,2021-01-07T14:58:21.557Z,11,自己爬不起來怪誰？有沒有那麼玻璃，什麼討拍文？,1.0,M,fcu,https://www.dcard.tw/f/fcu/p/235131066,dcard,comment,自己爬不起來怪誰有沒有那麼玻璃什麼討拍文,"['自己', '爬', '不', '起來', '怪', '誰', '有沒有', '那麼', '玻璃', '什麼', '討拍', '文']","['爬', '有沒有', '玻璃', '討拍', '文']",[],neutral
71,65bb1925-d354-47f3-b9f4-c73c5cad14bb,235131066,2021-01-07T15:07:22.730Z,2021-01-07T15:07:22.730Z,12,坐等樓主繼續被噴,1.0,M,fcu,https://www.dcard.tw/f/fcu/p/235131066,dcard,comment,坐等樓主繼續被噴,"['坐', '等', '樓主', '繼續', '被', '噴']","['坐', '樓主', '繼續', '噴']",[],neutral
72,11dd0cef-3b36-4c79-a941-6913a5ca44a0,235131066,2021-01-07T16:15:23.558Z,2021-01-07T16:15:23.558Z,13,200塊都在摳 哪來的窮鬼？,0.0,M,fcu,https://www.dcard.tw/f/fcu/p/235131066,dcard,comment,塊都在摳哪來的窮鬼,"['塊', '都', '在', '摳', '哪來', '的', '窮鬼']","['塊', '摳', '哪來', '窮鬼']",[],neutral
73,475855b2-c740-40bb-8a4b-6a086b31b7f6,235131066,2021-01-07T16:16:55.061Z,2021-01-07T16:16:55.061Z,14,"自己看吧https://apoarea.tw/1010bus/
🐒🐒🐒🐒🐒🐒",0.0,M,fcu,https://www.dcard.tw/f/fcu/p/235131066,dcard,comment,自己看吧,"['自己', '看', '吧']",[],[],neutral
74,e964adfd-4acb-49a3-9275-9ded304f9935,235131066,2021-01-07T17:58:11.111Z,2021-01-07T17:58:11.111Z,15,幾歲了連自己上網找方法綁卡都不會嗎,0.0,M,fcu,https://www.dcard.tw/f/fcu/p/235131066,dcard,comment,幾歲了連自己上網找方法綁卡都不會嗎,"['幾', '歲', '了', '連', '自己', '上網', '找', '方法', '綁', '卡', '都', '不會', '嗎']","['歲', '上網', '找', '方法', '綁', '卡']",[],negative
75,ca9b21dc-3608-4043-abd0-c8d679dfd16b,235131066,2021-01-08T01:42:38.327Z,2021-01-08T01:42:38.327Z,16,你怎麼不怪自己不早一點起來,0.0,F,fcu,https://www.dcard.tw/f/fcu/p/235131066,dcard,comment,你怎麼不怪自己不早一點起來,"['你', '怎麼', '不', '怪', '自己', '不', '早一點', '起來']",['早一點'],[],neutral
76,b101e601-07c6-4887-9c97-1675228232b6,235131066,2021-01-08T05:07:19.064Z,2021-01-08T05:07:19.064Z,17,想要免費的公車還要唉說綁不到卡不知道在搞什麼，西屯圖書館17：00~21：00都可以辦卡啊你自己不去，已經不是早上時段了，且12月就已經可以辦了是在？,0.0,M,fcu,https://www.dcard.tw/f/fcu/p/235131066,dcard,comment,想要免費的公車還要唉說綁不到卡不知道在搞什麼西屯圖書館都可以辦卡啊你自己不去已經不是早上時段了且月就已經可以辦了是在,"['想要', '免費', '的', '公車', '還要', '唉', '說', '綁', '不', '到卡', '不', '知道', '在', '搞', '什麼', '西屯', '圖書館', '都', '可以', '辦', '卡', '啊', '你', '自己', '不', '去', '已經', '不', '是', '早上', '時段', '了', '且', '月', '就', '已經', '可以', '辦', '了', '是', '在']","['想要', '免費', '公車', '還要', '說', '綁', '到卡', '知道', '搞', '西屯', '圖書館', '辦', '卡', '已經', '早上', '時段', '月', '已經', '辦']",[],positive
77,11f1815e-9079-4f9a-b963-d2ad93e935c6,235130933,2021-01-07T13:54:43.040Z,2021-01-07T13:54:43.040Z,1,乾 我只有30mm,0.0,M,fcu,https://www.dcard.tw/f/fcu/p/235130933,dcard,comment,乾我只有,"['乾', '我', '只有']",['乾'],[],neutral
78,f3d3ce80-16e5-4376-8346-28d54197c49a,235130933,2021-01-07T13:57:24.590Z,2021-01-07T13:57:24.590Z,2,B1 沒事 我只有3m,0.0,M,fcu,https://www.dcard.tw/f/fcu/p/235130933,dcard,comment,沒事我只有,"['沒', '事', '我', '只有']",['事'],[],neutral
79,da918800-98d5-495e-a814-cc3113f318c3,235130933,2021-01-07T14:17:10.028Z,2021-01-07T14:17:10.028Z,3,為什麼要他的ig🤔,0.0,F,fcu,https://www.dcard.tw/f/fcu/p/235130933,dcard,comment,為什麼要他的,"['為什麼', '要', '他', '的']",[],[],neutral
80,89367b27-904a-4cb4-a8fa-f2feba29ddf7,235130933,2021-01-07T14:18:29.187Z,2021-01-07T14:18:29.187Z,4,B3 喜歡他所以想要,0.0,M,fcu,https://www.dcard.tw/f/fcu/p/235130933,dcard,comment,喜歡他所以想要,"['喜歡', '他', '所以', '想要']","['喜歡', '想要']",[],positive
81,2df058b9-11d7-4ef0-a731-60fbb85bba74,235130933,2021-01-07T14:56:14.612Z,2021-01-07T14:56:14.612Z,5,我也好想知道,0.0,F,fcu,https://www.dcard.tw/f/fcu/p/235130933,dcard,comment,我也好想知道,"['我', '也好', '想', '知道']","['想', '知道']",[],positive
82,2a80d68a-560a-4c43-84de-0b3385f395b9,235130933,2021-01-07T17:35:38.026Z,2021-01-07T17:35:38.026Z,6,aaa86132,0.0,F,fcu,https://www.dcard.tw/f/fcu/p/235130933,dcard,comment,,,[],[],neutral
83,df566b37-d805-446d-9fcf-1f9894d1027d,235130933,2021-01-08T01:08:28.425Z,2021-01-08T01:08:28.425Z,7,帥人又好，還會跟同學打傳說,0.0,M,fcu,https://www.dcard.tw/f/fcu/p/235130933,dcard,comment,帥人又好還會跟同學打傳說,"['帥人', '又', '好', '還', '會', '跟', '同學', '打', '傳說']","['帥人', '好', '同學']",[],neutral
84,19fc6a20-a17a-468d-b2d2-b60bbd809280,235130749,2021-01-07T11:21:43.146Z,2021-01-07T11:21:43.146Z,1,"被開怎麼辦？隔天自己去檢舉一次
翰林日常",0.0,M,fcu,https://www.dcard.tw/f/fcu/p/235130749,dcard,comment,被開怎麼辦隔天自己去檢舉一次翰林日常,"['被', '開', '怎麼辦', '隔', '天', '自己', '去', '檢舉', '一', '次', '翰林', '日常']","['開', '隔', '天', '檢舉', '次', '翰林', '日常']",[],neutral
85,c7e1548b-fb65-40a6-9f8c-9435247a0838,235130749,2021-01-07T13:11:58.314Z,2021-01-07T13:11:58.314Z,2,B1 我不想當猴子,0.0,M,fcu,https://www.dcard.tw/f/fcu/p/235130749,dcard,comment,我不想當猴子,"['我', '不', '想', '當', '猴子']","['想', '猴子']",[],neutral
86,c87c63a2-0ff8-46a6-9841-4c6385adb2b1,235130749,2021-01-07T14:12:43.792Z,2021-01-07T14:12:43.792Z,3,翰林就一堆猴子嘍,0.0,M,fcu,https://www.dcard.tw/f/fcu/p/235130749,dcard,comment,翰林就一堆猴子嘍,"['翰林', '就', '一', '堆', '猴子', '嘍']","['翰林', '堆', '猴子', '嘍']",[],neutral
87,fb43973a-4d10-4436-b27d-54593732e72f,235130749,2021-01-07T18:04:43.371Z,2021-01-07T18:04:43.371Z,4,看地上有沒有線是很難 ？,0.0,M,fcu,https://www.dcard.tw/f/fcu/p/235130749,dcard,comment,看地上有沒有線是很難,"['看', '地上', '有沒有', '線', '是', '很', '難']","['地上', '有沒有', '線', '難']",[],neutral
88,e6353faf-b697-487e-ad43-114dce9e88cb,235130749,2021-01-08T00:52:38.424Z,2021-01-08T00:52:38.424Z,5,B4 我也想知道哪裡沒線啊！到處都畫滿線沒線的地方又被停滿，我只是抽不到車位只能被迫停外面欸,0.0,M,fcu,https://www.dcard.tw/f/fcu/p/235130749,dcard,comment,我也想知道哪裡沒線啊到處都畫滿線沒線的地方又被停滿我只是抽不到車位只能被迫停外面欸,"['我', '也', '想', '知道', '哪裡', '沒', '線', '啊', '到處', '都', '畫滿', '線', '沒', '線', '的', '地方', '又', '被', '停滿', '我', '只是', '抽', '不', '到', '車位', '只', '能', '被迫', '停', '外面', '欸']","['想', '知道', '哪裡', '線', '畫滿', '線', '線', '地方', '停滿', '抽', '車位', '只', '被迫', '停', '外面', '欸']",[],positive
89,238c7e1b-3263-4d63-9fe6-43905d740b56,235130749,2021-01-08T02:56:21.651Z,2021-01-08T02:56:21.651Z,6,到處馬都可以停,0.0,M,fcu,https://www.dcard.tw/f/fcu/p/235130749,dcard,comment,到處馬都可以停,"['到處', '馬', '都', '可以', '停']","['馬', '停']",[],neutral
90,b039a51f-1c92-4313-b150-cf75cdc696fe,235130318,2021-01-07T10:13:10.259Z,2021-01-07T10:13:10.259Z,1,我也想豬到,0.0,F,fcu,https://www.dcard.tw/f/fcu/p/235130318,dcard,comment,我也想豬到,"['我', '也', '想豬', '到']",['想豬'],[],neutral
91,3b572667-d50a-40e6-821e-fe5efe656857,235130318,2021-01-07T10:27:11.561Z,2021-01-07T10:27:11.561Z,2,5點半左右路過沒開😭,0.0,F,fcu,https://www.dcard.tw/f/fcu/p/235130318,dcard,comment,點半左右路過沒開,"['點', '半', '左右', '路過', '沒', '開']","['點', '左右', '路過', '開']",[],neutral
92,dc5f52dc-d0dc-47ee-a11f-2752989ce017,235130318,2021-01-07T10:31:33.787Z,2021-01-07T10:31:33.787Z,3,沒開,0.0,F,fcu,https://www.dcard.tw/f/fcu/p/235130318,dcard,comment,沒開,"['沒', '開']",['開'],[],neutral
93,a6119e67-b75c-4c7a-9f32-85c2933ee93d,235130318,2021-01-07T10:59:44.996Z,2021-01-07T10:59:44.996Z,4,關了 不開,0.0,M,fcu,https://www.dcard.tw/f/fcu/p/235130318,dcard,comment,關了不開,"['關', '了', '不', '開']","['關', '開']",[],neutral
94,6dcc6679-b571-43ab-9182-965c6fb9e1f3,235130208,2021-01-07T10:05:57.944Z,2021-01-07T10:06:16.786Z,1,點餐那個根本不太熟POS機，導致後面全部拖延到，超沒效率,2.0,M,fcu,https://www.dcard.tw/f/fcu/p/235130208,dcard,comment,點餐那個根本不太熟機導致後面全部拖延到超沒效率,"['點餐', '那', '個', '根本', '不', '太', '熟', '機', '導致', '後面', '全部', '拖延', '到超', '沒', '效率']","['點餐', '根本', '太', '熟', '機', '導致', '後面', '全部', '拖延', '到超', '效率']",[],negative
95,76ec5b8a-bc75-4f07-be1d-1a73740e0b30,235130208,2021-01-07T13:51:53.267Z,2021-01-07T13:51:53.267Z,2,我覺得好撚難飲lo diu,0.0,M,fcu,https://www.dcard.tw/f/fcu/p/235130208,dcard,comment,我覺得好撚難飲,"['我', '覺得', '好', '撚難', '飲']","['覺得', '好', '撚難', '飲']",[],neutral
96,f5ef689c-4b2a-455f-91c3-6f5d7829a370,235130208,2021-01-07T14:28:01.737Z,2021-01-07T14:28:01.737Z,3,那就別排啊 等沒人在買不會 又愛跟風又愛嫌,2.0,M,fcu,https://www.dcard.tw/f/fcu/p/235130208,dcard,comment,那就別排啊等沒人在買不會又愛跟風又愛嫌,"['那', '就', '別', '排', '啊', '等', '沒', '人', '在', '買', '不會', '又', '愛', '跟', '風', '又', '愛', '嫌']","['排', '人', '買', '愛', '風', '愛', '嫌']",[],negative
97,bac280ba-e5be-4aa4-90e6-19197237673a,235130208,2021-01-07T18:51:38.494Z,2021-01-07T18:51:38.494Z,4,"雖然久但中間也可以先去做點別的事吧也不是強迫你買
真的想馬上喝到飲料的話也可以選別間啊逢甲飲料店一堆",0.0,F,fcu,https://www.dcard.tw/f/fcu/p/235130208,dcard,comment,雖然久但中間也可以先去做點別的事吧也不是強迫你買真的想馬上喝到飲料的話也可以選別間啊逢甲飲料店一堆,"['雖然', '久', '但', '中間', '也', '可以', '先', '去', '做', '點', '別的', '事', '吧', '也', '不', '是', '強迫', '你', '買', '真的', '想', '馬上', '喝到', '飲料', '的', '話', '也', '可以', '選', '別', '間', '啊', '逢甲', '飲料店', '一', '堆']","['久', '中間', '先', '做', '點', '事', '強迫', '買', '真的', '想', '喝到', '飲料', '話', '選', '間', '逢甲', '飲料店', '堆']",[],negative
98,e9c4a1ce-739a-411a-bbb0-8853d9941b2b,235130208,2021-01-08T02:50:52.156Z,2021-01-08T02:50:52.156Z,5,不會不要買?,0.0,M,fcu,https://www.dcard.tw/f/fcu/p/235130208,dcard,comment,不會不要買,"['不會', '不要', '買']",['買'],[],negative
99,d6445f2c-e1aa-4eef-b62c-ad0e5b35d829,235130201,2021-01-07T10:09:33.893Z,2021-01-07T10:09:33.893Z,1,內特或是u泥哭囉,0.0,F,fcu,https://www.dcard.tw/f/fcu/p/235130201,dcard,comment,內特或是泥哭囉,"['內特', '或是', '泥哭', '囉']","['內特', '泥哭', '囉']",[],neutral
100,c1f78386-75e4-41ca-8db0-239d4e8de3c1,235130201,2021-01-07T10:21:24.095Z,2021-01-07T10:21:24.095Z,2,lativ網購就好了吧,0.0,M,fcu,https://www.dcard.tw/f/fcu/p/235130201,dcard,comment,網購就好了吧,"['網', '購', '就', '好了', '吧']","['網', '購', '好了']",[],neutral
101,b69727b9-5861-44ee-acc2-981007a9288a,235130201,2021-01-07T10:57:32.773Z,2021-01-07T10:57:32.773Z,3,一中巷子裡面有 逢甲好像沒看過便宜的,0.0,M,fcu,https://www.dcard.tw/f/fcu/p/235130201,dcard,comment,一中巷子裡面有逢甲好像沒看過便宜的,"['一', '中', '巷子', '裡面', '有', '逢甲', '好像', '沒', '看過', '便宜', '的']","['中', '巷子', '裡面', '逢甲', '好像', '看過', '便宜']",[],positive
102,08e61fea-bb3d-4c1c-8638-fa0a6749865a,235130201,2021-01-07T12:46:30.017Z,2021-01-08T02:12:20.100Z,4,,,,fcu,https://www.dcard.tw/f/fcu/p/235130201,dcard,comment,,,[],[],neutral
103,d59813ac-9991-423b-a4b0-bb320f1c3226,235130201,2021-01-07T14:23:32.415Z,2021-01-07T14:23:32.415Z,5,蝦皮都有1500上下 以厚外套來說不貴吧,0.0,M,fcu,https://www.dcard.tw/f/fcu/p/235130201,dcard,comment,蝦皮都有上下以厚外套來說不貴吧,"['蝦皮', '都', '有', '上下', '以', '厚', '外套', '來', '說', '不', '貴', '吧']","['蝦皮', '厚', '外套', '說', '貴']",[],neutral
104,9da33a1e-8f06-4c59-a198-e1c4c4a2558a,235130201,2021-01-07T14:28:24.369Z,2021-01-07T14:28:24.369Z,6,Uniqlo讚讚,0.0,M,fcu,https://www.dcard.tw/f/fcu/p/235130201,dcard,comment,讚讚,['讚讚'],['讚讚'],[],neutral
105,6783dd14-fe7b-48de-a2c6-1a55449a2d46,235130201,2021-01-07T15:50:42.144Z,2021-01-07T15:50:42.144Z,7,NET,0.0,F,fcu,https://www.dcard.tw/f/fcu/p/235130201,dcard,comment,,,[],[],neutral
106,9382441a-d068-4d96-99f1-3d0dd18b7a8d,235130201,2021-01-07T17:22:38.951Z,2021-01-07T17:22:38.951Z,8,你預算大概多少,0.0,F,fcu,https://www.dcard.tw/f/fcu/p/235130201,dcard,comment,你預算大概多少,"['你', '預算', '大概', '多少']",['預算'],[],neutral
107,4fc739fa-edf3-4472-ba83-0c1380d3335c,235130201,2021-01-07T18:30:54.811Z,2021-01-07T18:30:54.811Z,9,我可以借妳穿,0.0,M,fcu,https://www.dcard.tw/f/fcu/p/235130201,dcard,comment,我可以借妳穿,"['我', '可以', '借', '妳', '穿']","['妳', '穿']",[],neutral
108,8bc88ccd-44e9-45e8-945e-b92dd0af4acd,235130201,2021-01-08T01:09:05.279Z,2021-01-08T01:09:05.279Z,10,買one boy 衝鋒衣就對了,0.0,M,fcu,https://www.dcard.tw/f/fcu/p/235130201,dcard,comment,買衝鋒衣就對了,"['買', '衝鋒衣', '就', '對了']","['買', '衝鋒衣', '對了']",[],neutral
109,f03bef67-3878-4ef8-92a8-b44071ad30bb,235130122,2021-01-07T09:14:49.408Z,2021-01-07T09:14:49.408Z,1,🙋‍♂️🙋‍♂️🙋‍♂️,0.0,M,fcu,https://www.dcard.tw/f/fcu/p/235130122,dcard,comment,,,[],[],neutral
110,7572d12c-48fa-4305-8ddf-78da0a179575,235130122,2021-01-07T10:42:43.430Z,2021-01-07T10:42:58.924Z,2,🙋🙋🙋,0.0,F,fcu,https://www.dcard.tw/f/fcu/p/235130122,dcard,comment,,,[],[],neutral
111,0ceb8b8f-56a6-43b8-aafd-a973b221fc65,235130122,2021-01-07T10:53:48.686Z,2021-01-07T10:53:48.686Z,3,到了 挺舉抓舉不會其他都會,0.0,M,fcu,https://www.dcard.tw/f/fcu/p/235130122,dcard,comment,到了挺舉抓舉不會其他都會,"['到', '了', '挺舉', '抓舉', '不會', '其他', '都', '會']","['挺舉', '抓舉']",[],negative
112,2e16309e-4765-47b6-87b5-806b17c24256,235130122,2021-01-07T14:15:59.338Z,2021-01-07T14:15:59.338Z,4,"推推逢甲大學體育館的私人教練課！
很棒！也比較便宜！有興趣可以去體育館櫃檯問問喔",2.0,M,fcu,https://www.dcard.tw/f/fcu/p/235130122,dcard,comment,推推逢甲大學體育館的私人教練課很棒也比較便宜有興趣可以去體育館櫃檯問問喔,"['推推', '逢甲', '大學', '體育館', '的', '私人', '教練課', '很', '棒', '也', '比較', '便宜', '有', '興趣', '可以', '去', '體育館', '櫃檯', '問問', '喔']","['推推', '逢甲', '大學', '體育館', '私人', '教練課', '棒', '比較', '便宜', '興趣', '體育館', '櫃檯', '問問']",[],positive
113,99030968-bbf4-423f-8181-9976ec0137bf,235130122,2021-01-07T15:35:48.149Z,2021-01-07T15:35:48.149Z,5,B1 B2 ？整個不懂意思哈哈哈,0.0,F,fcu,https://www.dcard.tw/f/fcu/p/235130122,dcard,comment,整個不懂意思哈哈哈,"['整個', '不', '懂', '意思', '哈', '哈哈']","['整個', '懂', '意思']",[],positive
114,9bb31b56-7c17-4b5f-9fff-2db57705cc12,235130122,2021-01-07T15:36:30.410Z,2021-01-07T15:36:30.410Z,6,B3 這個是⋯ 你是教練的意思嗎⋯？,0.0,F,fcu,https://www.dcard.tw/f/fcu/p/235130122,dcard,comment,這個是你是教練的意思嗎,"['這', '個', '是', '你', '是', '教練', '的', '意思', '嗎']","['教練', '意思']",[],neutral
115,da20e800-a98d-49db-8d3c-cdab3deef6b4,235130122,2021-01-07T15:37:17.609Z,2021-01-07T15:37:17.609Z,7,B4 好的好的 謝謝你 我來逢甲3年了還不知道原來我們學校健身房也可以買教練課,0.0,F,fcu,https://www.dcard.tw/f/fcu/p/235130122,dcard,comment,好的好的謝謝你我來逢甲年了還不知道原來我們學校健身房也可以買教練課,"['好', '的', '好', '的', '謝謝', '你我', '來', '逢甲年', '了', '還', '不', '知道', '原來', '我們', '學校', '健身房', '也', '可以', '買', '教練', '課']","['好', '好', '謝謝', '你我', '逢甲年', '知道', '原來', '學校', '健身房', '買', '教練', '課']",[],positive
116,0f2b0d12-0982-4c57-a49f-7d177b37ac7d,235130122,2021-01-07T15:52:50.573Z,2021-01-07T15:52:50.573Z,8,我教你🤣B5,0.0,M,fcu,https://www.dcard.tw/f/fcu/p/235130122,dcard,comment,我教你,"['我', '教', '你']",['教'],[],neutral
117,6b38da78-f47c-4482-828f-0d2c4e814846,235130122,2021-01-07T16:13:49.713Z,2021-01-07T16:13:49.713Z,9,B6 以後想考4大證照 目前只有爛大街的C級證照而已 s:170 b:115 d:200 bw:85kg,0.0,M,fcu,https://www.dcard.tw/f/fcu/p/235130122,dcard,comment,以後想考大證照目前只有爛大街的級證照而已,"['以後', '想考大', '證照', '目前', '只有', '爛', '大街', '的', '級', '證照', '而已']","['以後', '想考大', '證照', '目前', '爛', '大街', '級', '證照']",[],neutral
118,0bee95f4-ebed-4cdd-ac29-dbe6018b8f26,235130122,2021-01-08T01:37:11.841Z,2021-01-08T01:37:11.841Z,10,B4 B9 學校體育館櫃檯人員有在販售課程嗎？,0.0,M,fcu,https://www.dcard.tw/f/fcu/p/235130122,dcard,comment,學校體育館櫃檯人員有在販售課程嗎,"['學校', '體育館', '櫃檯', '人員', '有', '在', '販售', '課程', '嗎']","['學校', '體育館', '櫃檯', '人員', '販售', '課程']",[],neutral
119,cea509b1-d87e-43f7-bbe8-2ebc423ca26b,235130122,2021-01-08T01:55:25.815Z,2021-01-08T01:55:25.815Z,11,B10 不知道 我外面練的 你請學校的應該也不會教三項或舉重之類的 頂多教你怎各部位掌握發力而已 建議找外面的專業教練,0.0,M,fcu,https://www.dcard.tw/f/fcu/p/235130122,dcard,comment,不知道我外面練的你請學校的應該也不會教三項或舉重之類的頂多教你怎各部位掌握發力而已建議找外面的專業教練,"['不', '知道', '我', '外面', '練', '的', '你', '請', '學校', '的', '應該', '也', '不會', '教', '三', '項', '或', '舉重', '之類', '的', '頂多', '教', '你', '怎', '各', '部位', '掌握', '發力', '而已', '建議', '找', '外面', '的', '專業', '教練']","['知道', '外面', '練', '請', '學校', '應該', '教', '項', '舉重', '教', '部位', '掌握', '發力', '建議', '找', '外面', '專業', '教練']",[],positive
120,a643d976-5711-4fde-a6f7-51ab7f348598,235130122,2021-01-08T03:43:23.469Z,2021-01-08T03:43:23.469Z,12,"原po有想要買學校健身房的私教課嗎？
我目前有買8堂已經上完6堂，想要再買，聽教練說可以買30堂的跟別人share會划算很多(一堂攤下來好像是800up)
我在找人跟我分啦😂",0.0,F,fcu,https://www.dcard.tw/f/fcu/p/235130122,dcard,comment,原有想要買學校健身房的私教課嗎我目前有買堂已經上完堂想要再買聽教練說可以買堂的跟別人會划算很多一堂攤下來好像是我在找人跟我分啦,"['原有', '想要', '買', '學校', '健身房', '的', '私', '教課', '嗎', '我', '目前', '有', '買', '堂', '已經', '上完', '堂', '想要', '再', '買', '聽', '教練', '說', '可以', '買', '堂', '的', '跟', '別人', '會', '划算', '很多', '一', '堂', '攤', '下來', '好像', '是', '我', '在', '找', '人', '跟', '我', '分', '啦']","['原有', '想要', '買', '學校', '健身房', '私', '教課', '目前', '買', '堂', '已經', '上完', '堂', '想要', '再', '買', '聽', '教練', '說', '買', '堂', '划算', '堂', '攤', '下來', '好像', '找', '人', '分']",[],positive
121,f4b76515-7b14-40a4-95b9-907578160ab5,235130122,2021-01-08T03:55:55.495Z,2021-01-08T03:55:55.495Z,13,我教你 不用錢 代價是 陪我過聖誕節,0.0,M,fcu,https://www.dcard.tw/f/fcu/p/235130122,dcard,comment,我教你不用錢代價是陪我過聖誕節,"['我', '教', '你', '不用', '錢', '代價', '是', '陪', '我', '過', '聖誕節']","['教', '不用', '錢', '代價', '陪', '聖誕節']",[],negative
122,2f16f8ac-ea53-43e5-90d6-9906f8fc3cc8,235129848,2021-01-07T10:24:11.546Z,2021-01-07T10:24:11.546Z,1,"今天是期末考呀！！！我三點考完就走了餒
所以妳去的時候應該是大家都考完了🥺",0.0,F,fcu,https://www.dcard.tw/f/fcu/p/235129848,dcard,comment,今天是期末考呀我三點考完就走了餒所以妳去的時候應該是大家都考完了,"['今天', '是', '期末考', '呀', '我', '三點', '考完', '就', '走', '了', '餒', '所以', '妳', '去', '的', '時候', '應該', '是', '大家', '都', '考完', '了']","['今天', '期末考', '三點', '考完', '走', '餒', '妳', '應該', '考完']",[],neutral
123,d36e65b3-c1c2-48b1-ab9c-86528bac16d7,235129848,2021-01-07T13:00:05.509Z,2021-01-07T13:00:05.509Z,2,明年見囉,0.0,F,fcu,https://www.dcard.tw/f/fcu/p/235129848,dcard,comment,明年見囉,"['明年', '見', '囉']","['明年', '囉']",[],neutral
124,9db8cd7c-f03f-4b7b-8dab-668a8ee43332,235128846,2021-01-07T05:10:30.141Z,2021-01-07T05:10:30.141Z,1,會呦,4.0,M,fcu,https://www.dcard.tw/f/fcu/p/235128846,dcard,comment,會呦,"['會', '呦']",['呦'],[],neutral
125,3495d963-53c9-44ec-877c-1c8b3f35034f,235128846,2021-01-07T05:17:44.604Z,2021-01-07T05:17:44.604Z,2,怕什麼 有義守在都好處理,3.0,M,fcu,https://www.dcard.tw/f/fcu/p/235128846,dcard,comment,怕什麼有義守在都好處理,"['怕', '什麼', '有義', '守', '在', '都', '好', '處理']","['有義', '守', '好', '處理']",[],neutral
126,0a3802ef-68c6-4f79-a52f-7be4c6aa9336,235128846,2021-01-07T05:22:09.221Z,2021-01-07T05:22:09.221Z,3,B1 大概什麼時候會寄？,0.0,M,fcu,https://www.dcard.tw/f/fcu/p/235128846,dcard,comment,大概什麼時候會寄,"['大概', '什麼', '時候', '會', '寄']",['寄'],[],neutral
127,7d519247-6606-4b9c-a224-4c3d5963bcfb,235128846,2021-01-07T06:09:10.673Z,2021-01-07T06:09:10.673Z,4,B3 實際時間還沒出來 但應該1/25左右,1.0,M,fcu,https://www.dcard.tw/f/fcu/p/235128846,dcard,comment,實際時間還沒出來但應該左右,"['實際', '時間', '還', '沒', '出來', '但', '應該', '左右']","['實際', '時間', '應該', '左右']",[],positive
128,e0f76939-fd4b-42a2-9e85-b407631edd23,235128846,2021-01-07T06:36:37.375Z,2021-01-07T06:36:37.375Z,5,好爽瘋狂缺考,0.0,M,fcu,https://www.dcard.tw/f/fcu/p/235128846,dcard,comment,好爽瘋狂缺考,"['好', '爽', '瘋狂', '缺考']","['好', '爽', '瘋狂', '缺考']",[],positive
129,bb1eb7e7-5004-440c-aca4-87e348ba452e,235128846,2021-01-07T06:44:43.036Z,2021-01-07T06:44:43.036Z,6,"https://i.imgur.com/f1bWplf.jpg
好像是1/27寄",3.0,F,fcu,https://www.dcard.tw/f/fcu/p/235128846,dcard,comment,好像是寄,"['好像', '是', '寄']","['好像', '寄']",[],neutral
130,3057879c-363c-4e87-90d1-cee77d0484ee,235128846,2021-01-07T06:56:39.748Z,2021-01-07T06:56:39.748Z,7,都大學了朋友,0.0,M,fcu,https://www.dcard.tw/f/fcu/p/235128846,dcard,comment,都大學了朋友,"['都', '大學', '了', '朋友']","['大學', '朋友']",[],neutral
131,ead277d7-1cb8-4626-97ae-eed12f55a715,235128846,2021-01-07T06:57:00.129Z,2021-01-07T06:57:00.129Z,8,B7 大學了爸媽還是爸媽啊,1.0,M,fcu,https://www.dcard.tw/f/fcu/p/235128846,dcard,comment,大學了爸媽還是爸媽啊,"['大學', '了', '爸媽', '還是', '爸媽', '啊']","['大學', '爸媽', '爸媽']",[],neutral
132,ba02e2c5-27f1-4a47-8685-93d1fc3be033,235128846,2021-01-07T07:08:56.165Z,2021-01-07T07:08:56.165Z,9,我猜流力,0.0,M,fcu,https://www.dcard.tw/f/fcu/p/235128846,dcard,comment,我猜流力,"['我', '猜流', '力']","['猜流', '力']",[],neutral
133,27fd1308-a5bb-4a6f-a745-fa5da6e6ee19,235128846,2021-01-07T07:09:46.258Z,2021-01-07T07:09:46.258Z,10,B9 錯是微積分,0.0,M,fcu,https://www.dcard.tw/f/fcu/p/235128846,dcard,comment,錯是微積分,"['錯', '是', '微積分']","['錯', '微積分']",[],neutral
134,03bd9214-ffb9-463f-9017-6c31ce8d58b9,235128846,2021-01-07T08:25:35.482Z,2021-01-07T08:25:35.482Z,11,怎樣才會被退學通知,0.0,M,fcu,https://www.dcard.tw/f/fcu/p/235128846,dcard,comment,怎樣才會被退學通知,"['怎樣', '才', '會', '被', '退學', '通知']","['退學', '通知']",[],negative
135,7f548cc7-a62e-47e2-a72d-cc1100ed6559,235128846,2021-01-07T08:57:27.104Z,2021-01-07T08:57:27.104Z,12,"一年級好像會直接寄回家
二年級之後就可以改地址了",0.0,M,fcu,https://www.dcard.tw/f/fcu/p/235128846,dcard,comment,一年級好像會直接寄回家二年級之後就可以改地址了,"['一年級', '好像', '會', '直接', '寄回', '家', '二年級', '之後', '就', '可以', '改', '地址', '了']","['一年級', '好像', '直接', '寄回', '家', '二年級', '之後', '改', '地址']",[],neutral
136,eb77d585-b8ec-4625-9722-da1d283b6aad,235128846,2021-01-07T09:49:47.370Z,2021-01-07T09:49:47.370Z,13,笑死 看來毛還沒長齊,2.0,M,fcu,https://www.dcard.tw/f/fcu/p/235128846,dcard,comment,笑死看來毛還沒長齊,"['笑死', '看來', '毛', '還', '沒', '長', '齊']","['笑死', '毛', '長']",[],positive
137,f799e43b-1ef0-4a62-ba12-b0cc7c43bd6e,235128846,2021-01-07T10:17:28.578Z,2021-01-07T10:17:28.578Z,14,上次我要改系統說要去找教官,0.0,M,fcu,https://www.dcard.tw/f/fcu/p/235128846,dcard,comment,上次我要改系統說要去找教官,"['上', '次', '我', '要', '改', '系統', '說', '要', '去', '找', '教官']","['次', '改', '系統', '說', '找', '教官']",[],neutral
138,56002e03-58fa-4385-ac34-cc05331c6ef2,235128846,2021-01-07T11:01:02.397Z,2021-01-07T11:01:14.289Z,15,學校會寄簡訊給你爸媽說你缺考 你完蛋了,2.0,M,fcu,https://www.dcard.tw/f/fcu/p/235128846,dcard,comment,學校會寄簡訊給你爸媽說你缺考你完蛋了,"['學校', '會', '寄', '簡訊', '給', '你', '爸媽', '說', '你', '缺考', '你', '完蛋', '了']","['學校', '寄', '簡訊', '爸媽', '說', '缺考', '完蛋']",[],negative
139,5c35ec7e-4ac2-4284-a070-aad8e1aa6c4f,235128846,2021-01-07T12:39:47.399Z,2021-01-07T12:40:45.475Z,16,微積分都可以被當，可以考慮休學了,4.0,M,fcu,https://www.dcard.tw/f/fcu/p/235128846,dcard,comment,微積分都可以被當可以考慮休學了,"['微積分', '都', '可以', '被', '當', '可以', '考慮', '休學', '了']","['微積分', '考慮', '休學']",[],positive
140,262e43a9-6413-4809-a49e-f1e7ece8760f,235128846,2021-01-07T14:21:38.361Z,2021-01-07T14:21:54.905Z,17,會寄回家 真的沒在亂,0.0,M,fcu,https://www.dcard.tw/f/fcu/p/235128846,dcard,comment,會寄回家真的沒在亂,"['會', '寄回', '家', '真的', '沒', '在', '亂']","['寄回', '家', '真的', '亂']",[],neutral
141,0ff939c5-07bd-49cc-9cc6-ed1b12d79424,235128846,2021-01-07T14:28:50.383Z,2021-01-07T14:28:50.383Z,18,微積分也能被當,0.0,M,fcu,https://www.dcard.tw/f/fcu/p/235128846,dcard,comment,微積分也能被當,"['微積分', '也', '能', '被', '當']",['微積分'],[],neutral
142,ceb7a854-3ba9-4ce5-9515-8d606f7c9d0f,235128846,2021-01-07T15:18:58.872Z,2021-01-07T15:19:16.676Z,19,微積分在工數裡就像加減乘除,1.0,M,fcu,https://www.dcard.tw/f/fcu/p/235128846,dcard,comment,微積分在工數裡就像加減乘除,"['微積分', '在', '工數', '裡', '就', '像', '加減乘除']","['微積分', '工數', '裡', '加減乘除']",[],neutral
143,d5f894cd-ebd3-43b7-838d-463b5f628f9d,235128846,2021-01-07T15:45:33.110Z,2021-01-07T15:45:33.110Z,20,對不起 我就是微積分被當QQ,0.0,F,fcu,https://www.dcard.tw/f/fcu/p/235128846,dcard,comment,對不起我就是微積分被當,"['對不起', '我', '就是', '微積分', '被', '當']","['對不起', '微積分']",[],negative
144,0d240042-932a-4d04-94d9-bfa3ea1f49ad,235128846,2021-01-07T15:45:49.910Z,2021-01-07T15:45:49.910Z,21,True B19,0.0,M,fcu,https://www.dcard.tw/f/fcu/p/235128846,dcard,comment,,,[],[],neutral
145,344bf2ac-1c96-42cd-8812-6cd6cc19ed23,235128846,2021-01-07T16:14:22.418Z,2021-01-07T16:14:22.418Z,22,真的 微積分能被當真的可以下去了==,0.0,M,fcu,https://www.dcard.tw/f/fcu/p/235128846,dcard,comment,真的微積分能被當真的可以下去了,"['真的', '微積分', '能', '被', '當真', '的', '可以', '下去', '了']","['真的', '微積分', '下去']",[],neutral
146,21c019dc-6b11-4347-a1b1-84f29ebaff3e,235128846,2021-01-08T03:00:48.303Z,2021-01-08T03:00:48.303Z,23,大學不適合你,0.0,M,fcu,https://www.dcard.tw/f/fcu/p/235128846,dcard,comment,大學不適合你,"['大學', '不', '適合', '你']","['大學', '適合']",[],positive
147,abe01340-ac0e-4ce8-b29a-1f97e42aa742,235128508,2021-01-07T04:32:30.082Z,2021-01-07T04:33:25.202Z,1,"4
平均成績要過80
然後要先預選完才能再加",3.0,M,fcu,https://www.dcard.tw/f/fcu/p/235128508,dcard,comment,平均成績要過然後要先預選完才能再加,"['平均', '成績', '要', '過', '然後', '要', '先', '預選', '完', '才能', '再', '加']","['平均', '成績', '先', '預選', '完', '再', '加']",[],positive
148,ce52c028-fe31-4d2c-af67-8bedc3b4ff4c,235128508,2021-01-07T09:42:20.012Z,2021-01-07T09:42:20.012Z,2,填的時候要小心不要被燙傷,1.0,F,fcu,https://www.dcard.tw/f/fcu/p/235128508,dcard,comment,填的時候要小心不要被燙傷,"['填', '的', '時候', '要', '小心', '不要', '被', '燙傷']","['填', '小心', '燙傷']",[],negative
149,3bc32d40-3285-4940-9f4c-69bf25a38925,235128508,2021-01-07T09:44:34.994Z,2021-01-07T09:44:34.994Z,3,哈哈為什麼B2,0.0,F,fcu,https://www.dcard.tw/f/fcu/p/235128508,dcard,comment,哈哈為什麼,"['哈哈', '為什麼']",[],[],positive
150,21fbf954-07f0-40d8-8c20-99712b1d290f,235128508,2021-01-07T09:47:15.324Z,2021-01-07T09:47:15.324Z,4,B2 ？,0.0,M,fcu,https://www.dcard.tw/f/fcu/p/235128508,dcard,comment,,,[],[],neutral
151,65e9a30e-2df7-408c-8dd1-116dc7eb3194,235128508,2021-01-07T09:58:43.136Z,2021-01-07T09:58:43.136Z,5,B3 超修(台語)會被燙到 🥴,0.0,F,fcu,https://www.dcard.tw/f/fcu/p/235128508,dcard,comment,超修台語會被燙到,"['超修', '台語', '會', '被', '燙到']","['超修', '台語', '燙到']",[],neutral
152,f55eba9e-7885-44a6-ac8c-284854ddf2b8,235128508,2021-01-07T12:48:07.035Z,2021-01-07T12:48:07.035Z,6,B5 冷到笑,0.0,M,fcu,https://www.dcard.tw/f/fcu/p/235128508,dcard,comment,冷到笑,"['冷到', '笑']","['冷到', '笑']",[],neutral
153,f4301ec1-783b-4375-9610-e3795f6226ae,235128508,2021-01-07T17:10:24.581Z,2021-01-07T17:10:24.581Z,7,B1 沒有這種規定,0.0,M,fcu,https://www.dcard.tw/f/fcu/p/235128508,dcard,comment,沒有這種規定,"['沒有', '這', '種', '規定']","['種', '規定']",[],negative
154,786e09b9-1d08-4f20-91fb-82721f4af23d,235128508,2021-01-07T17:58:31.080Z,2021-01-07T18:00:28.783Z,8,,,,fcu,https://www.dcard.tw/f/fcu/p/235128508,dcard,comment,,,[],[],neutral
155,56bf5285-cacb-4d05-bf75-767e7f0005c2,235128508,2021-01-07T18:00:20.790Z,2021-01-07T18:00:20.790Z,9,"B7 要看系欸，我知道航太就跟電機不一樣，所以還是要B0自己到系辦問
B0",0.0,M,fcu,https://www.dcard.tw/f/fcu/p/235128508,dcard,comment,要看系欸我知道航太就跟電機不一樣所以還是要自己到系辦問,"['要', '看', '系', '欸', '我', '知道', '航太', '就', '跟', '電機', '不', '一樣', '所以', '還是', '要', '自己', '到', '系辦', '問']","['系', '欸', '知道', '航太', '電機', '系辦', '問']",[],positive
156,26f65ab3-3056-458d-b44c-d93d0b7092e6,235128220,2021-01-07T15:17:23.460Z,2021-01-07T15:17:23.460Z,1,謝謝你🙏🏻,0.0,F,fcu,https://www.dcard.tw/f/fcu/p/235128220,dcard,comment,謝謝你,"['謝謝', '你']",['謝謝'],[],positive
157,07a0576b-70c1-4e25-85f3-d5e5c87915bc,235127954,2021-01-07T02:23:15.480Z,2021-01-07T02:23:15.480Z,1,"校門口小籠包早餐店不見了嗚嗚  https://www.dcard.tw/f/fcu/p/235112006?cid=C69FE8E5-CA12-4AB8-A852-A72848F72A0F
大哥爬個文好嗎",1.0,F,fcu,https://www.dcard.tw/f/fcu/p/235127954,dcard,comment,校門口小籠包早餐店不見了嗚嗚大哥爬個文好嗎,"['校門口', '小籠包', '早餐店', '不見了', '嗚嗚', '大哥', '爬', '個', '文', '好', '嗎']","['校門口', '小籠包', '早餐店', '不見了', '嗚嗚', '大哥', '爬', '文', '好']",[],neutral
158,d2ebd57c-b6e0-4f3c-9327-6b943f68c48a,235127889,2021-01-07T02:22:34.435Z,2021-01-07T02:22:34.435Z,1,有,1.0,M,fcu,https://www.dcard.tw/f/fcu/p/235127889,dcard,comment,有,有,[],[],neutral
159,35ec4ac0-9ab3-4808-8e62-b7a602e65ccc,235127889,2021-01-07T02:24:49.460Z,2021-01-07T02:24:49.460Z,2,B1 水 是幾人房,1.0,M,fcu,https://www.dcard.tw/f/fcu/p/235127889,dcard,comment,水是幾人房,"['水', '是', '幾', '人', '房']","['水', '人', '房']",[],neutral
160,b9d4c2db-c407-43ca-90b7-c3cca0510bf7,235127889,2021-01-07T02:25:22.641Z,2021-01-07T02:25:22.641Z,3,B2 4人房,1.0,M,fcu,https://www.dcard.tw/f/fcu/p/235127889,dcard,comment,人房,"['人', '房']","['人', '房']",[],neutral
161,5c75358d-869f-428d-a5b6-6a5eee032bd1,235127889,2021-01-07T02:30:08.366Z,2021-01-07T02:30:08.366Z,4,水啦,1.0,M,fcu,https://www.dcard.tw/f/fcu/p/235127889,dcard,comment,水啦,"['水', '啦']",['水'],[],neutral
162,3bef4001-79ef-4d12-9578-4925122328e5,235127889,2021-01-07T02:41:20.223Z,2021-01-07T02:41:20.223Z,5,B4 騙你的才沒有要退,4.0,M,fcu,https://www.dcard.tw/f/fcu/p/235127889,dcard,comment,騙你的才沒有要退,"['騙', '你', '的', '才', '沒有', '要', '退']","['騙', '退']",[],negative
163,a2647e4b-d15f-42f1-8acb-241d58b93029,235127889,2021-01-07T05:53:36.715Z,2021-01-07T05:53:36.715Z,6,B5 雞掰人 但我喜歡,1.0,M,fcu,https://www.dcard.tw/f/fcu/p/235127889,dcard,comment,雞掰人但我喜歡,"['雞', '掰', '人', '但', '我', '喜歡']","['雞', '掰', '人', '喜歡']",[],positive
164,e28325e5-b03b-44ac-858d-0dc639a5d7f5,235127889,2021-01-07T10:07:50.957Z,2021-01-07T10:08:07.075Z,7,"想退 但我不想被扣保證金跟補繳費
你幫我出我就退",0.0,M,fcu,https://www.dcard.tw/f/fcu/p/235127889,dcard,comment,想退但我不想被扣保證金跟補繳費你幫我出我就退,"['想', '退', '但', '我', '不', '想', '被', '扣', '保證金', '跟', '補', '繳費', '你', '幫', '我', '出', '我', '就', '退']","['想', '退', '想', '扣', '保證金', '補', '繳費', '幫', '退']",[],neutral
165,0e88a083-675c-472a-9d12-2e179adcebd8,235127889,2021-01-07T10:27:58.931Z,2021-01-07T10:27:58.931Z,8,B7 老鐵這樣不行,0.0,M,fcu,https://www.dcard.tw/f/fcu/p/235127889,dcard,comment,老鐵這樣不行,"['老鐵', '這樣', '不行']","['老鐵', '不行']",[],neutral
166,45306be7-2125-4604-88ed-a23f2cb64fc7,235127889,2021-01-07T12:03:50.148Z,2021-01-07T12:03:50.148Z,9,女宿一堆空房欸,0.0,F,fcu,https://www.dcard.tw/f/fcu/p/235127889,dcard,comment,女宿一堆空房欸,"['女宿', '一', '堆', '空房', '欸']","['女宿', '堆', '空房', '欸']",[],neutral
